#,Authors,Title,Year,Journal,DOI,Document_Type
1,ABDULLAH W; TARIHORAN N; SUPARDI S; SAENONG F; WASEHUDIN W; SYARIFUDDIN E; FAUZI A; MAMUR I,Advancing sustainable islamic management education through education for sustainable development,2026,DISCOVER SUSTAINABILITY,10.1007/s43621-025-02571-1,ARTICLE
2,AMBALLOOR RG; NAIK SB,Transforming Higher Education for Sustainable Development,2026,INNOVATION STRATEGIES AND THE SUSTAINABLE DEVELOPMENT GOALS: A BLUEPRINT FOR SUSTAINABLE TRANSFORMATION,10.4324/9781003538141-13,BOOK CHAPTER
3,AMUNDRUD A; OMLAND M,Design thinking as an approach to teaching sustainability in higher education: fostering interdisciplinary dialogue and co-creation,2026,INTERNATIONAL JOURNAL OF SUSTAINABILITY IN HIGHER EDUCATION,10.1108/ijshe-07-2025-0751,ARTICLE
4,BARIMO JF; OMAHONY C; MULLALLY G; BYRNE E; REIDY D; KIRRANE M,Integrating Sustainability Across University Curricula: Creating a Dynamic Pan-Disciplinary Framework and Open-Source Materials,2026,WORLD SUSTAINABILITY SERIES,10.1007/978-3-032-00361-4_56,BOOK CHAPTER
5,BISHR EM; BARGHOUT MF; ISMAIL GA; FETOHY EM; EL-ZOKA AH,Effectiveness of an educational program on improving the knowledge and practice of environmental sustainability in dentistry among undergraduate students at Faculty of Dentistry in Egypt: an interventional study,2026,BMC MEDICAL EDUCATION,10.1186/s12909-025-08137-z,ARTICLE
6,BOWDEN R; KONDRATJUK M,“Sustainability is more than saving water” – learning for sustainability through a whole institution process in university teacher education,2026,INTERNATIONAL JOURNAL OF SUSTAINABILITY IN HIGHER EDUCATION,10.1108/ijshe-09-2024-0604,ARTICLE
7,COTTON DRE; WINTER J; DAVIS JS; LINDSEY-TURNER O,Sustainability in business and economics education in South African universities: Whose agenda is it?,2026,INTERNATIONAL JOURNAL OF EDUCATIONAL RESEARCH OPEN,10.1016/j.ijedro.2025.100531,ARTICLE
8,CRAL SARCA H,From university social responsibility to sustainable development: making sense of service learning through digital storytelling as areflective practice,2026,INTERNATIONAL JOURNAL OF SUSTAINABILITY IN HIGHER EDUCATION,10.1108/ijshe-09-2025-1097,ARTICLE
9,DE LEMOS ESTEVES F; MAES E; MAYEUR B; FASSOTTE F; NEUPREZ P; MERTENS S; DOZO BO; DEFAWEUX V,"Raising Awareness on Sustainability Through Digital Learning: An Institutional SPOC for All Newly Admitted Students, Moving Towards a MOOC Perspective",2026,LECTURE NOTES IN COMPUTER SCIENCE,10.1007/978-3-032-00056-9_16,ARTICLE; PROCEEDINGS PAPER
10,DURAN MKL; MARINAS KAA; YOUNG MN; VILLANUEVA RC,Modeling Filipino Educators' Intentions to Integrate Sustainability Topics in Higher Education Using a Hybrid SEM-ANN,2026,SUSTAINABLE FUTURES,10.1016/j.sftr.2026.101680,ARTICLE
11,JING N; HASSAN Z,"SUSTAINABLE LEADERSHIP IN HIGHER EDUCATION: INTEGRATING LITERACY, BEHAVIORAL, AND INSTITUTIONAL SUPPORT IN MALAYSIAN PUBLIC UNIVERSITIES",2026,MALAYSIAN ONLINE JOURNAL OF EDUCATIONAL MANAGEMENT,nan,ARTICLE
12,LIN L; CHINEDU CC; NKWOCHA PP,Optimizing sustainability literacy in engineering education: a two-stage SEM-neural network investigation of curriculum drivers on sustainability literacy among engineering students,2026,INTERNATIONAL JOURNAL OF SUSTAINABILITY IN HIGHER EDUCATION,10.1108/ijshe-06-2025-0510,ARTICLE
13,MAMMADOVA A; MATIAS DM; AFFUL BEB; DONKOH RF; HARADA S; MONDEN S,Empowering student-led exchanges in biosphere reserves and geoparks: A policy framework for sustainable education in multiple UNESCO designated areas,2026,CURRENT RESEARCH IN ENVIRONMENTAL SUSTAINABILITY,10.1016/j.crsust.2025.100332,ARTICLE
14,MOHD ZAIN FA; WAN ABDULLAH WA; JAFFAR R; SHAHARUDDIN S,Integrating data analytics into accounting curricula: a pathway to SDG achievement in Malaysian higher education,2026,INTERNATIONAL JOURNAL OF SUSTAINABILITY IN HIGHER EDUCATION,10.1108/ijshe-08-2025-0875,ARTICLE
15,MORALES-CASETTI M; RAMIREZ-VALDIVIA M,Incorporation of the SDGs in the industrial engineering curriculum and its contribution to the institutional educational model,2026,INTERNATIONAL JOURNAL OF SUSTAINABILITY IN HIGHER EDUCATION,10.1108/ijshe-04-2024-0265,ARTICLE
16,SATTICH TM; STEDRONSKY S; AS B,Promoting sustainability through competencies? An explorative case study on sustainability education in Norway,2026,JOURNAL OF ASIAN PUBLIC POLICY,10.1080/17516234.2024.2363087,ARTICLE
17,SZENNAY A; CSILLAG S; SZEGEDI K; GYORI Z,Sustainability as a Leading Principle of a University: The Case of Budapest University of Economics and Business,2026,WORLD SUSTAINABILITY SERIES,10.1007/978-3-032-00361-4_11,BOOK CHAPTER
18,TOMBLESON B; WOLF K,Equipping Future Business Leaders: The Role of Work-Integrated Learning in Sustainability,2026,THE SUSTAINABLE DEVELOPMENT GOALS AND THE BUSINESS SECTOR: TRENDS AND IMPLEMENTATION CHALLENGES,10.1108/978-1-83608-134-020261011,BOOK CHAPTER
19,TRNK S; ALMA MH; ALTIKAT S; GULBE A; ALTIKAT A,Sustainable Endeavors at a Turkish University: A UI GreenMetric Exploration,2026,WORLD SUSTAINABILITY SERIES,10.1007/978-3-032-00361-4_21,BOOK CHAPTER
20,TUSHAR H; AHAMED FAS; NARGIS S,Sustainable Development in Action: International University of Business Agriculture and Technology’s Path to a Greener Future,2026,WORLD SUSTAINABILITY SERIES,10.1007/978-3-032-00361-4_27,BOOK CHAPTER
21,WALL T; OSTERLIND E; LEHTONEN A; KHALAIM O; FRIES J; HALLGREN E; PIASECKA S,Drama as a transformational capability of sustainability science,2026,SUSTAINABILITY SCIENCE,10.1007/s11625-025-01751-2,ARTICLE
22,YU CY; NGUYEN TH; NGUYEN HT,Iterative competency development in professional education for sustainability: a Kolb-informed framework for transformative learning in higher education,2026,ASIAN EDUCATION AND DEVELOPMENT STUDIES,10.1108/aeds-08-2025-0416,ARTICLE
23,ZAIN FAM; MUHAMAD SF; HARON HIC,Future-ready accountants for climate action and governance: embedding analytics and SDGs in higher education,2026,JOURNAL OF INTERNATIONAL EDUCATION IN BUSINESS,10.1108/jieb-08-2025-0111,ARTICLE
24,ZHONG F; MA X; JIANG X; MAO Y; LYU X,Sustainable development education's pathways and influencing factors for enhancing sustainability behaviors: a survey of Chinese university students,2026,INTERNATIONAL JOURNAL OF SUSTAINABILITY IN HIGHER EDUCATION,10.1108/ijshe-03-2024-0213,ARTICLE
25,ZIRAKIAN T,Integrating sustainability and research publication in civil engineering capstone education: a longitudinal work-integrated learning model,2026,"HIGHER EDUCATION, SKILLS AND WORK-BASED LEARNING",10.1108/heswbl-10-2025-0481,ARTICLE
26,ABDILDAULY A; BAKHTAULOVA AS; MUKASHEVA DM; HAAS M,Education for sustainable development: Comparative analysis of internship programs in preparing biology teachers,2025,IOP CONFERENCE SERIES: EARTH AND ENVIRONMENTAL SCIENCE,10.1088/1755-1315/1544/1/012015,ARTICLE; PROCEEDINGS PAPER
27,ADEBO A; ALADELUSI K,Spatial examination of sustainability literacy: the interplay of campus greenness and students' values,2025,INTERNATIONAL JOURNAL OF SUSTAINABILITY IN HIGHER EDUCATION,10.1108/ijshe-04-2025-0366,ARTICLE
28,ADILOV Z; TAJIBAEV J; RASUL-ZADE L; TURSUNOV M; MAMADIYAROV Z; ABDULLAYEV D,Exploring Virtual Reality and Digital Twin Technologies for Sustainable Construction Training in Higher Education,2025,E3S WEB OF CONFERENCES,10.1051/e3sconf/202568000131,ARTICLE; PROCEEDINGS PAPER
29,AHMAD N; IBAHRINE M,From Practice to Professional Growth: Embedding Sustainability in Faculty Development Through the CoDesignS Framework,2025,SUSTAINABILITY,10.3390/su172411051,ARTICLE
30,AHMAD N,Global Learning and Cultural Responsiveness in STEM Education: Case Study Insights from the UAE,2025,JOURNAL OF COMPARATIVE AND INTERNATIONAL HIGHER EDUCATION,nan,ARTICLE
31,AL-HAZAIMA H; LOW M; SHARMA U,The integration of education for sustainable development into accounting education: stakeholders' salience perspectives,2025,"JOURNAL OF PUBLIC BUDGETING, ACCOUNTING AND FINANCIAL MANAGEMENT",10.1108/jpbafm-06-2023-0105,ARTICLE
32,ALVAREZ-VANEGAS A; RIECKMANN M; PEREZ ML; VOLANTE L; AGUIRRE PM,Empowering university teachers for education for sustainable development: the impact of a massive open online course,2025,ENVIRONMENTAL EDUCATION RESEARCH,10.1080/13504622.2025.2585868,ARTICLE
33,BALAKRISHNAN B; FEDOROVA N; UGAP C,Sustainability and sustainable development values in creative practices among design undergraduates of Russia and Malaysia,2025,INTERNATIONAL JOURNAL OF SUSTAINABILITY IN HIGHER EDUCATION,10.1108/ijshe-10-2023-0511,ARTICLE
34,BALAKRISHNAN B; CHUA YL; UGAP C,Participatory research strategy in creating climate change awareness campaign to community: Malaysian undergraduates' experiences,2025,INTERNATIONAL JOURNAL OF SUSTAINABILITY IN HIGHER EDUCATION,10.1108/ijshe-09-2024-0608,ARTICLE
35,BALAN IM; TRASCA TI; OCNEAN M; HORABLAGA A; MATEOC-SIRB N; SALASAN C; TIU JV; RADOI BP; LILE RA; FIRU NEGOESCU GA,Connecting SDG 2: Zero Hunger with the Other SDGs—Teaching Food Security and the SDGs Interdependencies in Higher Education,2025,SUSTAINABILITY,10.3390/su17167496,ARTICLE
36,BARROS-GUERRERO E; BUENO-LUGO AF,Sustainability and Higher Education: Latin American Perspectives,2025,THE EMERALD HANDBOOK OF SUSTAINABLE ENERGY TRANSITION AND SOCIAL JUSTICE: CONTEMPORARY ISSUES AND DEBATES IN THE GLOBAL SOUTH,10.1108/978-1-83708-812-620251010,ARTICLE
37,BARTOLOME-QUEVEDO L; CAMPOS-RODRIGUEZ JM; DE BLAS I; CALLEJA-DUQUE M; ALVAREZ-ANTELO D; PARRADO-HERNANDO G,Evaluating the Effectiveness of Interactive Learning through Simulation Games for Climate Action and Energy Transition,2025,"COLLOQUIUM IN INFORMATION SCIENCE AND TECHNOLOGY, CIST",10.1109/cist65886.2025.11224234,ARTICLE; PROCEEDINGS PAPER
38,BEVAN WJ,A Bottom-Up Approach to Embedding Education for Sustainable Development: Changes to Teaching and Assessment,2025,EMBEDDING SUSTAINABILITY IN BUILT ENVIRONMENT CURRICULA: OPPORTUNITIES AND CHALLENGES,10.1007/978-3-031-96909-6_5,BOOK CHAPTER
39,BIRDMAN J; CELIK H; PANDAROVA I; BARRON A; BENITT N; SCHMIDT T,Connecting Sustainability and Culture: Building Competencies Through Virtual Exchange,2025,WORLD SUSTAINABILITY SERIES,10.1007/978-3-031-80434-2_40,BOOK CHAPTER
40,BLANCO FONTAO CB; FERREIRA C; ARIAS-GAGO AR; MARIN A; BERARDI AM; VIDAL J,The inclusion of Education for Sustainable Development at university: a comparative between Spain and France,2025,REVISTA ESPANOLA DE EDUCACION COMPARADA,10.5944/reec.49.2026.45168,ARTICLE
41,BOMAN J; OMRCEN E; WELDEMARIAM K; HANNING A; LODIN J,"Building learning pathways to enhance education for sustainable development (ESD), quality and relevance",2025,INTERNATIONAL JOURNAL OF SUSTAINABILITY IN HIGHER EDUCATION,10.1108/ijshe-10-2024-0764,ARTICLE
42,BOMAN J; OMRCEN E; WELDEMARIAM K,Different Ways to Develop Sustainability Competences—Experiences from the University of Gothenburg,2025,WORLD SUSTAINABILITY SERIES,10.1007/978-3-031-80380-2_8,BOOK CHAPTER
43,BORSARI B,Student-Centered Teaching for Sustainability Education in an Introductory Biology Course at Winona State University: A Case-Study,2025,WORLD SUSTAINABILITY SERIES,10.1007/978-3-031-86985-3_3,BOOK CHAPTER
44,BRAITHWAITE N; TRENCHER L,"A Green Community for Change, Through Sustainable Development and Entrepreneurship in the Fashion Business Curriculum",2025,WORLD SUSTAINABILITY SERIES,10.1007/978-3-031-80434-2_16,BOOK CHAPTER
45,BRASSLER M,Interdisciplinary learning for corporate social responsibility and sustainability across business and psychology,2025,DISCOVER SUSTAINABILITY,10.1007/s43621-025-02078-9,ARTICLE
46,BROERMANN M; KUUSALU SR; MAIJALA M,Transformative Language Teaching Practices for Sustainability Among Adult L2 Learners of Swedish in a German University: The Case Study as a Teaching Method,2025,TRANSFORMATIVE LANGUAGE TEACHING FOR SUSTAINABILITY: FROM THEORY TO PRACTICE,10.1007/978-3-031-85493-4_7,BOOK CHAPTER
47,CANO-ORTIZ A; PINAR-FUENTES JC; MUSARELLA CM; PENA-MARTINEZ J,Education for Environmental Sustainability Component: Innovative Strategies for Experiential Learning in Natural Contexts,2025,EDUCATION SCIENCES,10.3390/educsci15060697,ARTICLE
48,CARSTENSEN MB; IBSEN CL; JENSEN IMN; LUND-SRENSEN B,Mapping Green Skills in Collective Skill Formation Systems: A Natural Language Processing Analysis of Danish Vocational Education and Training,2025,REGULATION AND GOVERNANCE,10.1111/rego.70097,ARTICLE
49,CEDERQVIST AM; CHAKER R; HAJJ-HASSAN M,Environmental citizenship among Swedish higher education students: generational differences in perspectives on sustainability and environmental awareness,2025,JOURNAL OF ENVIRONMENTAL STUDIES AND SCIENCES,10.1007/s13412-025-01079-4,ARTICLE
50,CHAKKARAVARTHY AP; DHANALAKSHMI J,Enhancing doctoral education for sustainable development on strategies for curriculum and research integration,2025,IMPROVING DOCTORAL EDUCATION AND RESEARCH DEVELOPMENT FOR SUSTAINABILITY,10.4018/979-8-3373-0225-6.ch011,BOOK CHAPTER
51,CHEN D; PRABOWO TT; POUNGSUK P,Demographic analysis of education for sustainable development among higher education institution students in China,2025,INTERNATIONAL JOURNAL OF SUSTAINABILITY IN HIGHER EDUCATION,10.1108/ijshe-01-2025-0054,ARTICLE
52,CHEN JD; CHEN XY,Rethinking talent cultivation for carbon neutrality: a case study of higher education reform in China,2025,JOURNAL OF CHINESE ECONOMIC AND BUSINESS STUDIES,10.1080/14765284.2025.2506216,ARTICLE
53,CHEN Z; RAZMAN MR; SYED ZAKARIA SZS; LEE KE,"Assessing knowledge, attitudes and behaviours for sustainable development: a case study of Tibet University",2025,DISCOVER SUSTAINABILITY,10.1007/s43621-025-01437-w,ARTICLE
54,CHIEN CT; CHIEN CH,Evaluating Problem-Based Learning in an ESG-Centered General Education Course: A Mixed-Methods Study of Student Competency Development,2025,SUSTAINABILITY,10.3390/su17177944,ARTICLE
55,CORAZZA L; COTTAFAVA D; TORCHIA D,Education for sustainable development: a critical reflexive discourse on a transformative learning activity for business students,2025,"ENVIRONMENT, DEVELOPMENT AND SUSTAINABILITY",10.1007/s10668-022-02335-1,ARTICLE
56,CUADRADO-BALLESTEROS B; GONZALEZ-BRAVO MI; MARTINEZ-FERRERO J; LAHUERTA-OTERO E,Bridging knowledge and action: Sustainable development through learning landscapes in higher education,2025,INNOVATIONS IN EDUCATION AND TEACHING INTERNATIONAL,10.1080/14703297.2025.2516113,ARTICLE
57,DA COSTA T; ARANDA LOPEZ LI; PERUSSELLO C; QUINN F; CROWLEY QG; MCMAHON H; HOLDEN NM,Addressing the Demand for Green Skills: Bridging the Gap Between University Outcomes and Industry Requirements,2025,SUSTAINABILITY,10.3390/su17062732,ARTICLE
58,DA MATTA AA; VANCEA M; VALEK L; TARASOVA OV,From theory to practice: Developing green skills through social economy and higher education,2025,BUILDING A GREEN FUTURE THROUGH ESSENTIAL DECISION-MAKING COMPETENCIES,10.4018/979-8-3373-0189-1.ch019,BOOK CHAPTER
59,DAHICHO N; ZAMAN S,Educating for A Greener Tomorrow: Higher Education’s Role in Teacher Preparation for Climate Change Mitigation in ASEAN,2025,ASTEN JOURNAL OF TEACHER EDUCATION,10.56278/asten.vi.3366,ARTICLE
60,DALELO D,Assessing the integration of sustainable development goals into core operations of Wolaita Sodo University from a holistic institutional perspective,2025,DISCOVER SUSTAINABILITY,10.1007/s43621-025-02350-y,ARTICLE
61,DANIELS CE,Higher Education in BRICS Countries Committed to the Sustainable Development Goals: Community Engagement and Research Practices,2025,"INTERNATIONAL JOURNAL OF LEARNING, TEACHING AND EDUCATIONAL RESEARCH",10.26803/ijlter.24.12.27,ARTICLE
62,DE FRECE A; TAPLIN R,Promoting situated change towards sustainability and climate action through post-digital online distance learning pedagogy,2025,FORMATIVE ASSESSMENT AND FEEDBACK IN POST-DIGITAL LEARNING ENVIRONMENTS: DISCIPLINARY CASE STUDIES IN HIGHER EDUCATION,10.4324/9781003360254-7,BOOK CHAPTER
63,DE MACHADO EAC; DA SILVA ALVES R; DUTRA AR; GUERRA JBSO; BIRCH RS,Promoting Sustainability in HEIs: Implementing the ESG Agenda as a Strategy to Achieve the SDGs of the United Nations,2025,WORLD SUSTAINABILITY SERIES,10.1007/978-3-031-96251-6_31,BOOK CHAPTER
64,DEMESHKANT N; HOPPE T; LUDE A; BODENBENDER VR; POTYRALA K; VAN OORSOUW KJ,How to Be a Change Agent at Schools? Development and Implementation of a Virtual Course for Pre-service Teachers’ Sustainability Education,2025,WORLD SUSTAINABILITY SERIES,10.1007/978-3-031-86985-3_10,BOOK CHAPTER
65,DIAZ-CLARK E; BALGOPAL MM; DENNING AS,"From Science to Solutions: Teaching Climate Change as Simple, Serious, and Solvable",2025,JOURNAL OF COLLEGE SCIENCE TEACHING,10.1080/0047231x.2025.2514202,ARTICLE
66,DONG L; SUJARITTHAM T; SETHAKHAJORN S; BANGKHEOW P; TANAMATAYARAT J; UNYAPOTI T; WUTTIPROM S; PHUNGPHROM N,Perspectives on Art Education for Sustainable Development in Higher Education Institutions in Sichuan Province,2025,INTERNATIONAL EDUCATION STUDIES,nan,ARTICLE
67,EL OUALI S; KAKAR Q,"Beyond cognitive learning, toward transformation in higher education: lessons from Climate Fresk in sustainability education",2025,INTERNATIONAL JOURNAL OF SUSTAINABILITY IN HIGHER EDUCATION,10.1108/ijshe-05-2025-0443,ARTICLE
68,ELSAYED AH; PAJUELO-MORENO ML; ALMAGHAIREH I; CHAABAN K; HOMSI I; ELMASSRI M,Fostering Sustainability Leadership Through SDG 13 Integration in Business Curricula,2025,SUSTAINABILITY,10.3390/su17188297,ARTICLE
69,ESPINOZA-RAMOS G; CAPUCCI-POLZIN A,Embedding Sustainability in Curricula: A Case Study of an Education for Sustainable Development (ESD) Framework at the Westminster Business School,2025,"CSR, SUSTAINABILITY, ETHICS AND GOVERNANCE",10.1007/978-3-031-86337-0_16,BOOK CHAPTER
70,EWEIDA RS; O'CONNELL MA; ZOROMBA M; MAHMOUD MF; ALTHEEB MK; SELIM A; ATTA MHR,"Video-Based Climate Change Program Boosts Eco-Cognizance, Emotional Response and Self-Efficacy in Rural Nursing Students: Randomised Controlled Trial",2025,JOURNAL OF ADVANCED NURSING,10.1111/jan.16790,ARTICLE
71,FERRARI E; WHITMARSH L; MACCANN-ALFARO N; CACERES-GONZALEZ C; MELARA E; HERNADEZ-GALLEGO E; RUIZ C,Can Climate Anxiety and Awareness Drive Academic Behaviour in Higher Education?,2025,WORLD SUSTAINABILITY SERIES,10.1007/978-3-031-86985-3_4,BOOK CHAPTER
72,FOSNER A,Sustainability Literacy as a Key to a Better Future: A Look at Higher Education,2025,SUSTAINABILITY,10.3390/su17030987,ARTICLE
73,GABAUDAN O; TARACENA PM; SEVERINO A,Sowing Seeds of Change: Cultivating Sustainability Literacy in TU Dublin’s Language Studies Curriculum,2025,WORLD SUSTAINABILITY SERIES,10.1007/978-3-031-86985-3_16,BOOK CHAPTER
74,GARCIA-HERNANDEZ Y; MARTINEZ GARCIA MD; AMADOR MARTINEZ MDL,Structural Equation Model for Assessing Relationship Between Green Skills and Sustainable Entrepreneurial Intentions,2025,SUSTAINABILITY,10.3390/su17209306,ARTICLE
75,GOLLER A; MARKERT J,Teacher educators' subjective theories on education for sustainable development in higher education,2025,ENVIRONMENTAL EDUCATION RESEARCH,10.1080/13504622.2024.2437148,ARTICLE
76,GUERRA JBSODA; AGUIAR DUTRA ARD; FERNANDEZ F; BERCHIN II; PASTOR EVB; CUBAS ALV,Climate action in higher education: advancing sustainable development through an international research consortium,2025,INTERNATIONAL JOURNAL OF SUSTAINABILITY IN HIGHER EDUCATION,10.1108/ijshe-01-2025-0068,ARTICLE
77,GUPTA AR; JAISWAL S; PURPURA S; DIZON S; BUAN M; DONG F; FORMAN F; MISHRA J,Effects of Solutions Centered Climate Education on Youth Beliefs and Behaviors: The University of California's Bending the Curve Course,2025,SUSTAINABILITY,10.3390/su17177831,ARTICLE
78,HAHN R; WENKE M,Integrating Sustainability into Curriculum Design: The Case of the Reorganised Master in Business Management,2025,WORLD SUSTAINABILITY SERIES,10.1007/978-3-031-80434-2_37,BOOK CHAPTER
79,HAKAM LI; HAKAM DF; WIRYONO SK; RAHADI RA,"The impact of sustainability literacy, social support, and attitudes towards innovation on sustainable energy consumption among Indonesian youth",2025,FRONTIERS IN SUSTAINABLE CITIES,10.3389/frsc.2025.1606031,ARTICLE
80,HAMALAINEN MS,Analyzing the effectiveness of dialogue practice in English as a lingua franca using the model of Transformative Language Teaching for Sustainability,2025,EUROPEAN JOURNAL OF APPLIED LINGUISTICS,10.1515/eujal-2024-0034,ARTICLE
81,HANTSCH R; HANTKE H,Implementation of Vocational Education and Training for Sustainable Development Through Cooperation Between Research and Practice,2025,WORLD SUSTAINABILITY SERIES,10.1007/978-3-031-86985-3_11,BOOK CHAPTER
82,HARJATANAYA TY; FERARY D; SARHINDI I,Education for sustainable development using participatory methodologies in Indonesian higher education: the case of Satya Terra Bhinneka University,2025,INTERNATIONAL JOURNAL OF SUSTAINABILITY IN HIGHER EDUCATION,10.1108/ijshe-09-2024-0657,ARTICLE
83,HAY A; SIMAMANE Z,Preservice teachers' experiences about a capacity-building activity to foster sustainability competencies through participatory action learning: a systems thinking in practice approach,2025,ENVIRONMENTAL EDUCATION RESEARCH,10.1080/13504622.2025.2543508,ARTICLE
84,HENSLEY N,Student-led discussions for sustainability education: an autoethnographic exploration,2025,INTERNATIONAL JOURNAL OF SUSTAINABILITY IN HIGHER EDUCATION,10.1108/ijshe-07-2023-0295,ARTICLE
85,HERMANN RR; BONZANINI BOSSLE M; ALEIXO COSTA MA; NEUTZLING DM,Education for sustainable development goals through service learning: a university-community collaboration in northeast Brazil,2025,INTERNATIONAL JOURNAL OF SUSTAINABILITY IN HIGHER EDUCATION,10.1108/ijshe-11-2024-0776,ARTICLE
86,HIJAZI RA; HIJAZI AA; JONES V,"Climate literacy for students in higher education: a case study from the University of the West of England (UWE), Bristol, in the United Kingdom",2025,INTERNATIONAL JOURNAL OF SUSTAINABILITY IN HIGHER EDUCATION,10.1108/ijshe-07-2024-0455,ARTICLE
87,IMAI J,Incorporating Sustainable Development Goals into an English for Global Citizenship Curriculum at an International Liberal Arts University in Japan,2025,EUROPEAN JOURNAL OF APPLIED LINGUISTICS,10.1515/eujal-2024-0041,ARTICLE
88,JENSEN MM; GEORGSEN M; PILGAARD M,Cross-Disciplinary Educator Training Approaches for Education for Sustainable Development in a Post-digital Perspective,2025,"PROCEEDINGS OF THE EUROPEAN CONFERENCE ON E-LEARNING, ECEL",10.34190/ecel.24.1.3812,ARTICLE; PROCEEDINGS PAPER
89,KAGSTROM M; FAITH-ELL C,Towards an attitude-inclusive understanding of environmental assessment competence in higher education,2025,IMPACT ASSESSMENT AND PROJECT APPRAISAL,10.1080/14615517.2025.2516917,ARTICLE
90,KIOUPI V,"Curriculum Design to Foster Sustainability Competence Development, a Case Study on Surfacing Sustainability Knowledge and Skills at the University of Leeds",2025,WORLD SUSTAINABILITY SERIES,10.1007/978-3-031-80380-2_5,BOOK CHAPTER
91,KIYANI MN,A Framework to Design Transformative and Transdisciplinary Student-Led STE(A)M Clubs to Develop Students’ Sustainability Competencies,2025,WORLD SUSTAINABILITY SERIES,10.1007/978-3-031-80434-2_36,BOOK CHAPTER
92,KOPNINA H; NATUNDA L; GADEMA Z; BARANOWSKI M; MANDE WM; RADOVANOVIC T,Critical Thinking in Sustainable Business: Examining Pragmatic and Ethical Issues for Supporting Biodiversity (Eco-centrism) in Business Education,2025,"PRACTICES, PERCEPTIONS AND PROSPECTS FOR CLIMATE CHANGE EDUCATION IN AFRICA",10.1007/978-3-031-84081-4_12,BOOK CHAPTER
93,KULANINA S; DASHIN A; KHOROLSKAYA T; KARABALAEVA S; YAKUSHINA A; FOZILOVA S,INTEGRATING ENVIRONMENTAL EDUCATION INTO ECONOMICS CURRICULA: A FRAMEWORK FOR SUSTAINABLE DEVELOPMENT,2025,INTERNATIONAL JOURNAL OF ECOSYSTEMS AND ECOLOGY SCIENCE,10.31407/ijees15.132,ARTICLE
94,LEE J; LI Y,Bridging the gap between theory and practice in sustainable urban planning education through active learning with SDGs project assessment tool,2025,DISCOVER SUSTAINABILITY,10.1007/s43621-025-02139-z,ARTICLE
95,LENZIARDI R; PICININI MEXAS M; LUCAS M; SA P,Educating for the future: a value competence model for higher education professors in sustainable development and business education,2025,INTERNATIONAL JOURNAL OF SUSTAINABILITY IN HIGHER EDUCATION,10.1108/ijshe-08-2024-0529,ARTICLE
96,LIU L; ALZAHRANI MR; WEI Y; TAVAKOLI BAGHDADABAD M; SAVITA KS,What Can Cooperative Learning Do? Embedding the SDGs in University Physical Education in China,2025,EUROPEAN JOURNAL OF EDUCATION,10.1111/ejed.70339,ARTICLE
97,LIU SY; HUNG CL; YEN CY; SU Y; LO WS,Enhancing Student Behavior with the Learner-Centered Approach in Sustainable Hospitality Education,2025,SUSTAINABILITY,10.3390/su17093821,ARTICLE
98,LOZJANIN A; CHHABRA G; MEHDIAN N,Exploring green pedagogy for eco-centric praxis-based learning in higher education,2025,JOURNAL OF APPLIED LEARNING AND TEACHING,10.37074/jalt.2025.8.s1.12,ARTICLE
99,MACIAG J; SINHA T,Applying SSM to Reinvent Education for Sustainable Development for Future Managers: A Tale of Two Universities,2025,SYSTEMIC PRACTICE AND ACTION RESEARCH,10.1007/s11213-025-09750-1,ARTICLE
100,MAGANG T; HWARA TD; OBADIRE AM; HONDONGA J,Integration of Education for Sustainable Development in Higher Education Curricula in Botswana: An Empirical Analysis,2025,JOURNAL OF LEARNING DEVELOPMENT IN HIGHER EDUCATION,nan,ARTICLE
101,MAGANINI M; HERNDON KE; LORAN T; GRIFFIN RE; ANDERSON ER; VAN DER MEER FD; DARVISHZADEH R; PARIS C; RIETBROEK R; HUESCA M; SCHLUND M,Leveraging educational partnerships to integrate education for sustainable development into university geoscience curriculum,2025,INTERNATIONAL JOURNAL OF SUSTAINABILITY IN HIGHER EDUCATION,10.1108/ijshe-07-2024-0445,ARTICLE
102,MAIJALA M; PATZELT M; LAINE P; MERIJARVI S,Materials for Transformative Language Teaching for Sustainability Model—Students’ Perspectives,2025,TRANSFORMATIVE LANGUAGE TEACHING FOR SUSTAINABILITY: FROM THEORY TO PRACTICE,10.1007/978-3-031-85493-4_8,BOOK CHAPTER
103,MARTINEZ AGUT MP; MONZO-MARTINEZ A; ORTIZ-CERMENO E,Assessment of GreenComp learning in the training of education professionals,2025,FRONTIERS IN EDUCATION,10.3389/feduc.2025.1608850,ARTICLE
104,MARUYAMA H,Nourishing Change Agents by Undergraduate Program for Sustainable Futures at a Japanese University,2025,WORLD SUSTAINABILITY SERIES,10.1007/978-3-031-86985-3_13,BOOK CHAPTER
105,MESSAOUDI DC,Between Rhetoric and Reality of Sustainability Education in Portuguese Tourism Degrees: Challenges and Opportunities for Curriculum Reform,2025,DEVELOPING TEACHING COMPETENCIES FOR PEDAGOGICAL AND CURRICULAR INNOVATION,10.4018/979-8-3373-3566-7.ch009,BOOK CHAPTER
106,MOGGI S; CALVANO G,Enhancing Sustainable Development Literacy in Higher Education: Insights from Accounting and Pedagogy Courses,2025,WORLD SUSTAINABILITY SERIES,10.1007/978-3-031-86985-3_25,BOOK CHAPTER
107,MOTZFELDT GC; HAGGSTROM M,Envisioning alternative futures through Thinking Skills learning strategies,2025,ACTA DIDACTICA NORDEN,10.5617/adno.11330,ARTICLE
108,MPUANGNAN KN; GOVENDER S,Women’s Leadership in Climate Change Education,2025,WOMEN’S LEADERSHIP IN AFRICAN EDUCATION,10.1007/978-3-031-90038-9_12,BOOK CHAPTER
109,NJIHIA M; KARIUKI D; MUTUMA W,"Integrating ESD and GCED in Higher Education Curriculum: Perspectives from Kenyatta University, Kenya",2025,EDUCATION FOR SUSTAINABLE FUTURES: GLOBAL CITIZENSHIP AND THE EARTH CHARTER,nan,ARTICLE
110,NOUSHEEN A; TABASSUM F,Teaching Styles for Sustainability Education (TSSE): Scale Development and Validation,2025,EUROPEAN JOURNAL OF EDUCATION,10.1111/ejed.70264,ARTICLE
111,NOVAES AL; CARDOSO GC; SABONARO DZ,Serious Game Applied as Experiential Learning for the Development Behavior of Waste Reduction and Promote Education for Sustainable Development,2025,WORLD SUSTAINABILITY SERIES,10.1007/978-3-031-96251-6_38,BOOK CHAPTER
112,NOVITA N; ANDRIANI R; MULIANI M; MAKFIRAH H; NURAZIZAH N,EDUCATION FOR SUSTAINABLE DEVELOPMENT (ESD) COMPETENCY IN PHYSICS LEARNING ASSESSMENT: PRE-SERVICE TEACHERS’ THINKING SKILLS BASED ON ETHNO-SOCIO-SCIENTIFIC CONTENT,2025,JURNAL PENDIDIKAN IPA INDONESIA,10.15294/jpii.v14i1.15880,ARTICLE
113,PARK HY; PALAZZO D; HOLLSTEIN L,Case Study for Planning Education: Lessons from Incorporating an Interdisciplinary Teaching Approach and APA Trend Reports in Capstone Planning Studios,2025,SUSTAINABILITY,10.3390/su17031294,ARTICLE
114,PIPER I; KATNIC I; ORAHOVAC A; GOGIC A; MASKOVIC M,Determinants of Tolerance Among Higher Education Students in Montenegro: Quantitative Insights for Advancing Educational and Societal Sustainability,2025,SUSTAINABILITY,10.3390/su172411109,ARTICLE
115,PRAWITZ H; PINZGER V,Be the Change: How Peer-to-Peer and Project-Based Seminars Open Communicative Arenas and Possibilities to Provoke Institutional Change at Universities,2025,WORLD SUSTAINABILITY SERIES,10.1007/978-3-031-80434-2_34,BOOK CHAPTER
116,PRGOMET I; VARICAK I; SAVOR M; BLAZIC M; PRGOMET Z,Education on multifunctional agriculture: keeping up with the rapidly changing world,2025,ACTA HORTICULTURAE,10.17660/actahortic.2025.1438.12,ARTICLE; PROCEEDINGS PAPER
117,PUJUN C,Green Skills in Logistics Vocational Education: A Comparative Study of Curriculum Integration in China and Germany,2025,INTERNATIONAL JOURNAL OF TRAINING AND DEVELOPMENT,10.1111/ijtd.12348,ARTICLE
118,RODRIGUEZ-ZURITA D; JUANEDA-AYENSA E; JAYA-MONTALVO M; RETAMALES-GARCIA L; CARRION-MERO P,An institutional framework for education for sustainable development through service-learning in universities,2025,INTERNATIONAL JOURNAL OF SUSTAINABILITY IN HIGHER EDUCATION,10.1108/ijshe-07-2024-0452,ARTICLE
119,SALVADOR-GARCIA C; RIBES AS,Service-Learning in Initial Teacher Education: Incorporating Sustainable Development Goals into Higher Education,2025,EDUCATIO SIGLO XXI,10.6018/educatio.626191,ARTICLE
120,SANCHEZ-CARREIRA MD; BLANCO-VARELA B; AGUIRRE AV,Teaching practice serving the Sustainable Development Goals and the Urban Agenda. Towards curricular sustainability at the University of Santiago de Compostela,2025,REVISTA INTERNACIONAL DE COMUNICACION Y DESARROLLO,10.15304/ricd.5.1.9144,ARTICLE
121,SARKAR A; SEIDLE R,Embedding SDGs and experiential learning into marketing education: the lift framework,2025,JOURNAL OF MARKETING THEORY AND PRACTICE,10.1080/10696679.2025.2551195,ARTICLE
122,SCHMIDBERGER I; MULLER U; WIPPERMANN S,Design Thinking in the Context of Education for Sustainable Development in Higher Education in Germany,2025,WORLD SUSTAINABILITY SERIES,10.1007/978-3-031-80434-2_13,BOOK CHAPTER
123,SCHMIDT-ROSS I; HENSEL-BORNER S,Competence Building Through Off-Campus Service Learning—Exploring the Impact of a ‘Sustainability Challenge’,2025,WORLD SUSTAINABILITY SERIES,10.1007/978-3-031-80380-2_9,BOOK CHAPTER
124,SHAIK AR; SAHEB SS; ABDULMAJEED IAI; BAFAQEER SM,Embedding Sustainability in Accounting Education: Exploring the Role of SDGs in Saudi Arabian Higher Education Institutions,2025,INTERNATIONAL JOURNAL OF SUSTAINABLE DEVELOPMENT AND PLANNING,10.18280/ijsdp.200805,ARTICLE
125,SHRESTHA P; RAJ ADHIKARI DR; PARAJULI D; LAMICHHANE PB; ADHIKARI BR,Education for sustainable development in Nepal: assessment of higher education institutions' stakeholder perspectives,2025,INTERNATIONAL JOURNAL OF SUSTAINABILITY IN HIGHER EDUCATION,10.1108/ijshe-05-2024-0303,ARTICLE
126,SIERRA J; SUAREZ COLLADO A,Active Learning in Higher Education to Raise Sustainability Awareness,2025,WORLD SUSTAINABILITY SERIES,10.1007/978-3-031-80434-2_14,BOOK CHAPTER
127,SKLIAR I; KOSTEL M; MELNYK O; BLIUMSKA-DANKO K,Double degree programs and education for sustainable development implementation Experience of Ukrainian and UK universities cooperation in wartime,2025,PROBLEMS AND PERSPECTIVES IN MANAGEMENT,10.21511/ppm.23(2-si).2025.07,ARTICLE
128,SPANGENBERGER P; SCHULTZE-KRUMBHOLZ A; KRUSE L; GEIGER SM; LODE V; POLE LK; NEBEL S,"A framework for serious game development as an instructional approach (SGDIA): proof-of-concept for students' self-efficacy, values, and critical reflection",2025,INTERNATIONAL JOURNAL OF EDUCATIONAL TECHNOLOGY IN HIGHER EDUCATION,10.1186/s41239-025-00573-7,ARTICLE
129,SUAREZ-VASQUEZ LM; BUILES VELEZ AE; JARAMILLO JR; PEREZ-ORREGO N,Integration of Sustainability Competencies in Creative Disciplines Training. Colombian Case,2025,WORLD SUSTAINABILITY SERIES,10.1007/978-3-031-86985-3_12,BOOK CHAPTER
130,SUDARMIN S; ARIYATUN A; RAHAYU S; YAMTINAH S; PUJIASTUTI SE; WINARTO W,How to increase student sustainable attitudes: A study effect of the education for sustainable development ethno-pedagogy learning model (EP-ESD),2025,MULTIDISCIPLINARY SCIENCE JOURNAL,10.31893/multiscience.2025252,ARTICLE
131,SYED-ABDULLAH SIS; SHAHALI EH; SHAHARIL NH,University Teachers’ Competencies for Implementing ESD in Higher Education Curriculum: A Case Study of Malaysia,2025,WORLD SUSTAINABILITY SERIES,10.1007/978-3-031-86985-3_19,BOOK CHAPTER
132,SYMEONIDOU A; FIORE M; AUDIELLO D; COLANTUONO F; BURNARD P,Enacting possibility thinking in academic curricula: fostering higher education students’ green skills for a sustainable future,2025,"INTERNATIONAL JOURNAL OF AGRICULTURAL RESOURCES, GOVERNANCE AND ECOLOGY",10.1504/ijarge.2025.150507,ARTICLE
133,TSENG YC; WANG CY; LIU SC; LIN SS,Development and validation of the self-perceived climate action competence scale,2025,ENVIRONMENTAL EDUCATION RESEARCH,10.1080/13504622.2025.2551818,ARTICLE
134,VALDERRAMA-HERNANDEZ R; BARRON-RUIZ A; SOLIS-ESPALLARGAS C; LIMON-DOMINGUEZ D,An instrument to analyse the sustainability competence of university students in education sciences,2025,INTERNATIONAL JOURNAL OF SUSTAINABILITY IN HIGHER EDUCATION,10.1108/ijshe-01-2024-0041,ARTICLE
135,VAN DEN BERG C; VERSTER B,Bridging Local Realities and Global Goals: Exploring Student-Led Sustainable-Smart Innovation Projects in a Marginalised Community,2025,COMMUNICATIONS IN COMPUTER AND INFORMATION SCIENCE,10.1007/978-3-031-82478-4_4,ARTICLE; PROCEEDINGS PAPER
136,VANIEV A; MALT-CULLEN M,Mapping pedagogies of education for sustainable development in Scottish higher education institutions,2025,JOURNAL OF ADULT AND CONTINUING EDUCATION,10.1177/14779714241260528,ARTICLE
137,VIK ML; KNAPPE GO; STEFFANSEN R; XUE J; LUNDBERG AK,Educating planners for sustainable development: perspectives from Norway,2025,PLANNING PRACTICE AND RESEARCH,10.1080/02697459.2025.2563864,ARTICLE
138,VILMALA BK; RIDWAN IM; ZAMISTA AA; RIHAN HG; NANDIANI EM,SCIENCE LECTURE INNOVATION USING PJBLSTEM-ESD TO IMPROVE STUDENTS’ CRITICAL THINKING SKILLS AND SUSTAINABILITY CONSCIOUSNESS TO STRENGTHEN SDGS 4,2025,JURNAL PENDIDIKAN IPA INDONESIA,10.15294/jpii.v14i4.34818,ARTICLE
139,WELDEMARIAM K; OMRCEN E; BOMAN J,Systematic Integration of Sustainable Development into Curriculum: Insights and Actions from a Baseline Study at the University of Gothenburg,2025,WORLD SUSTAINABILITY SERIES,10.1007/978-3-031-80434-2_30,BOOK CHAPTER
140,WORKMAN M; UDOH I; EYO I; ANIH P; OBI E,Promoting Sustainable Development Through Service Learning in an International Virtual Exchange Program,2025,SUSTAINABLE DEVELOPMENT GOALS SERIES,10.1007/978-3-031-76418-9_14,BOOK CHAPTER
141,XIONG Z; WANG Q; NORMAND R; ZHANG X,Using global competence as a pedagogical approach to teach Sustainable Development Goals in higher education,2025,INTERNATIONAL JOURNAL OF SUSTAINABILITY IN HIGHER EDUCATION,10.1108/ijshe-06-2024-0401,ARTICLE
142,YAQZAN S; SINGH M; IHASZ O; HUSSELS S; AZMAT M,Entrepreneurship education for climate action: the role of universities in developing NetZero startups,2025,INTERNATIONAL JOURNAL OF SUSTAINABILITY IN HIGHER EDUCATION,10.1108/ijshe-04-2025-0296,ARTICLE
143,ZENG L; CHA-NO J; MOHAMAD B,ISLAMIC PEDAGOGICAL COMPETENCIES FOR SUSTAINABLE HOSPITALITY EDUCATION,2025,JURNAL PENDIDIKAN ISLAM,10.15575/jpi.v11i2.49883,ARTICLE
144,ZHANG R; LANG C; ZHANG H,"Understanding greenhouse gas emissions and life cycle assessment of clothing: engaging students’ hands, heads and hearts",2025,INTERNATIONAL JOURNAL OF SUSTAINABILITY IN HIGHER EDUCATION,10.1108/ijshe-10-2024-0705,ARTICLE
145,ZHOU RH,How UK universities approach sustainability: A timely review,2025,JOURNAL OF ADULT AND CONTINUING EDUCATION,10.1177/14779714241240985,ARTICLE
146,ABDULLAHI AM; HUSSEIN HA; AHMED MY; HUSSEIN OA; WARSAME AA,The impact of education for sustainable development on university students' sustainability behavior: a case study from undergraduate students in Somalia,2024,FRONTIERS IN EDUCATION,10.3389/feduc.2024.1413687,ARTICLE
147,ACOSTA-CASTELLANOS PM; QUEIRUGA-DIOS A; CAMARGO-MARINO JA,Environmental education for sustainable development in engineering education in Colombia,2024,FRONTIERS IN EDUCATION,10.3389/feduc.2024.1306522,ARTICLE
148,ADIB H,Experiential learning in higher education: Assessing the role of business simulations in shaping student attitudes towards sustainability,2024,INTERNATIONAL JOURNAL OF MANAGEMENT EDUCATION,10.1016/j.ijme.2024.100968,ARTICLE
149,ALVAREZ-VANEGAS A; VOLANTE L,Empowering youth for sustainability in universities: service-learning and the willingness to act,2024,INTERNATIONAL JOURNAL OF SUSTAINABILITY IN HIGHER EDUCATION,10.1108/ijshe-03-2023-0073,ARTICLE
150,ALVAREZ-VANEGAS A; RIECKMANN M; LOPERA-PEREZ M; AGUIRRE PM,Teaching with A Rounder Sense of Purpose: a survey study on education for sustainable development competences in Latin America,2024,FRONTIERS IN EDUCATION,10.3389/feduc.2023.1205478,ARTICLE
151,ARANEO P,Exploring education for sustainable development (ESD) course content in higher education; a multiple case study including what students say they like,2024,ENVIRONMENTAL EDUCATION RESEARCH,10.1080/13504622.2023.2280438,ARTICLE
152,ARIYATUN A; SUDARMIN S; RAHMAWATI A; WINARTO W; WIBOWO T,Reconstruction of the Engineering Design Project (EDPj) Learning Model based on Ethno-ESD to Actualize Students' Sustainable Environmental Literacy,2024,LUMAT,10.31129/lumat.12.4.2300,ARTICLE
153,ARNOLD P; DAVIDS J; REISER M,Building Future Skills in Higher Education: An International Blended Project Seminar on Sustainable Development,2024,INTERNATIONAL CONFERENCE 'THE FUTURE OF EDUCATION',nan,ARTICLE; PROCEEDINGS PAPER
154,BCHENNATY B; MASSOUD M; EL-FAWAL A; KHAN MN,Sustainable Technological Practices in Educational Settings: An Assessment of Lebanese Students' Intention to Adopt Sustainable Behaviour,2024,EURASIAN JOURNAL OF EDUCATIONAL RESEARCH,10.14689/ejer.2024.111.12,ARTICLE
155,BESPALYY S; ALNAZAROVA G; SCALCIONE VN; VITLIEMOV P; SICHINAVA A; PETRENKO A; KAPTSOV A,"Sustainable development awareness and integration in higher education: a comparative analysis of universities in Central Asia, South Caucasus and the EU",2024,DISCOVER SUSTAINABILITY,10.1007/s43621-024-00562-2,ARTICLE
156,BESPALYY S; ALFIYA A; GULMIRA A; AINURA A; PETRENKO A,"Education for sustainable development: comparative analysis and prospects at universities in Kazakhstan, Tajikistan, Kyrgyzstan and Uzbekistan",2024,DISCOVER SUSTAINABILITY,10.1007/s43621-024-00343-x,ARTICLE
157,BRASSLER M,Students’ Digital Competence Development in the Production of Open Educational Resources in Education for Sustainable Development,2024,SUSTAINABILITY,10.3390/su16041674,ARTICLE
158,BUILES VELEZ AE; RESTREPO JARAMILLO J; MARTINEZ MARIN JDD,The significance of sustainability in higher education: a view to the curricular proposal at a Colombian University,2024,INTERNATIONAL JOURNAL OF SUSTAINABILITY IN HIGHER EDUCATION,10.1108/ijshe-09-2023-0423,ARTICLE
159,CASSAR R; MIFSUD M,The Integration of ESD in Geography Syllabi at Higher Education Level in Malta,2024,WORLD SUSTAINABILITY SERIES,10.1007/978-3-031-49853-4_8,BOOK CHAPTER
160,CUEVAS-CANCINO MDLO; PENA-BECERRIL M; MONDRAGON-ESTRADA E; CAMACHO-ZUNIGA C,Incorporating vertical collaboration to address sustainable development goals: the Monarch Route Project,2024,FRONTIERS IN EDUCATION,10.3389/feduc.2024.1246889,ARTICLE
161,DECAMP E,Integrating climate change across the disciplines: review of a faculty learning community and student climate literacy assessment model,2024,ENVIRONMENTAL EDUCATION RESEARCH,10.1080/13504622.2024.2309588,ARTICLE
162,DRAGHICI A; BOATCA ME; RADA EC; PERNIU D; BUBIK A; BAERA C; SIRBU RM,EDUCATION FOR PLASTIC IN A CIRCULAR AND CLIMATE NEUTRAL ECONOMY-PREVENTING WASTE ENDING UP INTO THE ENVIRONMENT,2024,ACTA TECHNICA NAPOCENSIS SERIES-APPLIED MATHEMATICS MECHANICS AND ENGINEERING,nan,ARTICLE
163,ERGUVAN ID,What difference does one course make? Assessing the impact of content-based instruction on students' sustainability literacy,2024,HUMANITIES AND SOCIAL SCIENCES COMMUNICATIONS,10.1057/s41599-024-03149-4,ARTICLE
164,ESPINOZA-RAMOS GR,Making Education for Sustainable Development (ESD) More Inclusive and Engaging Through Universal Design for Learning (UDL): A Case Study at the Westminster Business School,2024,WORLD SUSTAINABILITY SERIES,10.1007/978-3-031-65909-6_36,BOOK CHAPTER
165,GUERRA A; CHEN J; DU X; NIELSEN H; KRNV L,Teacher's agency in education for sustainable development: an East-West collaborative Erasmus programme using Q methodology,2024,INTERNATIONAL JOURNAL OF SUSTAINABILITY IN HIGHER EDUCATION,10.1108/ijshe-05-2023-0155,ARTICLE
166,HABASH R,Two-Eyed Seeing: An ethical space of engagement to shape engineering and computing education for sustainable development,2024,SUSTAINABLE HORIZONS,10.1016/j.horiz.2024.100118,ARTICLE
167,HEMMER I; KOCH C; PEITZ A,"ESD training for university teachers: which is more effective, the face-to-face or digital format? Results of an intervention study",2024,INTERNATIONAL JOURNAL OF SUSTAINABILITY IN HIGHER EDUCATION,10.1108/ijshe-05-2023-0178,ARTICLE
168,HOLLSTEIN B; TZIMINADIS J; SCHRAGE P,'LEARNING BY DOING' IN HIGHER EDUCATION: EMPIRICAL INSIGHTS INTO EDUCATION FOR SUSTAINABLE DEVELOPMENT,2024,REVISTA IBERO-AMERICANA DE ESTUDOS EM EDUCACAO,10.21723/riaee.v19iesp.1.18414,ARTICLE
169,HOLST J; SINGER-BRODOWSKI M; BROCK A; DE HAAN G,"Monitoring SDG 4.7: Assessing Education for Sustainable Development in policies, curricula, training of educators and student assessment (input-indicator)",2024,SUSTAINABLE DEVELOPMENT,10.1002/sd.2865,ARTICLE
170,HOLST J; GRUND J; BROCK A,Whole Institution Approach: measurable and highly effective in empowering learners and educators for sustainability,2024,SUSTAINABILITY SCIENCE,10.1007/s11625-024-01506-5,ARTICLE
171,HUANG TC; HO SJ; ZHENG WH; SHU Y,"To know, feel and do: an instructional practice of higher education for sustainable development",2024,INTERNATIONAL JOURNAL OF SUSTAINABILITY IN HIGHER EDUCATION,10.1108/ijshe-11-2022-0355,ARTICLE
172,JUWITASARI R,Education for Sustainable Development (ESD) in Post-modernity: A Case Study of Japanese Value Manifestation in Vocational Education in Greater Mekong Sub-Region Country,2024,JOURNAL OF TECHNICAL EDUCATION AND TRAINING,10.30880/jtet.2024.16.03.015,ARTICLE
173,KARABIYIK T; JAISWAL A; THOMAS P,Assessing Climate Literacy in Engineering Undergraduate Students Through Simulation-Based Learning,2024,"PROCEEDINGS - FRONTIERS IN EDUCATION CONFERENCE, FIE",10.1109/fie61694.2024.10893404,ARTICLE; PROCEEDINGS PAPER
174,LI M; JIANG S; JOTIKASTHIRA N,Developing A Conceptual Framework for Sustainable Development Education Through Digital Tools: Qualitative Insights from Southwest China,2024,JOURNAL OF CURRICULUM AND TEACHING,10.5430/jct.v13n1p119,ARTICLE
175,LUBIS RL,"Creating an Engaging Virtual Classroom for Learning SDG 11: A Case Study at Master in Management Program, Telkom University, Indonesia",2024,"THE PALGRAVE HANDBOOK OF SUSTAINABLE DIGITALIZATION FOR BUSINESS, INDUSTRY, AND SOCIETY",10.1007/978-3-031-58795-5_10,BOOK CHAPTER
176,MACAGNO T; NGUYEN-QUOC A; JARVIS SP,Nurturing Sustainability Changemakers through Transformative Learning Using Design Thinking: Evidence from an Exploratory Qualitative Study,2024,SUSTAINABILITY,10.3390/su16031243,ARTICLE
177,MAGUIRE K; O'CONNOR N; CONDRON R; ARCHBOLD P; HANNEVIG C; HONAN D,Examining the Alignment of Tourism Management Related Curriculum with the United Nations Sustainable Development Goals (SDG's) in Higher Education Institutions in Ireland,2024,SUSTAINABILITY,10.3390/su16198554,ARTICLE
178,MOOSAVI S; BUSH J,Embedding Sustainability in Interdisciplinary Pedagogy for Planning and Design Studios,2024,JOURNAL OF PLANNING EDUCATION AND RESEARCH,10.1177/0739456x211003639,ARTICLE
179,MORALES I; SEGALAS J; MASSECK T,Evaluation of the urban living lab in HEIs towards education for sustainable development (E-ULL-HEIs),2024,FRONTIERS IN EDUCATION,10.3389/feduc.2024.1412380,ARTICLE
180,MORALES I; SEGALAS J; MASSECK T,Urban Living Lab as an Education Strategy for Sustainable Development,2024,ESPACIO ABIERTO,10.5281/zenodo.12813470,ARTICLE
181,MOSPAN N,Higher education for sustainable development during the COVID-19 pandemic in Ukraine,2024,JOURNAL OF UNIVERSITY TEACHING AND LEARNING PRACTICE,10.53761/mx4xsg41,ARTICLE
182,MUHONEN T; TIMONEN L; VAANANEN K,"Fostering Education for Sustainable Development in Higher Education: A Case Study on Sustainability Competences in Research, Development and Innovation (RDI)",2024,SUSTAINABILITY,10.3390/su162411134,ARTICLE
183,NAGATOMO D,Research on Education for Sustainable Development with Design-Based Research by Employing Industry 4.0 Technologies for the Issue of Single-Use Plastic Waste in Taiwan,2024,SUSTAINABILITY,10.3390/su16229832,ARTICLE
184,NAVROUZOGLOU P; KUSHWAH L; SELVARETNAM G,"Using a Group Podcast and Policy Brief in an Economics Undergraduate Course to Enhance Sustainability Literacy, Communication and Teamwork Skills",2024,WORLD SUSTAINABILITY SERIES,10.1007/978-3-031-55996-9_4,BOOK CHAPTER
185,NOUSHEEN A; ZIA MA; WASEEM M,"Exploring pre-service teachers' self-efficacy, content knowledge, and pedagogical knowledge concerning education for sustainable development",2024,ENVIRONMENTAL EDUCATION RESEARCH,10.1080/13504622.2022.2128055,ARTICLE
186,NOVIKAU A,ESD in Bosnia and Herzegovina: Implementing Innovative Methodologies in a University Elective Course,2024,WORLD SUSTAINABILITY SERIES,10.1007/978-3-031-49853-4_31,BOOK CHAPTER
187,O'NEILL I; GUI MM,Changing focus: making sustainability a major theme in existing university modules,2024,DISCOVER SUSTAINABILITY,10.1007/s43621-024-00442-9,ARTICLE
188,OLZHEBAYEVA G; BULDYBAYEV T; OMELJANCIUK A; PAVALKIS D; ZHIDEBEKKYZY A,MANAGING GREEN TRANSITION IN HIGHER EDUCATION: THE CASE OF CENTRAL ASIAN UNIVERSITIES,2024,POLISH JOURNAL OF MANAGEMENT STUDIES,10.17512/pjms.2024.30.1.13,ARTICLE
189,OZDEMIR O,The Correlation between Dimensions of Sustainability Literacy: The Case of British and Turkish Students,2024,SCIENCE INSIGHTS EDUCATION FRONTIERS,nan,ARTICLE
190,PAGKRATIS K,"Learning outcomes for the future: how STEM education promotes sustainable development, innovation and green skills for young adults in Germany",2024,STUDIES IN THE EDUCATION OF ADULTS,10.1080/02660830.2024.2429886,ARTICLE
191,PANAKAJE N; PARVIN S; SHEIKH N; KULAL A; BAZIGHA UM; LASRADO BS; IRFANA S,Empowering sustainability practice via sustainability literacy: a mediated model,2024,JOURNAL OF APPLIED RESEARCH IN HIGHER EDUCATION,10.1108/jarhe-06-2024-0310,ARTICLE
192,PAPAGEORGIOU V; FENTON SJ; HAUKE E; TADDESE H,Sustaining our people: A values-infused approach for embedding sustainability in higher education,2024,INSPIRE: LEARNING FOR TEACHING IN HIGHER EDUCATION,nan,ARTICLE
193,PENNELL N; SABAU G,The impact of multidisciplinary program requirements on student attitudes toward sustainability and education for sustainability,2024,INTERNATIONAL JOURNAL OF SUSTAINABILITY IN HIGHER EDUCATION,10.1108/ijshe-06-2022-0199,ARTICLE
194,PRICE EAC; NICHOLSON DT; DUNK R; LAWLER C; CARNEY M; VARGAS VR; VEITCH S; LEIGH S; SINGLETON M; MOTTRAM S,Enabling change agents for sustainable development: a whole-institution approach to embedding the UN Sustainable Development Goals in higher education,2024,INTERNATIONAL JOURNAL OF SUSTAINABILITY IN HIGHER EDUCATION,10.1108/ijshe-02-2024-0112,ARTICLE
195,RAJ ADHIKARI DR; SHRESTHA P,The context and concept of higher education for sustainable development: the case of Nepal,2024,INTERNATIONAL JOURNAL OF SUSTAINABILITY IN HIGHER EDUCATION,10.1108/ijshe-12-2021-0521,ARTICLE
196,REEVES A; RIDON M; LAWSON S,Putting Sustainable Development at the Heart of Transnational Education: Principles and Practice from a UK-UAE Partnership,2024,WORLD SUSTAINABILITY SERIES,10.1007/978-3-031-49853-4_22,BOOK CHAPTER
197,RUKSPOLLMUANG C; CHANSEMA T,Promoting sustainability literacy for students in Thai higher education institution: a case of Siam University,2024,INTERNATIONAL JOURNAL OF COMPARATIVE EDUCATION AND DEVELOPMENT,10.1108/ijced-07-2023-0065,ARTICLE
198,SANTIANI S; REFFIANE F; WINARTO W,Science interdisciplinary learning approach: a study interdisciplinary thinking skills and literacy environment,2024,JOURNAL OF EDUCATION AND LEARNING,10.11591/edulearn.v18i4.21416,ARTICLE
199,SCHLIESZUS AK; WESELEK J; SIEGMUND A,Navigating role conflicts and responsibilities in higher education for sustainable development. Insights from German university teachers,2024,GAIA - ECOLOGICAL PERSPECTIVES FOR SCIENCE AND SOCIETY,10.14512/gaia.33.4.7,ARTICLE
200,SCHMIDBERGER I; WIPPERMANN S,Applying Design Thinking to Support Education for Sustainable Development in Higher Education,2024,INTERNATIONAL CONFERENCE ON HIGHER EDUCATION ADVANCES,10.4995/head24.2024.17073,ARTICLE; PROCEEDINGS PAPER
201,SHISHAKLY R; ALMAIAH MA; LUTFI A; ALRAWAD M,The influence of using smart technologies for sustainable development in higher education institutions,2024,INTERNATIONAL JOURNAL OF DATA AND NETWORK SCIENCE,10.5267/j.ijdns.2023.10.015,ARTICLE
202,STEWART VM,Transformative sustainability education in accounting: effects on male and female students' attitudes toward sustainable development,2024,INTERNATIONAL JOURNAL OF SUSTAINABILITY IN HIGHER EDUCATION,10.1108/ijshe-06-2023-0235,ARTICLE
203,SWARDH E; BRODIN N; PETTERSSON A; PALSTAM A,Time to Rethink Intended Learning Outcomes for Sustainable Development? A Qualitative Exploration and Reflection of Course Syllabuses in Swedish Undergraduate Physiotherapy Education,2024,JOURNAL OF MEDICAL EDUCATION AND CURRICULAR DEVELOPMENT,10.1177/23821205241260599,ARTICLE
204,TELESFORD L; NSOBUNDU C; LEWIS T; MARKS A; ALAMRANY A; ZAIM O; LACHICA I; ERUAGA A; ROMAN LC; SLAVKOVSKA T; MANDAL D; CHANDRAN V,Leveraging small island context to advance and disseminate environmental health and sustainable development knowledge through higher education,2024,FRONTIERS IN EDUCATION,10.3389/feduc.2024.1337302,ARTICLE
205,XIAO C; WAN K; KWONG T,Developing and validating a scale to measure tertiary students' sustainability competence in extracurricular settings in Asia,2024,COGENT EDUCATION,10.1080/2331186x.2024.2334107,ARTICLE
206,YUENYONG T,Management Strategies for Higher Education Institutions Based on the Principles of Education for Sustainable Development in the Lower Northern Region,2024,JOURNAL OF ECOHUMANISM,10.62754/joe.v3i7.4238,ARTICLE
207,AHEL O; SCHIRMER M,Education for sustainable development through research-based learning in an online environment,2023,INTERNATIONAL JOURNAL OF SUSTAINABILITY IN HIGHER EDUCATION,10.1108/ijshe-07-2021-0305,ARTICLE
208,AHMAD N; TORO-TROCONIS M; IBAHRINE M; ARMOUR R; TAIT V; REEDY K; MALEVICIUS R; DALE V; TASLER N; INZOLIA Y; WRIGHT T,CoDesignS Education for Sustainable Development: A Framework for Embedding Education for Sustainable Development in Curriculum Design,2023,SUSTAINABILITY,10.3390/su152316460,ARTICLE
209,AIKOWE LD; MAZANCOVA J,Pro-environmental awareness of university students - assessment through sustainability literacy test,2023,INTERNATIONAL JOURNAL OF SUSTAINABILITY IN HIGHER EDUCATION,10.1108/ijshe-06-2021-0219,ARTICLE
210,ALKAABI K; MEHMOOD K; BHATACHARYYA P; ALDHAHERI H; GRIMALDI M,Sustainable Development Goals from Theory to Practice Using Spatial Data Infrastructure: A Case Study of UAEU Undergraduate Students,2023,SUSTAINABILITY,10.3390/su151612394,ARTICLE
211,ALSHAWI AAH; ALI ASM; RAIQ H,Skill components of higher education in the era of sustainable development: an analytical study among university students in Qatar,2023,FRONTIERS IN EDUCATION,10.3389/feduc.2023.1141306,ARTICLE
212,ARIZA JA; OLATUNDE-AIYEDUN TG,Bringing Project-Based Learning into Renewable and Sustainable Energy Education: A Case Study on the Development of the Electric Vehicle EOLO,2023,SUSTAINABILITY,10.3390/su151310275,ARTICLE
213,ARRONDO DIEZ E; ARANGUREN GOMEZ N,Assessing the learning outcomes of the creativity competence linked to the SDG6: Clean water and sanitation. A case study in the university context,2023,REVISTA COMPLUTENSE DE EDUCACION,10.5209/rced.80166,ARTICLE
214,BIJLHOUT D; VILACA T; CHEWITT-LUCAS R,Best Teaching Practices in Environmental Sustainability Education: A Cross-Country Comparison,2023,"SUSTAINABLE PRACTICES IN HIGHER EDUCATION: FINANCE, STRATEGY, AND ENGAGEMENT",10.1007/978-3-031-27807-5_3,BOOK CHAPTER
215,CARRIO M; LLERENA BASTIDA M,Exploring innovative strategies in problem based learning to contribute to sustainable development: a case study,2023,INTERNATIONAL JOURNAL OF SUSTAINABILITY IN HIGHER EDUCATION,10.1108/ijshe-07-2021-0296,ARTICLE
216,CASSAR R; MIFSUD M,Moving Towards Sustainability Through Geographical Education in Malta,2023,WORLD SUSTAINABILITY SERIES,10.1007/978-3-031-22856-8_16,BOOK CHAPTER
217,CHARKOVA DA; SOMOVA E,The role of sustainable development in the academic curriculum and prospective employment: a survey of information technology students in Bulgaria,2023,INTERNATIONAL JOURNAL OF SUSTAINABILITY IN HIGHER EDUCATION,10.1108/ijshe-09-2022-0309,ARTICLE
218,CHINEDU CC; SALEEM A; WAN MUDA WHN,Teaching and Learning Approaches: Curriculum Framework for Sustainability Literacy for Technical and Vocational Teacher Training Programmes in Malaysia,2023,SUSTAINABILITY,10.3390/su15032543,ARTICLE
219,CLARKE L; SAHIN-DIKMEN M; WINCH C; PRICE V; CALVERT J; BILODEAU PL; DIONNE E,Differing approaches to embedding low energy construction and climate literacy into vocational education and training,2023,ROUTLEDGE HANDBOOK ON LABOUR IN CONSTRUCTION AND HUMAN SETTLEMENTS: THE BUILT ENVIRONMENT AT WORK,10.1201/9781003262671-5,BOOK CHAPTER
220,COLON-FLORES NDJ; VARGAS-MARTINEZ MR; TAVAREZ DE HENRIQUEZ JC; DOMINGUEZ-VALERIO CM,"Environmental, Social and Economic Attitudes and Sustainable Knowledge on the Sustainable Behaviour of Engineering Students: An Analysis Based on Attitudes towards Teachers",2023,SUSTAINABILITY,10.3390/su151813537,ARTICLE
221,CZOK V; KRUG M; MULLER S; HUWER J; WEITZEL H,Learning Effects of Augmented Reality and Game-Based Learning for Science Teaching in Higher Education in the Context of Education for Sustainable Development,2023,SUSTAINABILITY,10.3390/su152115313,ARTICLE
222,DEMSSIE YN; BIEMANS HJA; WESSELINK R; MULDER M,Fostering students' systems thinking competence for sustainability by using multiple real-world learning approaches,2023,ENVIRONMENTAL EDUCATION RESEARCH,10.1080/13504622.2022.2141692,ARTICLE
223,FISCHER K; ISENMANN R,Education for Sustainability at Distance and Online Learning Universities: Methodologies and Good Practices for Educating Sustainability Experts and Leaders of the Future,2023,WORLD SUSTAINABILITY SERIES,10.1007/978-3-031-22856-8_9,BOOK CHAPTER
224,GARCIA-ARANDA C; MOLINA-GARCIA AM; PEREZ RODRIGUEZ JP; CHUECA JR,Sustainability in Engineering Education: Experiences of Educational Innovation,2023,HANDBOOK OF SUSTAINABILITY SCIENCE IN THE FUTURE,10.1007/978-3-031-04560-8_153,BOOK CHAPTER
225,GARCIA-SARAVIA ORTIZ-DE-MONTELLANO C; GHANNADZADEH A; VAN DER MEER Y,The CIRCULAR pathway: a new educational methodology for exploratory circular value chain redesign,2023,FRONTIERS IN SUSTAINABILITY,10.3389/frsus.2023.1197659,ARTICLE
226,GARZON-GARCIA R; FLORIDO-TRUJILLO G; RAMIREZ-LOPEZ ML,The integration of sustainability and the Sustainability Development Goals (SDGs) in the geographical teaching of tourism: a didactic and methodological proposal for University,2023,INVESTIGACIONES TURISTICAS,10.14198/inturi.22411,ARTICLE
227,GOMEZ-GOMEZ M; GARCIA LAZARO D,AWARENESS AND KNOWLEDGE OF THE SUSTAINABLE DEVELOPMENT GOALS IN TEACHER TRAINING,2023,PROFESORADO,10.30827/profesorado.v27i3.27948,ARTICLE
228,GRANATO A,An Architectural Teaching and Learning Framework: Tackling the Implementation of SDGs in Architectural Education,2023,SUSTAINABLE DEVELOPMENT GOALS SERIES,10.1007/978-3-031-36640-6_56,BOOK CHAPTER
229,GWILLIAM J; REEVES A; TIMUS N,Seeing the wood for the trees: a heuristic framework to enable the integration of sustainability education in higher education settings,2023,JOURNAL OF INTEGRATIVE ENVIRONMENTAL SCIENCES,10.1080/1943815x.2023.2250420,ARTICLE
230,HAMMER T; LEWIS AL,"Which competencies should be fostered in education for sustainable development at higher education institutions? Findings from the evaluation of the study programs at the University of Bern, Switzerland",2023,DISCOVER SUSTAINABILITY,10.1007/s43621-023-00134-w,ARTICLE
231,HUANG RH,A corpus-assisted discourse study of Chinese university students' perceptions of sustainability,2023,FRONTIERS IN PSYCHOLOGY,10.3389/fpsyg.2023.1124909,ARTICLE
232,HUNG CL; YU TF; LIN YH; LIN YC; CHEN YH; LO WS,Reflective and Cooperative Learning for Understanding Sustainability through an Eco-Innovation Strategy in Rural Travel and Hospitality: A STEAM Case Study,2023,SUSTAINABILITY,10.3390/su151713152,ARTICLE
233,KHAN S,Preparing Future-Fit Leaders for the Sustainable Development Era,2023,THE SUSTAINABLE UNIVERSITY OF THE FUTURE: REIMAGINING HIGHER EDUCATION AND RESEARCH,10.1007/978-3-031-20186-8_5,BOOK CHAPTER
234,LEININGER-FREZAL C; SPRENGER S; DE LAZARO-TORRES ML; DOMENECH MAR; HEIDARI N; PIGAKI M; NAUDET C; LECOMTE A; GALLARDO M,Global Change Challenge in the Higher Education Curriculum on the Approach of Blended Learning,2023,EUROPEAN JOURNAL OF GEOGRAPHY,10.48088/ejg.c.lei.14.2.001.014,ARTICLE
235,LI Y; LIAO T; LI J,Optimizing Higher Education for Sustainable Development through the Design and Implementation of the Global Engagement Program,2023,SUSTAINABILITY,10.3390/su151310098,ARTICLE
236,MARTIN BAUTISTA-CERRO B; CASTILLO-RODRIGUEZ A; GARCIA-NAVARRO J,Contribution of European University Alliances to Education for Sustainable Development and to the SDGs: A Case Study on the Circular EELISA Community,2023,SUSTAINABILITY,10.3390/su152316181,ARTICLE
237,MIFSUD A; SANCHEZ-VAZQUEZ A; CALLAGHAN C,Application of Education for Sustainable Development (ESD) as a Route to Overcoming Barriers in Designing Circular Economy (CE) Educational Material,2023,"SMART INNOVATION, SYSTEMS AND TECHNOLOGIES",10.1007/978-981-19-9205-6_33,ARTICLE; PROCEEDINGS PAPER
238,NG T; CHAN SY; RADZI SFM,"Implementing Sustainability Strategies, Programs, and Practices for the Communities in Higher Education Institutions: Case Study in USM, Malaysia",2023,HANDBOOK OF SUSTAINABILITY SCIENCE IN THE FUTURE,10.1007/978-3-031-04560-8_62,BOOK CHAPTER
239,NICHOLSON DT; VARGAS VR; SKELLY G,Enquiry-based skills education for sustainable development in a UK geography module as a catalyst for organisational change,2023,INTERNATIONAL JOURNAL OF SUSTAINABILITY IN HIGHER EDUCATION,10.1108/ijshe-07-2022-0225,ARTICLE
240,OZDEMIR OGUZ,The Sustainability Literacy of Students: A Comparative Study between Turkey and the UK,2023,SCIENCE INSIGHTS EDUCATION FRONTIERS,nan,ARTICLE
241,PERSSON C; EINARSON D; MELEN M,Educating the educators to be a driving force in higher education towards sustainable development,2023,INTERNATIONAL JOURNAL OF SUSTAINABILITY IN HIGHER EDUCATION,10.1108/ijshe-10-2022-0332,ARTICLE
242,SALEEM A; ASLAM S; SANG G; DARE PS; ZHANG T,Education for sustainable development and sustainability consciousness: evidence from Malaysian universities,2023,INTERNATIONAL JOURNAL OF SUSTAINABILITY IN HIGHER EDUCATION,10.1108/ijshe-05-2021-0198,ARTICLE
243,SOLER JAP; GONZALEZ YR; SANCHEZ NM,DIAGNOSIS OF CAPACITIES IN TERMS OF EDUCATION FOR THE SUSTAINABLE DEVELOPMENT GOALS,2023,REVISTA CONRADO,nan,ARTICLE
244,SYED-ABDULLAH SIS; KUSHNIR I; ABDRAHIM NA,Narratives on Education for Sustainable Development in Malaysian Universities,2023,SUSTAINABILITY,10.3390/su151713110,ARTICLE
245,TANG KHD,Climate change education in China: a pioneering case of its implementation in tertiary education and its effects on students' beliefs and attitudes,2023,INTERNATIONAL JOURNAL OF SUSTAINABILITY IN HIGHER EDUCATION,10.1108/ijshe-05-2022-0151,ARTICLE
246,TRECHSEL LJ; DIEBOLD CL; ZIMMERMANN AB; FISCHER M,Students between science and society: why students' learning experiences in transformative spaces are vital to higher education institutions,2023,INTERNATIONAL JOURNAL OF SUSTAINABILITY IN HIGHER EDUCATION,10.1108/ijshe-09-2021-0407,ARTICLE
247,VERHULST E; NILSEN HR; SORTLAND B,Engaging and Empowering Students to Contribute to Sustainable Development Through Developing Interdisciplinary Teamwork Skills,2023,"SUSTAINABLE PRACTICES IN HIGHER EDUCATION: FINANCE, STRATEGY, AND ENGAGEMENT",10.1007/978-3-031-27807-5_2,BOOK CHAPTER
248,ACOSTA-CASTELLANOS PM; QUEIRUGA-DIOS A,Education for Sustainable Development (ESD): An Example of Curricular Inclusion in Environmental Engineering in Colombia,2022,SUSTAINABILITY,10.3390/su14169866,ARTICLE
249,AL-NUAIMI SR; AL-GHAMDI SG,"Assessment of Knowledge, Attitude and Practice towards Sustainability Aspects among Higher Education Students in Qatar",2022,SUSTAINABILITY,10.3390/su142013149,ARTICLE
250,ALBERT M; UHLIG M,Education for sustainable development at Chemnitz University of Technology,2022,INTERNATIONAL JOURNAL OF SUSTAINABILITY IN HIGHER EDUCATION,10.1108/ijshe-02-2021-0078,ARTICLE
251,BENAVIDES AW; FREED A; HUFFLING LD,Study Abroad Programs at the Vanguard for Education for Sustainable Development: A Teacher Education Case Study,2022,SUSTAINABLE DEVELOPMENT GOALS SERIES,10.1007/978-3-031-07191-1_9,BOOK CHAPTER
252,BERTEL LB; WINTHER M; ROUTHE HW; KOLMOS A,Framing and facilitating complex problem-solving competences in interdisciplinary megaprojects: an institutional strategy to educate for sustainable development,2022,INTERNATIONAL JOURNAL OF SUSTAINABILITY IN HIGHER EDUCATION,10.1108/ijshe-10-2020-0423,ARTICLE
253,BROGDEN L; BERNIE D; BOSTON M; FORSTER AM; GALBRUN L; HEPBURN LA; LAWANSON T; MORKEL J,A learning design framework for community resilience: International and transdisciplinary perspectives on a boundary object,2022,INTERNATIONAL JOURNAL OF EDUCATIONAL RESEARCH OPEN,10.1016/j.ijedro.2022.100200,ARTICLE
254,CASSAR C,Designing curriculum about governance and sustainability in higher education: A case study,2022,CONTEMPORARY STUDIES IN ECONOMIC AND FINANCIAL ANALYSIS,10.1108/s1569-37592022000108a030,BOOK CHAPTER
255,COLLADO S; MORENO PEREZ JD; LUCAS J,Innovation for environmental sustainability: longitudinal effects of an education for sustainable development intervention on university students' pro-environmentalism,2022,INTERNATIONAL JOURNAL OF SUSTAINABILITY IN HIGHER EDUCATION,10.1108/ijshe-07-2021-0315,ARTICLE
256,DU X; GUERRA A; NORGAARD B; CHAABAN Y; LUNDBERG A; LYNGDORF NER,University Teachers' Change Readiness to Implement Education for Sustainable Development through Participation in a PBL-Based PD Program,2022,SUSTAINABILITY,10.3390/su141912079,ARTICLE
257,FERGUSON THERESE; ROOFE CARMEL; COOK LORAINED; BRAMWELL-LALOR SHARON; HORDATT GENTLES CAROL,Education for Sustainable Development (ESD) Infusion Into Curricula: Influences on Students' Understandings of Sustainable Development and ESD,2022,BROCK EDUCATION: A JOURNAL OF EDUCATIONAL RESEARCH AND PRACTICE,nan,ARTICLE
258,GOGGINS J; HAJDUKIEWICZ M,The Role of Community-Engaged Learning in Engineering Education for Sustainable Development,2022,SUSTAINABILITY,10.3390/su14138208,ARTICLE
259,GOVENDER N,Preservice Science Teachers' Experiences of Food Garden Projects: Implications for Education for Sustainable Development (ESD) in Curriculum Transformation,2022,SODOBNA PEDAGOGIKA/JOURNAL OF CONTEMPORARY EDUCATIONAL STUDIES,nan,ARTICLE
260,HENDERSON TS; MICHEL JO; BRYAN A; CANOSA E; GAMALSKI C; JONES K; MOGHTADER J,An Exploration of the Relationship between Sustainability-Related Involvement and Learning in Higher Education,2022,SUSTAINABILITY,10.3390/su14095506,ARTICLE
261,HILGER A; KEIL A,Education for sustainable development with transdisciplinary-oriented courses - experiences and recommendations for future collaborations in higher education teaching,2022,JOURNAL OF GEOGRAPHY IN HIGHER EDUCATION,10.1080/03098265.2021.1946765,ARTICLE
262,HUESKE AK; AGGESTAM-PONTOPPIDAN C; IOSIF-LAZAR LC,Sustainable development in higher education in Nordic countries: exploring E-Learning mechanisms and SDG coverage in MOOCs,2022,INTERNATIONAL JOURNAL OF SUSTAINABILITY IN HIGHER EDUCATION,10.1108/ijshe-07-2020-0276,ARTICLE
263,JIMENEZ-FONTANA R; ARMARIO M; GOMEZ-CHACON B; ARAGON NUNEZ L; JIMENEZ-TENORIO N,Enquiry-Based Learning as a Strategy to Include the SDGs in Initial Teacher Training,2022,WORLD SUSTAINABILITY SERIES,10.1007/978-3-031-04764-0_5,BOOK CHAPTER
264,KIOUPI V; VOULVOULIS N,Education for Sustainable Development as the Catalyst for Local Transitions Toward the Sustainable Development Goals,2022,FRONTIERS IN SUSTAINABILITY,10.3389/frsus.2022.889904,ARTICLE
265,LEIMBACH TANIA; MILSTEIN TEMA,Learning to change: Climate action pedagogy,2022,AUSTRALIAN JOURNAL OF ADULT LEARNING,nan,ARTICLE
266,LIU J; WATABE Y; GOTO T,Integrating sustainability themes for enhancing interdisciplinarity: a case study of a comprehensive research university in Japan,2022,ASIA PACIFIC EDUCATION REVIEW,10.1007/s12564-022-09788-z,ARTICLE
267,LO WS,Photographic Evidence from Psychology for Responsible Behavior for Societal Transformation during the COVID-19 Pandemic: Experiential Learning Applied to the Tourism and Hospitality Industry for Education for Sustainable Development (ESD) for 2030,2022,BEHAVIORAL SCIENCES,10.3390/bs12090307,ARTICLE
268,LORENZ T; GERSTER L; ELIAS WODZINOWSKI D; WARTENBERG A; MARTETSCHLAGER L; MOLITOR H; CREMER T; BLOCH R,"Innovative Teaching and Learning Formats for the Implementation of Agroforestry Systems-An Impact Analysis after Five Years of Experience with the Real-World Laboratory ""Ackerbaum""",2022,FORESTS,10.3390/f13071064,ARTICLE
269,MA JQ; JIN HX,Increasing Sustainability Literacy for Environmental Design Students: A Transdisciplinary Learning Practice,2022,SUSTAINABILITY,10.3390/su141912379,ARTICLE
270,MARTIN-SANCHEZ A; GONZALEZ-GOMEZ D; JEONG JS,"Service Learning as an Education for Sustainable Development (ESD) Teaching Strategy: Design, Implementation, and Evaluation in a STEM University Course",2022,SUSTAINABILITY,10.3390/su14126965,ARTICLE
271,MARTINEZ CASANOVAS M; RUIZ-MUNZON N; BUIL-FABREGA M,Higher education: the best practices for fostering competences for sustainable development through the use of active learning methodologies,2022,INTERNATIONAL JOURNAL OF SUSTAINABILITY IN HIGHER EDUCATION,10.1108/ijshe-03-2021-0082,ARTICLE
272,MARUYAMA H,A Deep Transformative Dimension of ESD in Japanese University: From Experiential to Emancipatory Learning in Online and Offline Environments,2022,SUSTAINABILITY,10.3390/su141710732,ARTICLE
273,MCKEOWN R; DOWN L,A Critical Reflection on Online Teaching for Sustainability,2022,SUSTAINABILITY,10.3390/su142113905,ARTICLE
274,MICKLETHWAITE P,Sustainable Design Masters: Increasing the Sustainability Literacy of Designers,2022,SUSTAINABILITY,10.3390/su14063255,ARTICLE
275,MORENO-PINO FRANCISCOMANUEL; JIMENEZ-FONTANA ROCIO; DOMINGO JOSEMARIACARDENOSO; GODED PILARAZCARATE,Training in Mathematics Education from a Sustainability Perspective: A Case Study of University Teachers' Views,2022,EDUCATION SCIENCES,10.3390/educsci12030199,ARTICLE
276,MPOFU-HAMADZIRIPI N; RAUCH F; DULLE M,Transforming Curricula in Higher Education: Description of Two Perspectives From the Global South and the Global North,2022,FRONTIERS IN EDUCATION,10.3389/feduc.2022.775406,ARTICLE
277,NIEMCZYK EK,The Complexity of Education for Sustainable Development: Insights from South African Higher Education,2022,SODOBNA PEDAGOGIKA/JOURNAL OF CONTEMPORARY EDUCATIONAL STUDIES,nan,ARTICLE
278,NOUSHEEN A; KALSOOM Q,Education for sustainable development amidst COVID-19 pandemic: role of sustainability pedagogies in developing students’ sustainability consciousness,2022,INTERNATIONAL JOURNAL OF SUSTAINABILITY IN HIGHER EDUCATION,10.1108/ijshe-04-2021-0154,ARTICLE
279,PAULAUSKAITE-TARASEVICIENE A; LAGZDINYTE-BUDNIKE I; GAIZIUNIENE L; SUKACKE V; DANIUSEVICIUTE-BRAZAITE L,Assessing Education for Sustainable Development in Engineering Study Programs: A Case of AI Ecosystem Creation,2022,SUSTAINABILITY,10.3390/su14031702,ARTICLE
280,PURWIANINGSIH W; NOVIDSA I; RIANDI R,PROGRAM FOR INTEGRATING EDUCATION FOR SUSTAINABLE DEVELOPMENT (ESD) INTO PROSPECTIVE BIOLOGY TEACHERS’ TECHNOLOGICAL PEDAGOGICAL CONTENT KNOWLEDGE (TPACK),2022,JURNAL PENDIDIKAN IPA INDONESIA,10.15294/jpii.v11i2.34772,ARTICLE
281,SAUDELLI MG; NIEMCZYK EK,Education for sustainable development: Insights from Canadian and South African universities,2022,PERSPECTIVES IN EDUCATION,10.18820/2519593x/pie.v40.i3.4,ARTICLE
282,SCHERAK L; RIECKMANN M,Development and Assessment of ESD Competences: Staff Training at the University of Vechta,2022,SUSTAINABLE DEVELOPMENT GOALS SERIES,10.1007/978-3-030-91055-6_15,BOOK CHAPTER
283,SCHIANO-PHAN R; GONCALVES JCS; VALLEJO JA,Pedagogy Pro-Design and Climate Literacy: Teaching Methods and Research Approaches for Sustainable Architecture,2022,SUSTAINABILITY,10.3390/su14116791,ARTICLE
284,SHAH Z; KENNEDY-CLARK S; XIE Y; RAHIM MS; MAHDAVI M; LEVULA A,Teacher Views on Teaching Sustainability in Higher Education Institutes in Australia,2022,SUSTAINABILITY,10.3390/su14148431,ARTICLE
285,SINGER-BRODOWSKI M; FORSTER R; ESCHENBACHER S; BIBERHOFER P; GETZIN S,Facing Crises of Unsustainability: Creating and Holding Safe Enough Spaces for Transformative Learning in Higher Education for Sustainable Development,2022,FRONTIERS IN EDUCATION,10.3389/feduc.2022.787490,ARTICLE
286,SU QUAN; CHANG YUANCHENG; CHEN PENGFEI,Design of a Green Skills Scale for Chinese University Students,2022,EDUCATIONAL RESEARCH AND REVIEWS,nan,ARTICLE
287,SUNDERMANN A; WEISER A; BARTH M,Meaning-making in higher education for sustainable development: undergraduates' long-term processes of experiencing and learning,2022,ENVIRONMENTAL EDUCATION RESEARCH,10.1080/13504622.2022.2069679,ARTICLE
288,VENEZIA E; PIZZUTILO F,EffSET: a Self-Evaluation Tool to Assess the Effectiveness of Education for Sustainable Development,2022,EUROPEAN JOURNAL OF SUSTAINABLE DEVELOPMENT,10.14207/ejsd.2022.v11n4p197,ARTICLE
289,VIVIANI A,Inclusion and education for sustainable development: The experience of the University of Siena,2022,PERSPECTIVES IN EDUCATION,10.18820/2519593x/pie.v40.i3.9,ARTICLE
290,WENDLANDT AMEZAGA TR; CAMARENA JL; CELAYA FIGUEROA R; GARDUNO REALIVAZQUEZ KA,"Measuring sustainable development knowledge, attitudes, and behaviors: evidence from university students in Mexico",2022,"ENVIRONMENT, DEVELOPMENT AND SUSTAINABILITY",10.1007/s10668-021-01467-0,ARTICLE
291,YANG M; WANG J; LI G,"Higher Education for Sustainable Development in China: Policies, Curriculum, Research, and Outreach Activities, and Campus Practices",2022,SUSTAINABLE DEVELOPMENT GOALS SERIES,10.1007/978-3-031-07191-1_8,BOOK CHAPTER
292,YOSHIDA M,Effects of Using World Indicators for Online ESD Learning,2022,SUSTAINABILITY,10.3390/su142113919,ARTICLE
293,ZUNIGA SANCHEZ O; MARUM-ESPINOSA E; ACEVES-AVILA CD,Education for sustainable development in the vision of university professors in Mexico,2022,REVISTA INTERUNIVERSITARIA DE FORMACION DEL PROFESORADO,10.47553/rifop.v98i36.2.91549,ARTICLE
294,ZWOLINSKA-GLADYS K; LORENC S; POMYKAA R,Sustainable Development in Education from Students' Perspective-Implementation of Sustainable Development in Curricula,2022,SUSTAINABILITY,10.3390/su14063398,ARTICLE
295,ADEFILA A; ARROBBIO O; BROWN G; ROBINSON Z; SPOLANDER G; SOLIEV I; WILLERS B; MORINI L; PADOVAN D; WIMPENNY K,Ecologized Collaborative Online International Learning: Tackling Wicked Sustainability Problems through Education for Sustainable Development,2021,JOURNAL OF TEACHER EDUCATION FOR SUSTAINABILITY,10.2478/jtes-2021-0004,ARTICLE
296,AVSEC S; FERK SAVEC V,"Pre-Service Teachers' Perceptions of, and Experiences with, Technology-Enhanced Transformative Learning towards Education for Sustainable Development",2021,SUSTAINABILITY,10.3390/su131810443,ARTICLE
297,BALAKRISHNAN B; TOCHINAI F; KANEMITSU H; AL-TALBE A,Education for sustainable development in Japan and Malaysia: a comparative study among engineering undergraduates,2021,INTERNATIONAL JOURNAL OF SUSTAINABILITY IN HIGHER EDUCATION,10.1108/ijshe-08-2020-0301,ARTICLE
298,BLAGA M; HOFER D; GRUNDMEIER AM; KOKSAL D; STRAHLE J; KAZLACHEVA Z; ZLATEV Z,E-LEARNING AS A TOOL FOR IMPLEMENTING A SUSTAINABLE FASHION CURRICULUM IN TEXTILE UNIVERSITIES IN EUROPE,2021,ELEARNING AND SOFTWARE FOR EDUCATION CONFERENCE,10.12753/2066-026x-21-153,ARTICLE; PROCEEDINGS PAPER
299,BRASSLER M; SPRENGER S,"Fostering Sustainability Knowledge, Attitudes, and Behaviours through a Tutor-Supported Interdisciplinary Course in Education for Sustainable Development",2021,SUSTAINABILITY,10.3390/su13063494,ARTICLE
300,BRASSLER M; SCHULTZE M,Students’ innovation in education for sustainable development—a longitudinal study on interdisciplinary vs. Monodisciplinary learning,2021,SUSTAINABILITY,10.3390/su13031322,ARTICLE
301,CAVALCANTI-BANDOS MF; QUISPE-PRIETO S; PAUCAR-CACERES A; BURROWES-CROMWEL T; ROJAS-JIMENEZ HH,"Provision of education for sustainability development and sustainability literacy in business programs in three higher education institutions in Brazil, Colombia and Peru",2021,INTERNATIONAL JOURNAL OF SUSTAINABILITY IN HIGHER EDUCATION,10.1108/ijshe-07-2020-0247,ARTICLE
302,CRAVERO S; STRADA F; LAMI I; BOTTINO A,Learning sustainability by making games. the experience of a challenge as a novel approach for Education for Sustainable Development,2021,INTERNATIONAL CONFERENCE ON HIGHER EDUCATION ADVANCES,10.4995/head21.2021.13192,ARTICLE; PROCEEDINGS PAPER
303,CURTIS HL; GABRIEL LC; SAHAKIAN M; CATTACIN S,Practice-Based Program Evaluation in Higher Education for Sustainability: A Student Participatory Approach,2021,SUSTAINABILITY,10.3390/su131910816,ARTICLE
304,DAWODU A; AWONFOR F; DAI H; LI S; WU C; YANG X; YAN Z,EDUCATION for SUSTAINABLE DEVELOPMENT: A STAKEHOLDER ANALYSIS between A CHINESE and SINO-FOREIGN UNIVERSITY,2021,WIT TRANSACTIONS ON ECOLOGY AND THE ENVIRONMENT,10.2495/sc210381,ARTICLE
305,DE LA FUENTE MJ,"Education for Sustainable Development in Foreign Language Learning: Content-Based Instruction in College-Level Curricula, First Edition",2021,"EDUCATION FOR SUSTAINABLE DEVELOPMENT IN FOREIGN LANGUAGE LEARNING: CONTENT-BASED INSTRUCTION IN COLLEGE-LEVEL CURRICULA, FIRST EDITION",10.4324/9781003080183,BOOK
306,DE SOUSA LO,Learning Experiences of a Participatory Approach to Educating for Sustainable Development in a South African Higher Education Institution Yielding Social Learning Indicators,2021,SUSTAINABILITY,10.3390/su13063210,ARTICLE
307,DECAMPS A; ALLAL-CHERIF O; GOMBAULT A,Fostering Knowledge of the Sustainable Development Goals in Universities: The Case of Sulitest,2021,SUSTAINABILITY,10.3390/su132313215,ARTICLE
308,GALVAO C; FARIA C; VIEGAS W; BRANCO A; GOULAO L,Inquiry in higher education for sustainable development: crossing disciplinary knowledge boundaries,2021,INTERNATIONAL JOURNAL OF SUSTAINABILITY IN HIGHER EDUCATION,10.1108/ijshe-02-2020-0068,ARTICLE
309,GOMERA A; DE TORO A; AGUILAR JE; GUIJARRO C; ANTUNEZ M; VAQUERO ABELLAN M,"Combining Management, Education and Participation for the Transformation of Universities towards Sustainability: The Trebol Programme",2021,SUSTAINABILITY,10.3390/su13115959,ARTICLE
310,GOMEZ-ZERMENO MG; ALEMAN DE LA GARZA LY,"Open laboratories for social innovation: A strategy for research and innovation in education for peace and sustainable developmentSustainable development is an issue of high relevance for all countries, and universities play a fundamental role in promotin",2021,INTERNATIONAL JOURNAL OF SUSTAINABILITY IN HIGHER EDUCATION,10.1108/ijshe-05-2020-0186,ARTICLE
311,HEMMER I; LINDAU AK,Sustainability concept (whole-institution approach) of the catholic university of eichstätt-ingolstadt (Germany),2021,WORLD SUSTAINABILITY SERIES,10.1007/978-3-030-63399-8_20,BOOK CHAPTER
312,HOGAN D; O'FLAHERTY J,Addressing Education for Sustainable Development in the Teaching of Science: The Case of a Biological Sciences Teacher Education Program,2021,SUSTAINABILITY,10.3390/su132112028,ARTICLE
313,HOINLE B; ROOSE I; SHEKHAR H,Creating Transdisciplinary Teaching Spaces. Cooperation of Universities and Non-University Partners to Design Higher Education for Regional Sustainable Transition,2021,SUSTAINABILITY,10.3390/su13073680,ARTICLE
314,HUSENBETH N; TEGELER MK,“The value of mixed teaching methods in the context of the sustainable development goals—An evaluation of a compulsory course using the example of a large group of students”,2021,WORLD SUSTAINABILITY SERIES,10.1007/978-3-030-63399-8_23,BOOK CHAPTER
315,KHALAIM O; TAMBOVCEVA T; EIRIKSDOTTIR L; URENJE S,Change project approach for reorienting university teaching towards the implementation of sustainability principles,2021,WORLD SUSTAINABILITY SERIES,10.1007/978-3-030-63399-8_17,BOOK CHAPTER
316,KHALAIM O; URENJE S,Climate change education in Ukrainian universities: Addressing transformative education for sustainable development,2021,WORLD SUSTAINABILITY SERIES,10.1007/978-3-030-63399-8_25,BOOK CHAPTER
317,KJELLGREN B; RICHTER T,Education for a Sustainable Future: Strategies for Holistic Global Competence Development at Engineering Institutions,2021,SUSTAINABILITY,10.3390/su132011184,ARTICLE
318,KLAVINS M,Education for sustainable development: A university perspective,2021,WORLD SUSTAINABILITY SERIES,10.1007/978-3-030-63399-8_18,BOOK CHAPTER
319,KRAH JM; REIMANN J; MOLITOR H,Sustainability in Brandenburg Study Programs. Perspectives for Anchoring Sustainability in Higher Education Curricula,2021,SUSTAINABILITY,10.3390/su13073958,ARTICLE
320,LAMBINI COSMASKOMBAT; GOESCHL ANGELINA; WASCH MAX; WITTAU MARTIN,Achieving the Sustainable Development Goals through Company Staff Vocational Training--The Case of the Federal Institute for Vocational Education and Training (BIBB) INEBB Project,2021,EDUCATION SCIENCES,10.3390/educsci11040179,ARTICLE
321,LEVESQUE VR; WAKE CP,Organizational change for sustainability education: a case study of one university's efforts to create and implement institution-wide sustainability competencies,2021,INTERNATIONAL JOURNAL OF SUSTAINABILITY IN HIGHER EDUCATION,10.1108/ijshe-09-2019-0285,ARTICLE
322,LING S; LANDON A; TARRANT M; RUBIN D,The Influence of Instructional Delivery Modality on Sustainability Literacy,2021,SUSTAINABILITY,10.3390/su131810274,ARTICLE
323,MARTIN-GARIN A; MILLAN-GARCIA JA; LEON I; OREGI X; ESTEVEZ J; MARIETA C,Pedagogical Approaches for Sustainable Development in Building in Higher Education,2021,SUSTAINABILITY,10.3390/su131810203,ARTICLE
324,MICHALOPOULOU E; TIERNEY A; ATKINS E; STANMORE T; MA L; JESTER N; PREIST C,Development and delivery of a sustainable development unit in UK universities: A higher education’s guide for future sustainability leaders,2021,WORLD SUSTAINABILITY SERIES,10.1007/978-3-030-63399-8_30,BOOK CHAPTER
325,OBERRAUCH A; MAYR H; NIKITIN I; BUGLER T; KOSLER T; VOLLMER C,“I wanted a profession that makes a difference”—An online survey of first-year students’ study choice motives and sustainability-related attributes,2021,SUSTAINABILITY,10.3390/su13158273,ARTICLE
326,PERBANDT D; HEINELT MS; BACELAR-NICOLAU P; MAPAR M; CAEIRO SS,Towards effective e-learning on sustainability: a case study-course on participatory processes in environmental politics,2021,INTERNATIONAL JOURNAL OF SUSTAINABILITY IN HIGHER EDUCATION,10.1108/ijshe-07-2020-0262,ARTICLE
327,PRICE EAC; WHITE RM; MORI K; LONGHURST J; BAUGHAN P; HAYLES CS; GOUGH G; PREIST C,Supporting the role of universities in leading individual and societal transformation through education for sustainable development,2021,DISCOVER SUSTAINABILITY,10.1007/s43621-021-00058-3,ARTICLE
328,SANCHEZ-CARRACEDO F; MORENO-PINO FM; ROMERO-PORTILLO D; SUREDA B,Education for Sustainable Development in Spanish University Education Degrees,2021,SUSTAINABILITY,10.3390/su13031467,ARTICLE
329,SENEVIRATHNE M; PRIYANKARA HAC; AMARATUNGA D; HAIGH R; WEERASINGHE N; NAWARATNE C; KAKLAUSKAS A,A capacity needs assessment to integrate MOOC-based climate change education with the higher education institutions in Europe and developing countries in Asia: findings of the focused group survey in PCHEI under the BECK project,2021,INTERNATIONAL JOURNAL OF DISASTER RESILIENCE IN THE BUILT ENVIRONMENT,10.1108/ijdrbe-07-2020-0074,ARTICLE
330,SIMS RJ; TALLAPRAGADA M; PAYTON TG; NOONAN K; PROSSER KL; CHILDRESS MJ,University Experiences of Marine Science Research and Outreach Beyond the Classroom,2021,INTEGRATIVE AND COMPARATIVE BIOLOGY,10.1093/icb/icab104,ARTICLE
331,TAYLOR J; JOKELA S; LAINE M; RAJANIEMI J; JOKINEN P; HAIKIO L; LONNQVIST A,"Learning and teaching interdisciplinary skills in sustainable urban development-the case of tampere university, Finland",2021,SUSTAINABILITY,10.3390/su13031180,ARTICLE
332,URENJE S; CHAURAYA M; CHIKUNDA C,"The Change Project Approach: A response for reorienting teacher education to address Education 2030 in southern Africa – The case of Midlands State University, Zimbabwe",2021,SOUTHERN AFRICAN JOURNAL OF ENVIRONMENTAL EDUCATION,10.4314/sajee.v37i1.6,ARTICLE
333,XING Z; LI L; WANG W,Evaluation for Education of the Sustainable Development of Engineering College Students Base on NLP Method,2021,"PROCEEDINGS - 2021 2ND INTERNATIONAL CONFERENCE ON INFORMATION SCIENCE AND EDUCATION, ICISE-IE 2021",10.1109/icise-ie53922.2021.00165,ARTICLE; PROCEEDINGS PAPER
334,ACOSTA-CASTELLANOS PM; QUEIRUGA-DIOS A; GOMEZ ARAQUE L; ROJAS RAMOS P,"The Evolution from the Environmental Education Model to the Education for Sustainable Development Model. Case Study of Environmental Engineering at Santo Tomas University, Colombia",2020,ACM INTERNATIONAL CONFERENCE PROCEEDING SERIES,10.1145/3434780.3436661,ARTICLE; PROCEEDINGS PAPER
335,AYERS J; BRYANT J; MISSIMER M,The Use of Reflective Pedagogies in Sustainability Leadership Education-A Case Study,2020,SUSTAINABILITY,10.3390/su12176726,ARTICLE
336,BADEA L; SERBAN-OPRESCU GL; DEDU S; PIROSCA GI,The Impact of Education for Sustainable Development on Romanian Economics and Business Students' Behavior,2020,SUSTAINABILITY,10.3390/su12198169,ARTICLE
337,BARTLETT PW; POPOV M; RUPPERT J,Integrating Core Sustainability Meta-Competencies and SDGs Across the Silos in Curriculum and Professional Development,2020,SUSTAINABLE DEVELOPMENT GOALS SERIES,10.1007/978-3-030-26157-3_6,BOOK CHAPTER
338,CAEIRO S; SANDOVAL-HAMON LAS; MARTINS R; BAYAS ALDAZ CEB,Sustainability Assessment and Benchmarking in Higher Education Institutions-A Critical Reflection,2020,SUSTAINABILITY,10.3390/su12020543,ARTICLE
339,CAEIRO SS; MIRANDA AZEITEIRO U,Sustainability assessment in higher education institutions,2020,SUSTAINABILITY,10.3390/su12083433,ARTICLE
340,CEBRIAN G,Education for sustainable development in the university curriculum: Cooperative action research with teachers,2020,REVISTA IBEROAMERICANA DE EDUCACION SUPERIOR,10.22201/iisue.20072872e.2020.30.590,ARTICLE
341,CORONADO-MARIN A; BAUTISTA-CERRO RUIZ MJ; MURGA-MENOYO MA,Students and University Teachers Facing the Curricular Change for Sustainability. Reporting in Sustainability Literacy and Teaching Methodologies at UNED,2020,WORLD SUSTAINABILITY SERIES,10.1007/978-3-030-26759-9_60,BOOK CHAPTER
342,DU XY; GUAN YB; HSIEH TS,Research on the Curriculum Development of Education for Sustainable Development(ESD) from the Perspective of VR / AR assisted instruction - - Take Guangdong Business and Technology University as an Example,2020,IOP CONFERENCE SERIES: EARTH AND ENVIRONMENTAL SCIENCE,10.1088/1755-1315/576/1/012019,ARTICLE; PROCEEDINGS PAPER
343,DZAMBO AM; MOONEY M; HANDLOS ZJ; LINDSTROM S; HANG Y; ACKERMAN SA,An interactive online course in climate and climate change,2020,BULLETIN OF THE AMERICAN METEOROLOGICAL SOCIETY,10.1175/bams-d-19-0271.1,ARTICLE
344,EXPOSITO LMC; GRANADOS SANCHEZ JG,Implementation of SDGs in university teaching: A course for professional development of teachers in education for sustainability for a transformative action,2020,SUSTAINABILITY,10.3390/su12198267,ARTICLE
345,HAJDUKIEWICZ A; PERA B,Education for Sustainable Development-The Case of Massive Open Online Courses,2020,SUSTAINABILITY,10.3390/su12208542,ARTICLE
346,HOLST J; BROCK A; SINGER-BRODOWSKI M; DE HAAN G,Monitoring Progress of Change: Implementation of Education for Sustainable Development (ESD) within Documents of the German Education System,2020,SUSTAINABILITY,10.3390/su12104306,ARTICLE
347,JODOIN JJ,Promoting language education for sustainable development: a program effects case study in Japanese higher education,2020,INTERNATIONAL JOURNAL OF SUSTAINABILITY IN HIGHER EDUCATION,10.1108/ijshe-09-2019-0258,ARTICLE
348,KERYAN T; MITROFANENKO T; MUHAR A; KHARTISHVILI L,UNESCO's Education for Sustainable Development Framework and the Reality of University-Community Cooperation in the Caucasus Mountain Region,2020,MOUNTAIN RESEARCH AND DEVELOPMENT,10.1659/mrd-journal-d-20-00023.1,ARTICLE
349,KONIUKHOV S; OSADCHA K,Implementation of education for sustainable development principles in the training of future software engineers,2020,E3S WEB OF CONFERENCES,10.1051/e3sconf/202016610035,ARTICLE; PROCEEDINGS PAPER
350,MAZUTTI J; BRANDLI L; LANGE SALVIA A; FRITZEN GOMES BM; DAMKE LI; DA ROCHA V; SANTOS RABELLO R,Smart and learning campus as living lab to foster education for sustainable development: an experience with air quality monitoring,2020,INTERNATIONAL JOURNAL OF SUSTAINABILITY IN HIGHER EDUCATION,10.1108/ijshe-01-2020-0016,ARTICLE
351,MIGUEL NP; LAGE JC; GALINDEZ AM,Assessment of the Development of Professional Skills in University Students: Sustainability and Serious Games,2020,SUSTAINABILITY,10.3390/su12031014,ARTICLE
352,NG TF; WEE MI; ARIFFIN FN; AHMAD SHABUDIN AF; HASSAN MS,Measuring the Effectiveness of Sustainability-Related Course Towards Strengthening the Universityâ€™s Sustainability Strategy in Teaching and Learning Programmes,2020,WORLD SUSTAINABILITY SERIES,10.1007/978-3-030-15604-6_33,BOOK CHAPTER
353,NIKOLIC VM; VUKIC TM; MALETASKI T; ANDEVSKI M,Students' attitudes towards sustainable development in Serbia,2020,INTERNATIONAL JOURNAL OF SUSTAINABILITY IN HIGHER EDUCATION,10.1108/ijshe-11-2019-0336,ARTICLE
354,ORLOVIC-LOVREN V; MARUNA M; STANAREVIC S,Reflections on the learning objectives for sustainable development in the higher education curricula - three cases from the University of Belgrade,2020,INTERNATIONAL JOURNAL OF SUSTAINABILITY IN HIGHER EDUCATION,10.1108/ijshe-09-2019-0260,ARTICLE
355,REY-GARCIA M; MATO-SANTISO V,Enhancing the effects of university education for sustainable development on social sustainability: the role of social capital and real-world learning,2020,INTERNATIONAL JOURNAL OF SUSTAINABILITY IN HIGHER EDUCATION,10.1108/ijshe-02-2020-0063,ARTICLE
356,RISOPOULOS-PICHLER F; DAGHOFER F; STEINER G,Competences for solving complex problems: A cross-sectional survey on higher education for sustainability learning and transdisciplinarity,2020,SUSTAINABILITY,10.3390/su12156016,ARTICLE
357,SA FARINHA CS; CAEIRO SS; MIRANDA AZEITEIRO U,Universities speak up regarding the implementation of sustainable development challenges: The case of Portugal,2020,INTERNATIONAL JOURNAL OF SUSTAINABILITY IN HIGHER EDUCATION,10.1108/ijshe-08-2019-0250,ARTICLE
358,SANDOVAL-HAMON LAS; MARTINHO AP; RAMOS MR; BAYAS ALDAZ CEB,Do Spanish Students Become More Sustainable after the Implementation of Sustainable Practices by Universities?,2020,SUSTAINABILITY,10.3390/su12187502,ARTICLE
359,SAQIB ZA; ZHANG Q; OU J; SAQIB KA; MAJEED S; RAZZAQ A,Education for sustainable development in Pakistani higher education institutions: an exploratory study of students' and teachers' perceptions,2020,INTERNATIONAL JOURNAL OF SUSTAINABILITY IN HIGHER EDUCATION,10.1108/ijshe-01-2020-0036,ARTICLE
360,SCHERAK L; RIECKMANN M,Developing ESD Competences in Higher Education Institutions-Staff Training at the University of Vechta,2020,SUSTAINABILITY,10.3390/su122410336,ARTICLE
361,SHCHITOVA NA; BELOZEROV VS; ZOLNIKOVA JF,Formation of competencies in the field of sustainable development among students on the direction of training ⇜geography⇝,2020,"INTERCARTO, INTERGIS",10.35595/2414-9179-2020-1-26-22-29,ARTICLE; PROCEEDINGS PAPER
362,SIERRA J,The potential of simulations for developing multiple learning outcomes: The student perspective,2020,INTERNATIONAL JOURNAL OF MANAGEMENT EDUCATION,10.1016/j.ijme.2019.100361,ARTICLE
363,SINGH-PILLAY A,Pre-service Technology Teachers' Experiences of Project Based Learning as Pedagogy for Education for Sustainable Development,2020,UNIVERSAL JOURNAL OF EDUCATIONAL RESEARCH,10.13189/ujer.2020.080530,ARTICLE
364,VALDERRAMA-HERNANDEZ R; SANCHEZ-CARRACEDO F; ALCANTARA-RUBIO LA; LIMON-DOMINGUEZ D,Methodology to Analyze the Effectiveness of ESD in a Higher Degree in Education. A Case Study,2020,SUSTAINABILITY,10.3390/su12010222,ARTICLE
365,WENG SS; LIU Y; DAI J; CHUANG YC,A Novel Improvement Strategy of Competency for Education for Sustainable Development (ESD) of University Teachers Based on Data Mining,2020,SUSTAINABILITY,10.3390/su12072679,ARTICLE
366,ZELTINA M,Integration design thinking with education for sustainable development,2020,"INTERNATIONAL MULTIDISCIPLINARY SCIENTIFIC GEOCONFERENCE SURVEYING GEOLOGY AND MINING ECOLOGY MANAGEMENT, SGEM",10.5593/sgem2020/5.2/s22.097,ARTICLE; PROCEEDINGS PAPER
367,ABNER M; BAYTAR F; KREINER D,Applying the ESD approach in textile and apparel education,2019,INTERNATIONAL JOURNAL OF SUSTAINABILITY IN HIGHER EDUCATION,10.1108/ijshe-02-2018-0029,ARTICLE
368,B FRANCO I; SAITO O; VAUGHTER P; WHEREAT J; KANIE N; TAKEMOTO K,"Higher education for sustainable development: actioning the global goals in policy, curriculum and practice",2019,SUSTAINABILITY SCIENCE,10.1007/s11625-018-0628-4,ARTICLE
369,BRANDT JO; BURGENER L; BARTH M; REDMAN A,Becoming a competent teacher in education for sustainable development: Learning outcomes and processes in teacher education,2019,INTERNATIONAL JOURNAL OF SUSTAINABILITY IN HIGHER EDUCATION,10.1108/ijshe-10-2018-0183,ARTICLE
370,CONTRERAS MFS; MURGA-MENOYO MA,Place-based education: An approach for a sustainable curriculum in higher education,2019,BORDON. REVISTA DE PEDAGOGIA,10.13042/bordon.2019.68295,ARTICLE
371,COTTAFAVA D; CAVAGLIA G; CORAZZA L,Education of sustainable development goals through students’ active engagement: A transformative learning experience,2019,"SUSTAINABILITY ACCOUNTING, MANAGEMENT AND POLICY JOURNAL",10.1108/sampj-05-2018-0152,ARTICLE
372,DLOUHA J; HERAS R; MULA I; PEREZ SALGADO FP; HENDERSON L,Competences to Address SDGs in Higher Education-A Reflection on the Equilibrium between Systemic and Personal Approaches to Achieve Transformative Action,2019,SUSTAINABILITY,10.3390/su11133664,ARTICLE
373,EMBLEN-PERRY K,Closing graduates’ sustainability skills gaps by using the university as a live sustainability case study,2019,WORLD SUSTAINABILITY SERIES,10.1007/978-3-030-15864-4_17,BOOK CHAPTER
374,FUERTES CAMACHO MT; GRAELL-MARTIN M; FUENTES-LOSS M; BALAGUER FABREGAS MC,"Integrating Sustainability into Higher Education Curricula through the Project Method, a Global Learning Strategy",2019,SUSTAINABILITY,10.3390/su11030767,ARTICLE
375,HOGFELDT AK; ROSEN A; MWASE C; LANTZ A; GUMAELIUS L; SHAYO E; LUJARA S; MVUNGI N,Mutual Capacity Building through North-South Collaboration Using Challenge-Driven Education,2019,SUSTAINABILITY,10.3390/su11247236,ARTICLE
376,JIA Q; WANG Y; FENGTING L,"Establishing transdisciplinary minor programme as a way to embed sustainable development into higher education system: Case by Tongji University, China",2019,INTERNATIONAL JOURNAL OF SUSTAINABILITY IN HIGHER EDUCATION,10.1108/ijshe-05-2018-0095,ARTICLE
377,LEVASSEUR T; CIARCIA C,Sustainability Literacy in a Time of Socio-Ecological Crisis: Using Reaccreditation as a Leverage Point for Innovation in Higher Education,2019,SUSTAINABILITY,10.3390/su11185104,ARTICLE
378,LITZNER ORDONEZ LI; RIE W,Education for sustainable development in the context of higher education in Bolivia. Perceptions of university professors,2019,TEORIA DE LA EDUCACION,10.14201/teri.19037,ARTICLE
379,MARUNA M,Toward the Integration of SDGs in Higher Planning Education: Insights from Integrated Urbanism Study Program in Belgrade,2019,SUSTAINABILITY,10.3390/su11174519,ARTICLE
380,PACHECO L; LUO L; PUJOL T; GONZALEZ JR; FERRER I,Impactful engineering education through sustainable energy collaborations with public and private entities,2019,INTERNATIONAL JOURNAL OF SUSTAINABILITY IN HIGHER EDUCATION,10.1108/ijshe-10-2018-0166,ARTICLE
381,STRACHAN SM; MARSHALL S; MURRAY P; COYLE EJ; SONNENBERG-KLEIN J,Using Vertically Integrated Projects to embed research-based education for sustainable development in undergraduate curricula,2019,INTERNATIONAL JOURNAL OF SUSTAINABILITY IN HIGHER EDUCATION,10.1108/ijshe-10-2018-0198,ARTICLE
382,TRAD SP,A framework for mapping sustainability within tertiary curriculum,2019,INTERNATIONAL JOURNAL OF SUSTAINABILITY IN HIGHER EDUCATION,10.1108/ijshe-09-2018-0151,ARTICLE
383,WILHELM S; FORSTER R; ZIMMERMANN AB,Implementing Competence Orientation: Towards Constructively Aligned Education for Sustainable Development in University-Level Teaching-And-Learning,2019,SUSTAINABILITY,10.3390/su11071891,ARTICLE
384,WINFIELD F; NDLOVU T,“Future-proof your Degree”: Embedding sustainability and employability at Nottingham Business School (NBS),2019,INTERNATIONAL JOURNAL OF SUSTAINABILITY IN HIGHER EDUCATION,10.1108/ijshe-10-2018-0196,ARTICLE
385,AL-NAQBI AK; ALSHANNAG Q,"The status of education for sustainable development and sustainability knowledge, attitudes, and behaviors of UAE University students",2018,INTERNATIONAL JOURNAL OF SUSTAINABILITY IN HIGHER EDUCATION,10.1108/ijshe-06-2017-0091,ARTICLE
386,ALVAREZ-NIETO C; RICHARDSON J; PARRA G; LINARES-ABAD M; HUSS N; GRANDE GASCON ML; GROSE J; HUYNEN M; LOPEZ-MEDINA IM,Developing digital educational materials for nursing and sustainability: The results of an observational study,2018,NURSE EDUCATION TODAY,10.1016/j.nedt.2017.10.008,ARTICLE
387,BIASUTTI M; MAKRAKIS V; CONCINA E; FRATE S,Educating academic staff to reorient curricula in ESD,2018,INTERNATIONAL JOURNAL OF SUSTAINABILITY IN HIGHER EDUCATION,10.1108/ijshe-11-2016-0214,ARTICLE
388,CIRAVEGNA-MARTINS-DA-FONSECA LM; PORTELA AR; DUARTE B; QUEIROS J; PAIVA L,Mapping higher education for sustainable development in Portugal,2018,MANAGEMENT AND MARKETING,10.2478/mmcks-2018-0023,ARTICLE
389,CONSORTE-MCCREA A; GRIGGS C; KEMP N,Curriculum review of ESD at CCCU: A case study in health and wellbeing,2018,WORLD SUSTAINABILITY SERIES,10.1007/978-3-319-70281-0_15,BOOK CHAPTER
390,ELY AV,"Experiential learning in ""innovation for sustainability"": An evaluation of teaching and learning activities (TLAs) in an international masters course",2018,INTERNATIONAL JOURNAL OF SUSTAINABILITY IN HIGHER EDUCATION,10.1108/ijshe-08-2017-0141,ARTICLE
391,EMBLEN-PERRY K,Promoting Education for Sustainability Through Game-Based Learning: Using the Sustainable Strategies Game to Improve Students’ Knowledge and Skills of Sustainable Business Practices,2018,WORLD SUSTAINABILITY SERIES,10.1007/978-3-319-63007-6_51,BOOK CHAPTER
392,FISELIER ES; LONGHURST JWS; GOUGH GK,Exploring the current position of ESD in UK higher education institutions,2018,INTERNATIONAL JOURNAL OF SUSTAINABILITY IN HIGHER EDUCATION,10.1108/ijshe-06-2017-0084,ARTICLE
393,FISELIER ES; LONGHURST JWS,A critical evaluation of the representation of the QAA and hea guidance on esd in public web environments of UK higher education institutions,2018,WORLD SUSTAINABILITY SERIES,10.1007/978-3-319-70281-0_14,BOOK CHAPTER
394,GRIERSON D; MUNRO K,TRANSFORMATIVE LEARNING METHODS IN INTERDISCIPLINARY POSTGRADUATE EDUCATION FOR SUSTAINABLE DEVELOPMENT (ESD),2018,ARCHNET-IJAR INTERNATIONAL JOURNAL OF ARCHITECTURAL RESEARCH,10.26687/archnet-ijar.v12i1.1430,ARTICLE
395,HERNANDEZ-DIAZ PM; VARGAS V; PAUCAR-CACERES A,Education for sustainable development: an exploratory survey of a sample of latin american higher education institutions,2018,WORLD SUSTAINABILITY SERIES,10.1007/978-3-319-70281-0_9,BOOK CHAPTER
396,HINDLEY A; WALL T,"A unifying, boundary-crossing approach to developing climate literacy",2018,WORLD SUSTAINABILITY SERIES,10.1007/978-3-319-70281-0_16,BOOK CHAPTER
397,LONGHURST JWS; GOUGH GK,"Towards a sustainable university: A case study of the university of the west of England, Bristol",2018,WIT TRANSACTIONS ON ECOLOGY AND THE ENVIRONMENT,10.2495/sdp180681,ARTICLE
398,MURGA-MENOYO MA; CORREIA F; ESPINOSA A,Transition Towards Sustainability in Hull University Business School: A Study of Curricular Sustainability in the Teaching Processes,2018,WORLD SUSTAINABILITY SERIES,10.1007/978-3-319-63007-6_48,BOOK CHAPTER
399,NISHIMURA AK; MALHEIROS TF,Inclusion of Sustainability in Higher Education Institutions: A Comparative Study of SÃ£o Carlos School of Engineeringâ€”University of SÃ£o Paulo and the Leuphana University of LÃ¼neburg,2018,WORLD SUSTAINABILITY SERIES,10.1007/978-3-319-76885-4_27,BOOK CHAPTER
400,ROSENBERG E; LOTZ-SISITKA H; RAMSARUP P,"The green economy learning assessment South Africa: Lessons for higher education, skills and work-based learning",2018,"HIGHER EDUCATION, SKILLS AND WORK-BASED LEARNING",10.1108/heswbl-03-2018-0041,ARTICLE
401,SCHMITT CT; PALM S,Sustainability at German Universities: The University of Hamburg as a Case Study for Sustainability-Oriented Organizational Development,2018,WORLD SUSTAINABILITY SERIES,10.1007/978-3-319-63007-6_39,BOOK CHAPTER
402,TRECHSEL LJ; ZIMMERMANN AB; GRAF D; HERWEG K; LUNDSGAARD-HANSEN L; RUFER L; TRIBELHORN T; WASTL-WALTER D,Mainstreaming Education for Sustainable Development at a Swiss University: Navigating the Traps of Institutionalization,2018,HIGHER EDUCATION POLICY,10.1057/s41307-018-0102-z,ARTICLE
403,WILL M; NEUMANN C; BRAUWEILER J,"Professional, methodical and didactical facets of ESD in a masters course curriculum—a case study from germany",2018,WORLD SUSTAINABILITY SERIES,10.1007/978-3-319-70281-0_19,BOOK CHAPTER
404,WILLATS J; ERLANDSSON L; MOLTHAN-HILL P; DHARMASASMITA A; SIMMONS E,A university wide approach to embedding the sustainable development goals in the curriculum—a case study from the nottingham trent university’s Green academy,2018,WORLD SUSTAINABILITY SERIES,10.1007/978-3-319-70281-0_5,BOOK CHAPTER
405,AMADO A; DALELO A; ADOMSSENT M; FISCHER D,Engaging teacher educators with the sustainability agenda: A case study of a pilot professional development program from Ethiopia,2017,INTERNATIONAL JOURNAL OF SUSTAINABILITY IN HIGHER EDUCATION,10.1108/ijshe-02-2016-0029,ARTICLE
406,ANDERSSON K,Starting the pluralistic tradition of teaching? Effects of education for sustainable development (ESD) on pre-service teachers' views on teaching about sustainable development,2017,ENVIRONMENTAL EDUCATION RESEARCH,10.1080/13504622.2016.1174982,ARTICLE
407,BIBERHOFER P; RAMMEL C,Transdisciplinary learning and teaching as answers to urban sustainability challenges,2017,INTERNATIONAL JOURNAL OF SUSTAINABILITY IN HIGHER EDUCATION,10.1108/ijshe-04-2015-0078,ARTICLE
408,CEBRIAN G,A collaborative action research project towards embedding ESD within the higher education curriculum,2017,INTERNATIONAL JOURNAL OF SUSTAINABILITY IN HIGHER EDUCATION,10.1108/ijshe-02-2016-0038,ARTICLE
409,CICMIL S; GOUGH GK; HILLS S,"Insights into responsible education for sustainable development: The case of UWE, Bristol",2017,INTERNATIONAL JOURNAL OF MANAGEMENT EDUCATION,10.1016/j.ijme.2017.03.002,ARTICLE
410,DE KRAKER J; DLOUHA J; MACHACKOVA-HENDERSON L; KAPITULCINOVA D,The European virtual seminar on sustainable development as an opportunity for staff ESD competence development within university curricula,2017,INTERNATIONAL JOURNAL OF SUSTAINABILITY IN HIGHER EDUCATION,10.1108/ijshe-03-2016-0040,ARTICLE
411,DECAMPS A; BARBAT G; CARTERON JC; HANDS V; PARKES C,Sulitest: A collaborative initiative to support and assess sustainability literacy in higher education,2017,INTERNATIONAL JOURNAL OF MANAGEMENT EDUCATION,10.1016/j.ijme.2017.02.006,ARTICLE
412,DI GIULIO A; DEFILA R,Enabling university educators to equip students with inter- and transdisciplinary competencies,2017,INTERNATIONAL JOURNAL OF SUSTAINABILITY IN HIGHER EDUCATION,10.1108/ijshe-02-2016-0030,ARTICLE
413,DUMITRU DE,Reorienting higher education pedagogical and professional development curricula toward sustainability - a Romanian perspective,2017,INTERNATIONAL JOURNAL OF SUSTAINABILITY IN HIGHER EDUCATION,10.1108/ijshe-03-2016-0046,ARTICLE
414,FAHAM E; REZVANFAR A; MOVAHED MOHAMMADI SH; RAJABI NOHOOJI M,Using system dynamics to develop education for sustainable development in higher education with the emphasis on the sustainability competencies of students,2017,TECHNOLOGICAL FORECASTING AND SOCIAL CHANGE,10.1016/j.techfore.2016.03.023,ARTICLE
415,GUERRA A,Integration of sustainability in engineering education: Why is PBL an answer?,2017,INTERNATIONAL JOURNAL OF SUSTAINABILITY IN HIGHER EDUCATION,10.1108/ijshe-02-2016-0022,ARTICLE
416,MASSECK T,Living Labs in Architecture as Innovation Arenas within Higher Education Institutions,2017,ENERGY PROCEDIA,10.1016/j.egypro.2017.05.035,ARTICLE; PROCEEDINGS PAPER
417,MERCER TG; KYTHREOTIS AP; ROBINSON ZP; STOLTE T; GEORGE SM; HAYWOOD SK,The use of educational game design and play in higher education to influence sustainable behaviour,2017,INTERNATIONAL JOURNAL OF SUSTAINABILITY IN HIGHER EDUCATION,10.1108/ijshe-03-2015-0064,ARTICLE
418,NIKOLIC V; MILUTINOVIC S; NEDANOVSKI P; MRNJAUS K,"ESD professional development of university educators in Serbia, Croatia and Macedonia: A comparative analysis",2017,INTERNATIONAL JOURNAL OF SUSTAINABILITY IN HIGHER EDUCATION,10.1108/ijshe-02-2016-0036,ARTICLE
419,OSMAN O; IBRAHIM K; KOSHY K; AKIB NAM; AHMAD SHABUDIN AF,The Sustainability Journey of USM: Solution Oriented Campus Ecosphere for Vitalising Higher Education Action on GAP,2017,WORLD SUSTAINABILITY SERIES,10.1007/978-3-319-47895-1_23,BOOK CHAPTER
420,PFEIFFER E; WEHN U; CHARLI-JOSEPH L; LERNER AM; IRVINE K,Training sustainability change agents: Lessons from international water education,2017,WORLD SUSTAINABILITY SERIES,10.1007/978-3-319-47877-7_3,BOOK CHAPTER
421,RATH K; SCHMITT CT,Sustainability at Universities: Degrees of Institutionalization for Sustainability at German Higher Education Institutions—A Categorization Pattern,2017,WORLD SUSTAINABILITY SERIES,10.1007/978-3-319-47868-5_28,BOOK CHAPTER
422,RODRIGUEZ-SOLERA CR; SILVA-LAYA M,Higher education for sustainable development at EARTH University,2017,INTERNATIONAL JOURNAL OF SUSTAINABILITY IN HIGHER EDUCATION,10.1108/ijshe-06-2015-0104,ARTICLE
423,WARWICK P; WYNESS L; CONWAY H,'Think of the future': Managing educational change from students' perspectives of an undergraduate sustainable business programme,2017,INTERNATIONAL JOURNAL OF MANAGEMENT EDUCATION,10.1016/j.ijme.2017.03.010,ARTICLE
424,YEUNG SK; SO WMW; CHENG NYI; CHEUNG TY; CHOW CF,Comparing pedagogies for plastic waste management at university level,2017,INTERNATIONAL JOURNAL OF SUSTAINABILITY IN HIGHER EDUCATION,10.1108/ijshe-04-2016-0073,ARTICLE
425,ZINN S; ISENMANN R,Munich University of Applied Sciences Towards a â€œWhole Institution Approachâ€â€”Illustrations Along x-Disciplinary Perspectives to Education for Sustainable Development,2017,WORLD SUSTAINABILITY SERIES,10.1007/978-3-319-47889-0_16,BOOK CHAPTER
426,BALANAY RM; HALOG A,Teaching Education for Sustainable Development at University Level: A Case Study from the Philippines,2016,WORLD SUSTAINABILITY SERIES,10.1007/978-3-319-32928-4_11,BOOK CHAPTER
427,BIASUTTI MICHELE; DE BAZ THEODORA; ALSHAWA HALA,Assessing the infusion of sustainability principles into university curricula,2016,JOURNAL OF TEACHER EDUCATION FOR SUSTAINABILITY,10.1515/jtes-2016-0012,ARTICLE
428,BLOCK M; BRASSLER M; ORTH V; RIECKE M; RODRIGUEZ-LOPEZ JMR; PERINO G; TAN WH; LAMPARTER M,Dies Oecologicusâ€”How to Foster a Whole Institutional Change with a Student-Led Project as Tipping Point for Sustainable Development at Universities,2016,WORLD SUSTAINABILITY SERIES,10.1007/978-3-319-32928-4_24,BOOK CHAPTER
429,DENBY L; RICKARDS S,"An Approach to Embedding Sustainability into Undergraduate Curriculum: Macquarie University, Australia Case Study",2016,WORLD SUSTAINABILITY SERIES,10.1007/978-3-319-32928-4_2,BOOK CHAPTER
430,ILISKO D,Inquiry-Based Educational Course in Higher Education Towards Sustainable Communities: A Case Study,2016,WORLD SUSTAINABILITY SERIES,10.1007/978-3-319-32928-4_9,BOOK CHAPTER
431,ISENMANN R; ZINN S; KREULICH K; PETER A,ZukunftGestalten@HM—Future City. Transdisciplinary Approach Combining Higher Education for Sustainable Development and Designing the Future of the City of Munich in an Urban Real Lab Case,2016,WORLD SUSTAINABILITY SERIES,10.1007/978-3-319-26734-0_20,BOOK CHAPTER
432,LANGDOWN A; HANNAN E,From Individuation to Autonomy: Enabling Fashion Design Students to See a Bigger Picture,2016,WORLD SUSTAINABILITY SERIES,10.1007/978-3-319-32928-4_22,BOOK CHAPTER
433,SAMMALISTO K; SUNDSTROM A; VON HAARTMAN R; HOLM T; YAO Z,Learning about Sustainability-What Influences Students' Self-Perceived Sustainability Actions after Undergraduate Education?,2016,SUSTAINABILITY,10.3390/su8060510,ARTICLE
434,SIVAPALAN S,Engineering education for sustainable development in malaysia: Student stakeholders perspectives on the integration of holistic sustainability competences within undergraduate engineering programmes,2016,WORLD SUSTAINABILITY SERIES,10.1007/978-3-319-26734-0_17,BOOK CHAPTER
435,THOMAS I; DEPASQUALE J,"Connecting curriculum, capabilities and careers",2016,INTERNATIONAL JOURNAL OF SUSTAINABILITY IN HIGHER EDUCATION,10.1108/ijshe-03-2015-0049,ARTICLE
436,VARGAS V; HEYES G,Scaling up the Woven Filigree: (un)Common Systemic Thinking to Embedding Sustainability into the Curriculum in a Large-Scale Higher Education Institution in the UK,2016,WORLD SUSTAINABILITY SERIES,10.1007/978-3-319-32928-4_21,BOOK CHAPTER
437,WINTER J; COTTON D; WARWICK P,The University as a Site of Socialisation for Sustainability Education,2016,WORLD SUSTAINABILITY SERIES,10.1007/978-3-319-32928-4_7,BOOK CHAPTER
438,SHEPHARD K; HARRAWAY J; LOVELOCK B; MIROSA M; SKEAFF S; SLOOTEN L; STRACK M; FURNARI M; JOWETT T; DEAKER L,Seeking learning outcomes appropriate for 'education for sustainable development' and for higher education,2015,ASSESSMENT AND EVALUATION IN HIGHER EDUCATION,10.1080/02602938.2015.1009871,ARTICLE
439,TIERNEY A; TWEDDELL H; WILLMORE C,Measuring education for sustainable development: Experiences from the University of Bristol,2015,INTERNATIONAL JOURNAL OF SUSTAINABILITY IN HIGHER EDUCATION,10.1108/ijshe-07-2013-0083,ARTICLE
440,VELAZQUEZ CONTRERAS LEV; MUNGUIA-VEGA NEM; PULGARIN AGH; PICAZZO-PALENCIA EP,Designing a distance learning sustainability bachelor's degree,2015,"ENVIRONMENT, DEVELOPMENT AND SUSTAINABILITY",10.1007/s10668-015-9622-5,ARTICLE
441,ROONEY-VARGA JULIETTEN; BRISK ANGELICAALLENDE; ADAMS ELIZABETH; SHULDMAN ELIZABETH; RATH KENNETH,Student Media Production to Meet Challenges in Climate Change Science Education,2014,JOURNAL OF GEOSCIENCE EDUCATION,nan,ARTICLE
442,SIMS LAURA; FALKENBERG THOMAS,Developing Competencies for Education for Sustainable Development: A Case Study of Canadian Faculties of Education,2013,INTERNATIONAL JOURNAL OF HIGHER EDUCATION,nan,ARTICLE
