abstract_id,source_id,title,disagreement_type,pattern,recommendation,reviewer_1_name,reviewer_1_decision,reviewer_1_confidence,reviewer_2_name,reviewer_2_decision,reviewer_2_confidence,reviewer_3_name,reviewer_3_decision,reviewer_3_confidence
40634,AnhGui_2026,Guidelines to enhance stakeholder management in higher education institutions,partial,INCLUDE(2) vs EXCLUDE(1),Mayoria hacia INCLUDE. Verificar los criterios de evaluacion de Climate Literacy & Green Skills Specialist para entender la discrepancia.,Lead Methodologist,INCLUDE,70,ESD & Sustainability Education Expert,INCLUDE,78,Climate Literacy & Green Skills Specialist,EXCLUDE,70
40646,KhaCas_2020,Case Study to Analyze the Impact of Multi-Course Project-Based Learning Approach on Education for Sustainable Development,partial,INCLUDE(2) vs EXCLUDE(1),Mayoria hacia INCLUDE. Verificar los criterios de evaluacion de Climate Literacy & Green Skills Specialist para entender la discrepancia.,Lead Methodologist,INCLUDE,82,ESD & Sustainability Education Expert,INCLUDE,85,Climate Literacy & Green Skills Specialist,EXCLUDE,70
40654,HobOne_2024,"One Health Education Nexus: enhancing synergy among science-, school-, and teacher education beyond academic silos",partial,INCLUDE(2) vs EXCLUDE(1),Mayoria hacia INCLUDE. Verificar los criterios de evaluacion de Climate Literacy & Green Skills Specialist para entender la discrepancia.,Lead Methodologist,INCLUDE,78,ESD & Sustainability Education Expert,INCLUDE,85,Climate Literacy & Green Skills Specialist,EXCLUDE,70
40657,FilSus_2020,Sustainability leadership in higher education institutions: An overview of challenges,partial,INCLUDE(2) vs EXCLUDE(1),Mayoria hacia INCLUDE. Verificar los criterios de evaluacion de Climate Literacy & Green Skills Specialist para entender la discrepancia.,Lead Methodologist,INCLUDE,82,ESD & Sustainability Education Expert,INCLUDE,78,Climate Literacy & Green Skills Specialist,EXCLUDE,70
40659,KanSus_2019,Sustainable development concept in the chemistry curriculum: An exploration of foundation students’ perspective,partial,INCLUDE(2) vs EXCLUDE(1),Mayoria hacia INCLUDE. Verificar los criterios de evaluacion de Climate Literacy & Green Skills Specialist para entender la discrepancia.,Lead Methodologist,INCLUDE,78,ESD & Sustainability Education Expert,INCLUDE,78,Climate Literacy & Green Skills Specialist,EXCLUDE,70
40663,KanA f_2021,A framework for integrating sustainable development concepts into the chemistry curriculum towards achieving education for sustainable development in Malaysia,partial,INCLUDE(2) vs EXCLUDE(1),Mayoria hacia INCLUDE. Verificar los criterios de evaluacion de Climate Literacy & Green Skills Specialist para entender la discrepancia.,Lead Methodologist,INCLUDE,82,ESD & Sustainability Education Expert,INCLUDE,78,Climate Literacy & Green Skills Specialist,EXCLUDE,70
40667,MulCat_2017,Catalysing Change in Higher Education for Sustainable Development: A review of professional development initiatives for university educators,partial,INCLUDE(2) vs EXCLUDE(1),Mayoria hacia INCLUDE. Verificar los criterios de evaluacion de Lead Methodologist para entender la discrepancia.,Lead Methodologist,EXCLUDE,70,ESD & Sustainability Education Expert,INCLUDE,85,Climate Literacy & Green Skills Specialist,INCLUDE,78
40670,HanDev_2021,Development of green skills module for meat processing technology study,partial,INCLUDE(2) vs EXCLUDE(1),Mayoria hacia INCLUDE. Verificar los criterios de evaluacion de Climate Literacy & Green Skills Specialist para entender la discrepancia.,Lead Methodologist,INCLUDE,78,ESD & Sustainability Education Expert,INCLUDE,78,Climate Literacy & Green Skills Specialist,EXCLUDE,70
40677,JouExp_2021,Exploring environmental sustainability in UK and US dental curricula and related barriers and enablers: a cross-sectional survey in two dental schools,partial,INCLUDE(2) vs EXCLUDE(1),Mayoria hacia INCLUDE. Verificar los criterios de evaluacion de Climate Literacy & Green Skills Specialist para entender la discrepancia.,Lead Methodologist,INCLUDE,78,ESD & Sustainability Education Expert,INCLUDE,78,Climate Literacy & Green Skills Specialist,EXCLUDE,70
40683,HamInt_2025,"Integrating Circular Economy Through Refuse, Rethink and Reduce in Vocational Education for Sustainable Development",partial,INCLUDE(2) vs EXCLUDE(1),Mayoria hacia INCLUDE. Verificar los criterios de evaluacion de Climate Literacy & Green Skills Specialist para entender la discrepancia.,Lead Methodologist,INCLUDE,78,ESD & Sustainability Education Expert,INCLUDE,78,Climate Literacy & Green Skills Specialist,EXCLUDE,50
40684,NieInt_2023,Integrative role of human geography in solving global problems of modernity,partial,EXCLUDE(2) vs INCLUDE(1),Mayoria hacia EXCLUDE. Verificar los criterios de evaluacion de Lead Methodologist para entender la discrepancia.,Lead Methodologist,INCLUDE,78,ESD & Sustainability Education Expert,EXCLUDE,50,Climate Literacy & Green Skills Specialist,EXCLUDE,70
40689,RadOut_2023,Outdoor Science Approach with Peer Tutoring at University Level as an Example of Implementing Sustainable Development Strategies,partial,INCLUDE(2) vs EXCLUDE(1),Mayoria hacia INCLUDE. Verificar los criterios de evaluacion de Climate Literacy & Green Skills Specialist para entender la discrepancia.,Lead Methodologist,INCLUDE,82,ESD & Sustainability Education Expert,INCLUDE,85,Climate Literacy & Green Skills Specialist,EXCLUDE,70
40692,BonSci_2025,Scientific Collections as Educational Resources: A Methodological Experience with the Ichthyofauna of the Tapajós River for Sustainable Development,partial,EXCLUDE(2) vs INCLUDE(1),Mayoria hacia EXCLUDE. Verificar los criterios de evaluacion de ESD & Sustainability Education Expert para entender la discrepancia.,Lead Methodologist,EXCLUDE,70,ESD & Sustainability Education Expert,INCLUDE,78,Climate Literacy & Green Skills Specialist,EXCLUDE,70
40700,NölTra_2020,Transfer for Sustainable Development at Higher Education Institutions-Untapped Potential for Education for Sustainable Development and for Societal Transformation,partial,INCLUDE(2) vs EXCLUDE(1),Mayoria hacia INCLUDE. Verificar los criterios de evaluacion de Climate Literacy & Green Skills Specialist para entender la discrepancia.,Lead Methodologist,INCLUDE,78,ESD & Sustainability Education Expert,INCLUDE,78,Climate Literacy & Green Skills Specialist,EXCLUDE,70
40704,BaeAna_2023,Analysing the sustainability competencies of preservice teachers in Spain,partial,INCLUDE(2) vs EXCLUDE(1),Mayoria hacia INCLUDE. Verificar los criterios de evaluacion de Climate Literacy & Green Skills Specialist para entender la discrepancia.,Lead Methodologist,INCLUDE,78,ESD & Sustainability Education Expert,INCLUDE,78,Climate Literacy & Green Skills Specialist,EXCLUDE,50
40710,SigCla_2023,Classical paradigms versus complexity thinking in engineering education: an essential discussion in the education for sustainable development,partial,INCLUDE(2) vs EXCLUDE(1),Mayoria hacia INCLUDE. Verificar los criterios de evaluacion de Climate Literacy & Green Skills Specialist para entender la discrepancia.,Lead Methodologist,INCLUDE,78,ESD & Sustainability Education Expert,INCLUDE,78,Climate Literacy & Green Skills Specialist,EXCLUDE,70
40713,BraDev_2022,"Developing ESD-specific professional action competence for teachers: knowledge, skills, and attitudes in implementing ESD at the school level",partial,INCLUDE(2) vs EXCLUDE(1),Mayoria hacia INCLUDE. Verificar los criterios de evaluacion de Lead Methodologist para entender la discrepancia.,Lead Methodologist,EXCLUDE,70,ESD & Sustainability Education Expert,INCLUDE,85,Climate Literacy & Green Skills Specialist,INCLUDE,78
40721,RamEng_2020,Engineering Education for Sustainable Development: Evaluation Criteria for Brazilian Context,partial,EXCLUDE(2) vs INCLUDE(1),Mayoria hacia EXCLUDE. Verificar los criterios de evaluacion de Lead Methodologist para entender la discrepancia.,Lead Methodologist,INCLUDE,82,ESD & Sustainability Education Expert,EXCLUDE,50,Climate Literacy & Green Skills Specialist,EXCLUDE,70
40723,MooExt_2019,Extending communities of practice: a partnership model for sustainable schools,partial,EXCLUDE(2) vs INCLUDE(1),Mayoria hacia EXCLUDE. Verificar los criterios de evaluacion de ESD & Sustainability Education Expert para entender la discrepancia.,Lead Methodologist,EXCLUDE,70,ESD & Sustainability Education Expert,INCLUDE,78,Climate Literacy & Green Skills Specialist,EXCLUDE,70
40726,FilIde_2017,Identifying and overcoming obstacles to the implementation of sustainable development at universities,partial,INCLUDE(2) vs EXCLUDE(1),Mayoria hacia INCLUDE. Verificar los criterios de evaluacion de Climate Literacy & Green Skills Specialist para entender la discrepancia.,Lead Methodologist,INCLUDE,78,ESD & Sustainability Education Expert,INCLUDE,78,Climate Literacy & Green Skills Specialist,EXCLUDE,70
40728,CheLea_2022,Learners' Continuous Use Intention of Blended Learning: TAM-SET Model,partial,INCLUDE(2) vs EXCLUDE(1),Mayoria hacia INCLUDE. Verificar los criterios de evaluacion de Climate Literacy & Green Skills Specialist para entender la discrepancia.,Lead Methodologist,INCLUDE,72,ESD & Sustainability Education Expert,INCLUDE,78,Climate Literacy & Green Skills Specialist,EXCLUDE,70
40730,SheLon_2015,Longitudinal analysis of the environmental attitudes of university students,partial,EXCLUDE(2) vs INCLUDE(1),Mayoria hacia EXCLUDE. Verificar los criterios de evaluacion de ESD & Sustainability Education Expert para entender la discrepancia.,Lead Methodologist,EXCLUDE,70,ESD & Sustainability Education Expert,INCLUDE,85,Climate Literacy & Green Skills Specialist,EXCLUDE,70
40737,TimQua_2022,Quality Assurance in E-Learning: A Proposal from Accessibility to Sustainability,partial,EXCLUDE(2) vs INCLUDE(1),Mayoria hacia EXCLUDE. Verificar los criterios de evaluacion de ESD & Sustainability Education Expert para entender la discrepancia.,Lead Methodologist,EXCLUDE,70,ESD & Sustainability Education Expert,INCLUDE,78,Climate Literacy & Green Skills Specialist,EXCLUDE,70
40739,PenStu_2022,Students' Perceptions of Active Learning Classrooms from an Informal Learning Perspective: Building a Full-Time Sustainable Learning Environment in Higher Education,partial,INCLUDE(2) vs EXCLUDE(1),Mayoria hacia INCLUDE. Verificar los criterios de evaluacion de Climate Literacy & Green Skills Specialist para entender la discrepancia.,Lead Methodologist,INCLUDE,72,ESD & Sustainability Education Expert,INCLUDE,78,Climate Literacy & Green Skills Specialist,EXCLUDE,70
40744,SupTea_2025,Teaching for tomorrow: a qualitative exploration of ESD in initial teacher education across five European universities,partial,INCLUDE(2) vs EXCLUDE(1),Mayoria hacia INCLUDE. Verificar los criterios de evaluacion de Climate Literacy & Green Skills Specialist para entender la discrepancia.,Lead Methodologist,INCLUDE,85,ESD & Sustainability Education Expert,INCLUDE,85,Climate Literacy & Green Skills Specialist,EXCLUDE,70
40747,EliThe_2023,The Development and Validation of an Instrument for Assessing Science Teacher Competency to Teach ESD,partial,EXCLUDE(2) vs INCLUDE(1),Mayoria hacia EXCLUDE. Verificar los criterios de evaluacion de ESD & Sustainability Education Expert para entender la discrepancia.,Lead Methodologist,EXCLUDE,70,ESD & Sustainability Education Expert,INCLUDE,85,Climate Literacy & Green Skills Specialist,EXCLUDE,70
40752,HanTow_2023,Towards Sustainability: A Quantitative Inquiry into Chinese University Students' Perceived Learner Empowerment and Innovative Behaviour,partial,INCLUDE(2) vs EXCLUDE(1),Mayoria hacia INCLUDE. Verificar los criterios de evaluacion de Climate Literacy & Green Skills Specialist para entender la discrepancia.,Lead Methodologist,INCLUDE,78,ESD & Sustainability Education Expert,INCLUDE,78,Climate Literacy & Green Skills Specialist,EXCLUDE,70
40764,LidCan_2015,"Canadian STARS-Rated Campus Sustainability Plans: Priorities, Plan Creation and Design",partial,INCLUDE(2) vs EXCLUDE(1),Mayoria hacia INCLUDE. Verificar los criterios de evaluacion de Lead Methodologist para entender la discrepancia.,Lead Methodologist,EXCLUDE,70,ESD & Sustainability Education Expert,INCLUDE,78,Climate Literacy & Green Skills Specialist,INCLUDE,70
40774,WalDev_2018,Development of an ESD Indicator for Teacher Training and the National Monitoring for ESD Implementation in Germany,partial,EXCLUDE(2) vs INCLUDE(1),Mayoria hacia EXCLUDE. Verificar los criterios de evaluacion de ESD & Sustainability Education Expert para entender la discrepancia.,Lead Methodologist,EXCLUDE,70,ESD & Sustainability Education Expert,INCLUDE,85,Climate Literacy & Green Skills Specialist,EXCLUDE,70
40777,MokEdu_2023,Education for sustainable development in higher education institutions: an approach for effective interdisciplinarity,partial,INCLUDE(2) vs EXCLUDE(1),Mayoria hacia INCLUDE. Verificar los criterios de evaluacion de Lead Methodologist para entender la discrepancia.,Lead Methodologist,EXCLUDE,70,ESD & Sustainability Education Expert,INCLUDE,85,Climate Literacy & Green Skills Specialist,INCLUDE,85
40779,ZutEdu_2019,Education for Sustainable Development: Emerging Themes from Adopters of a Declaration,partial,INCLUDE(2) vs EXCLUDE(1),Mayoria hacia INCLUDE. Verificar los criterios de evaluacion de Climate Literacy & Green Skills Specialist para entender la discrepancia.,Lead Methodologist,INCLUDE,78,ESD & Sustainability Education Expert,INCLUDE,78,Climate Literacy & Green Skills Specialist,EXCLUDE,70
40780,AdaEdu_2023,Education for Sustainable Development: Mapping the SDGs to University Curricula,partial,INCLUDE(2) vs EXCLUDE(1),Mayoria hacia INCLUDE. Verificar los criterios de evaluacion de Climate Literacy & Green Skills Specialist para entender la discrepancia.,Lead Methodologist,INCLUDE,78,ESD & Sustainability Education Expert,INCLUDE,85,Climate Literacy & Green Skills Specialist,EXCLUDE,70
40784,LamHig_2018,Higher education for sustainable development in Flanders: balancing between normative and transformative approaches,partial,INCLUDE(2) vs EXCLUDE(1),Mayoria hacia INCLUDE. Verificar los criterios de evaluacion de Climate Literacy & Green Skills Specialist para entender la discrepancia.,Lead Methodologist,INCLUDE,78,ESD & Sustainability Education Expert,INCLUDE,78,Climate Literacy & Green Skills Specialist,EXCLUDE,70
40786,ColIde_2018,Identification of Levels of Sustainable Consciousness of Teachers in Training through an E-Portfolio,partial,INCLUDE(2) vs EXCLUDE(1),Mayoria hacia INCLUDE. Verificar los criterios de evaluacion de Climate Literacy & Green Skills Specialist para entender la discrepancia.,Lead Methodologist,INCLUDE,78,ESD & Sustainability Education Expert,INCLUDE,78,Climate Literacy & Green Skills Specialist,EXCLUDE,70
40794,DecLea_2019,Learning to Navigate (in) the Anthropocene,partial,EXCLUDE(2) vs INCLUDE(1),Mayoria hacia EXCLUDE. Verificar los criterios de evaluacion de Lead Methodologist para entender la discrepancia.,Lead Methodologist,INCLUDE,78,ESD & Sustainability Education Expert,EXCLUDE,50,Climate Literacy & Green Skills Specialist,EXCLUDE,70
40795,AlsLev_2020,Level of Sustainability Awareness among University Students in the Eastern Province of Saudi Arabia,partial,INCLUDE(2) vs EXCLUDE(1),Mayoria hacia INCLUDE. Verificar los criterios de evaluacion de Climate Literacy & Green Skills Specialist para entender la discrepancia.,Lead Methodologist,INCLUDE,78,ESD & Sustainability Education Expert,INCLUDE,78,Climate Literacy & Green Skills Specialist,EXCLUDE,50
40801,FueRef_2021,Reflective Practice in Times of Covid-19: A Tool to Improve Education for Sustainable Development in Pre-Service Teacher Training,partial,INCLUDE(2) vs EXCLUDE(1),Mayoria hacia INCLUDE. Verificar los criterios de evaluacion de Climate Literacy & Green Skills Specialist para entender la discrepancia.,Lead Methodologist,INCLUDE,78,ESD & Sustainability Education Expert,INCLUDE,78,Climate Literacy & Green Skills Specialist,EXCLUDE,50
40807,Sá Sus_2019,Sustainability Strategies in Portuguese Higher Education Institutions: Commitments and Practices from Internal Insights,partial,INCLUDE(2) vs EXCLUDE(1),Mayoria hacia INCLUDE. Verificar los criterios de evaluacion de Climate Literacy & Green Skills Specialist para entender la discrepancia.,Lead Methodologist,INCLUDE,78,ESD & Sustainability Education Expert,INCLUDE,78,Climate Literacy & Green Skills Specialist,EXCLUDE,70
40809,VelSus_2025,Sustainable Decision-Making in Higher Education: An AHP-NWA Framework for Evaluating Learning Management Systems,partial,INCLUDE(2) vs EXCLUDE(1),Mayoria hacia INCLUDE. Verificar los criterios de evaluacion de Climate Literacy & Green Skills Specialist para entender la discrepancia.,Lead Methodologist,INCLUDE,65,ESD & Sustainability Education Expert,INCLUDE,78,Climate Literacy & Green Skills Specialist,EXCLUDE,70
40816,BezUnd_2020,Understanding of Sustainability and Education for Sustainable Development among Pre-Service Biology Teachers,partial,INCLUDE(2) vs EXCLUDE(1),Mayoria hacia INCLUDE. Verificar los criterios de evaluacion de Lead Methodologist para entender la discrepancia.,Lead Methodologist,EXCLUDE,70,ESD & Sustainability Education Expert,INCLUDE,78,Climate Literacy & Green Skills Specialist,INCLUDE,78
40819,ÁlvVar_2019,Variables Influencing Pre-Service Teacher Training in Education for Sustainable Development: A Case Study of Two Spanish Universities,partial,EXCLUDE(2) vs INCLUDE(1),Mayoria hacia EXCLUDE. Verificar los criterios de evaluacion de Lead Methodologist para entender la discrepancia.,Lead Methodologist,INCLUDE,78,ESD & Sustainability Education Expert,EXCLUDE,50,Climate Literacy & Green Skills Specialist,EXCLUDE,70
40825,BabAdv_2021,Advancing Environmental Education for Sustainable Development in Higher Education in Nigeria: Current Challenges and Future Directions,partial,EXCLUDE(2) vs INCLUDE(1),Mayoria hacia EXCLUDE. Verificar los criterios de evaluacion de ESD & Sustainability Education Expert para entender la discrepancia.,Lead Methodologist,EXCLUDE,50,ESD & Sustainability Education Expert,INCLUDE,78,Climate Literacy & Green Skills Specialist,EXCLUDE,70
40839,VidDoe_2022,Does Mindfulness Influence Academic Performance? The Role of Resilience in Education for Sustainable Development,partial,INCLUDE(2) vs EXCLUDE(1),Mayoria hacia INCLUDE. Verificar los criterios de evaluacion de ESD & Sustainability Education Expert para entender la discrepancia.,Lead Methodologist,INCLUDE,78,ESD & Sustainability Education Expert,EXCLUDE,50,Climate Literacy & Green Skills Specialist,INCLUDE,75
40841,BruEdu_2019,"Education for Sustainable Development 4.0: Lessons Learned from the University of Graz, Austria",partial,INCLUDE(2) vs EXCLUDE(1),Mayoria hacia INCLUDE. Verificar los criterios de evaluacion de Climate Literacy & Green Skills Specialist para entender la discrepancia.,Lead Methodologist,INCLUDE,78,ESD & Sustainability Education Expert,INCLUDE,78,Climate Literacy & Green Skills Specialist,EXCLUDE,70
40844,HerEmo_2021,Emotional Performance of a Low-Cost Eco-Friendly Project Based Learning Methodology for Science Education: An Approach in Prospective Teachers,partial,INCLUDE(2) vs EXCLUDE(1),Mayoria hacia INCLUDE. Verificar los criterios de evaluacion de Climate Literacy & Green Skills Specialist para entender la discrepancia.,Lead Methodologist,INCLUDE,78,ESD & Sustainability Education Expert,INCLUDE,78,Climate Literacy & Green Skills Specialist,EXCLUDE,50
40846,BaoEva_2024,Evaluating sustainable service quality in higher education from a multi-stakeholder perspective: An integrated fuzzy group decision-making method,partial,EXCLUDE(2) vs INCLUDE(1),Mayoria hacia EXCLUDE. Verificar los criterios de evaluacion de Lead Methodologist para entender la discrepancia.,Lead Methodologist,INCLUDE,85,ESD & Sustainability Education Expert,EXCLUDE,50,Climate Literacy & Green Skills Specialist,EXCLUDE,70
40847,LiuEva_2022,Evaluation of Student-Perceived Service Quality in Higher Education for Sustainable Development: A Fuzzy TODIM-ERA Method,partial,INCLUDE(2) vs EXCLUDE(1),Mayoria hacia INCLUDE. Verificar los criterios de evaluacion de Climate Literacy & Green Skills Specialist para entender la discrepancia.,Lead Methodologist,INCLUDE,82,ESD & Sustainability Education Expert,INCLUDE,78,Climate Literacy & Green Skills Specialist,EXCLUDE,70
40852,PliInc_2026,Increasing the attitudes toward sustainable development through mindfulness: an innovative approach for higher education institutions,partial,INCLUDE(2) vs EXCLUDE(1),Mayoria hacia INCLUDE. Verificar los criterios de evaluacion de Climate Literacy & Green Skills Specialist para entender la discrepancia.,Lead Methodologist,INCLUDE,78,ESD & Sustainability Education Expert,INCLUDE,78,Climate Literacy & Green Skills Specialist,EXCLUDE,70
40856,ChaLit_2024,Literacy for Sustainable Education: A Premise of Pedagogical Inclusiveness and Multilingualism in Higher Education,partial,INCLUDE(2) vs EXCLUDE(1),Mayoria hacia INCLUDE. Verificar los criterios de evaluacion de Climate Literacy & Green Skills Specialist para entender la discrepancia.,Lead Methodologist,INCLUDE,78,ESD & Sustainability Education Expert,INCLUDE,78,Climate Literacy & Green Skills Specialist,EXCLUDE,70
40860,PizOn _2021,On the maturity of social responsibility and sustainability integration in higher education institutions: Descriptive criteria and conceptual framework,partial,INCLUDE(2) vs EXCLUDE(1),Mayoria hacia INCLUDE. Verificar los criterios de evaluacion de Climate Literacy & Green Skills Specialist para entender la discrepancia.,Lead Methodologist,INCLUDE,78,ESD & Sustainability Education Expert,INCLUDE,78,Climate Literacy & Green Skills Specialist,EXCLUDE,70
40864,MuhQua_2025,"Quality Education for Sustainable Development: Evolving Pedagogies to Maintain a Balance Between Knowledge, Skills, and Values-Case Study of Saudi Universities",partial,INCLUDE(2) vs EXCLUDE(1),Mayoria hacia INCLUDE. Verificar los criterios de evaluacion de Climate Literacy & Green Skills Specialist para entender la discrepancia.,Lead Methodologist,INCLUDE,82,ESD & Sustainability Education Expert,INCLUDE,85,Climate Literacy & Green Skills Specialist,EXCLUDE,50
40873,WhiThe_2023,The future starts in the past: embedding learning for sustainability through culture and community in Scotland,partial,EXCLUDE(2) vs INCLUDE(1),Mayoria hacia EXCLUDE. Verificar los criterios de evaluacion de Lead Methodologist para entender la discrepancia.,Lead Methodologist,INCLUDE,78,ESD & Sustainability Education Expert,EXCLUDE,50,Climate Literacy & Green Skills Specialist,EXCLUDE,70
40881,SehUnd_2025,"Understanding the drivers of a pro-environmental attitude in higher education institutions: the interplay between knowledge, consciousness, and social influence",partial,INCLUDE(2) vs EXCLUDE(1),Mayoria hacia INCLUDE. Verificar los criterios de evaluacion de Climate Literacy & Green Skills Specialist para entender la discrepancia.,Lead Methodologist,INCLUDE,78,ESD & Sustainability Education Expert,INCLUDE,78,Climate Literacy & Green Skills Specialist,EXCLUDE,70
40886,"Str""Gr_2025","""Green skills"" and the emergent property of ""greening""",partial,INCLUDE(2) vs EXCLUDE(1),Mayoria hacia INCLUDE. Verificar los criterios de evaluacion de Climate Literacy & Green Skills Specialist para entender la discrepancia.,Lead Methodologist,INCLUDE,78,ESD & Sustainability Education Expert,INCLUDE,78,Climate Literacy & Green Skills Specialist,EXCLUDE,70
40892,WanAna_2019,Analyzing student satisfaction in the technical and vocational education system through collaborative teaching,partial,INCLUDE(2) vs EXCLUDE(1),Mayoria hacia INCLUDE. Verificar los criterios de evaluacion de Climate Literacy & Green Skills Specialist para entender la discrepancia.,Lead Methodologist,INCLUDE,78,ESD & Sustainability Education Expert,INCLUDE,78,Climate Literacy & Green Skills Specialist,EXCLUDE,50
40895,KopBus_2024,Business education and its paradoxes: Linking business and biodiversity through critical pedagogy curriculum,partial,INCLUDE(2) vs EXCLUDE(1),Mayoria hacia INCLUDE. Verificar los criterios de evaluacion de Climate Literacy & Green Skills Specialist para entender la discrepancia.,Lead Methodologist,INCLUDE,88,ESD & Sustainability Education Expert,INCLUDE,78,Climate Literacy & Green Skills Specialist,EXCLUDE,70
40903,MohEme_2022,Emergent Strategy in Higher Education: Postmodern Digital and the Future?,partial,EXCLUDE(2) vs INCLUDE(1),Mayoria hacia EXCLUDE. Verificar los criterios de evaluacion de Lead Methodologist para entender la discrepancia.,Lead Methodologist,INCLUDE,65,ESD & Sustainability Education Expert,EXCLUDE,50,Climate Literacy & Green Skills Specialist,EXCLUDE,70
40907,ShuEnv_2020,Environmental education for sustainable development in Russia,partial,EXCLUDE(2) vs INCLUDE(1),Mayoria hacia EXCLUDE. Verificar los criterios de evaluacion de ESD & Sustainability Education Expert para entender la discrepancia.,Lead Methodologist,EXCLUDE,50,ESD & Sustainability Education Expert,INCLUDE,78,Climate Literacy & Green Skills Specialist,EXCLUDE,70
40908,AcoEnv_2020,Environmental education in environmental engineering: Analysis of the situation in Colombia and Latin America,partial,INCLUDE(2) vs EXCLUDE(1),Mayoria hacia INCLUDE. Verificar los criterios de evaluacion de Climate Literacy & Green Skills Specialist para entender la discrepancia.,Lead Methodologist,INCLUDE,78,ESD & Sustainability Education Expert,INCLUDE,78,Climate Literacy & Green Skills Specialist,EXCLUDE,70
40911,IbrEva_2025,Evaluating SERTPs: Sustainable and Environmentally Responsible Teaching Practices Among Science Teachers,partial,EXCLUDE(2) vs INCLUDE(1),Mayoria hacia EXCLUDE. Verificar los criterios de evaluacion de ESD & Sustainability Education Expert para entender la discrepancia.,Lead Methodologist,EXCLUDE,70,ESD & Sustainability Education Expert,INCLUDE,85,Climate Literacy & Green Skills Specialist,EXCLUDE,70
40926,TytMod_2025,Modernization of Future Educators' Professional Training in the Context of Education for Sustainable Development,partial,INCLUDE(2) vs EXCLUDE(1),Mayoria hacia INCLUDE. Verificar los criterios de evaluacion de Climate Literacy & Green Skills Specialist para entender la discrepancia.,Lead Methodologist,INCLUDE,78,ESD & Sustainability Education Expert,INCLUDE,85,Climate Literacy & Green Skills Specialist,EXCLUDE,70
40929,JeoPri_2019,Prioritizing Elements of Science Education for Sustainable Development with the MCDA-FDEMATEL Method Using the Flipped E-Learning Scheme,partial,INCLUDE(2) vs EXCLUDE(1),Mayoria hacia INCLUDE. Verificar los criterios de evaluacion de Climate Literacy & Green Skills Specialist para entender la discrepancia.,Lead Methodologist,INCLUDE,78,ESD & Sustainability Education Expert,INCLUDE,78,Climate Literacy & Green Skills Specialist,EXCLUDE,70
40935,SchSci_2019,Scientific support for redesigning a higher-education curriculum on sustainability,partial,INCLUDE(2) vs EXCLUDE(1),Mayoria hacia INCLUDE. Verificar los criterios de evaluacion de Climate Literacy & Green Skills Specialist para entender la discrepancia.,Lead Methodologist,INCLUDE,82,ESD & Sustainability Education Expert,INCLUDE,78,Climate Literacy & Green Skills Specialist,EXCLUDE,70
40936,DieSoc_2021,Social Science Pedagogy as a Way of Integrating Sustainable Education and Global Citizenship into the Initial Training of Pre-Primary Teachers,partial,EXCLUDE(2) vs INCLUDE(1),Mayoria hacia EXCLUDE. Verificar los criterios de evaluacion de Lead Methodologist para entender la discrepancia.,Lead Methodologist,INCLUDE,78,ESD & Sustainability Education Expert,EXCLUDE,50,Climate Literacy & Green Skills Specialist,EXCLUDE,70
40937,OrtSoc_2020,"Socio-Environmental Problematic, End-Purposes, and Strategies Relating to Education for Sustainable Development (ESD) through the Perspectives of Spanish Secondary Education Trainee Teachers",partial,INCLUDE(2) vs EXCLUDE(1),Mayoria hacia INCLUDE. Verificar los criterios de evaluacion de Climate Literacy & Green Skills Specialist para entender la discrepancia.,Lead Methodologist,INCLUDE,78,ESD & Sustainability Education Expert,INCLUDE,78,Climate Literacy & Green Skills Specialist,EXCLUDE,70
40953,WeiThe_2021,The patterns of curriculum change processes that embed sustainability in higher education institutions,partial,EXCLUDE(2) vs INCLUDE(1),Mayoria hacia EXCLUDE. Verificar los criterios de evaluacion de ESD & Sustainability Education Expert para entender la discrepancia.,Lead Methodologist,EXCLUDE,70,ESD & Sustainability Education Expert,INCLUDE,85,Climate Literacy & Green Skills Specialist,EXCLUDE,70
40957,HuaThe_2023,The Teaching Quality Evaluation of Chinese-Foreign Cooperation in Running Schools from the Perspective of Education for Sustainable Development,partial,INCLUDE(2) vs EXCLUDE(1),Mayoria hacia INCLUDE. Verificar los criterios de evaluacion de Climate Literacy & Green Skills Specialist para entender la discrepancia.,Lead Methodologist,INCLUDE,72,ESD & Sustainability Education Expert,INCLUDE,78,Climate Literacy & Green Skills Specialist,EXCLUDE,70
40975,"Xu,Bet_2022",Between Expert and Novice: Identity Transition from Teacher to Student as Sustainable Agentic Construction,partial,EXCLUDE(2) vs INCLUDE(1),Mayoria hacia EXCLUDE. Verificar los criterios de evaluacion de Lead Methodologist para entender la discrepancia.,Lead Methodologist,INCLUDE,72,ESD & Sustainability Education Expert,EXCLUDE,50,Climate Literacy & Green Skills Specialist,EXCLUDE,70
40976,HasBri_2025,Bridging cognitive skills and environmental awareness: critical and creative thinking as predictors of digital ecoliteracy,partial,INCLUDE(2) vs EXCLUDE(1),Mayoria hacia INCLUDE. Verificar los criterios de evaluacion de Climate Literacy & Green Skills Specialist para entender la discrepancia.,Lead Methodologist,INCLUDE,82,ESD & Sustainability Education Expert,INCLUDE,85,Climate Literacy & Green Skills Specialist,EXCLUDE,70
40988,RokDis_2024,Disaster Risk Reduction Education Through Digital Technologies in the Context of Education for Sustainable Development: A Curricula Analysis of Security and Defense Studies in Serbia,partial,INCLUDE(2) vs EXCLUDE(1),Mayoria hacia INCLUDE. Verificar los criterios de evaluacion de Climate Literacy & Green Skills Specialist para entender la discrepancia.,Lead Methodologist,INCLUDE,78,ESD & Sustainability Education Expert,INCLUDE,78,Climate Literacy & Green Skills Specialist,EXCLUDE,70
40991,Sá Edu_2018,Education for sustainable development in Portuguese universities: The key actors' opinions,partial,INCLUDE(2) vs EXCLUDE(1),Mayoria hacia INCLUDE. Verificar los criterios de evaluacion de Climate Literacy & Green Skills Specialist para entender la discrepancia.,Lead Methodologist,INCLUDE,78,ESD & Sustainability Education Expert,INCLUDE,78,Climate Literacy & Green Skills Specialist,EXCLUDE,70
40994,LasEnh_2024,Enhancing Sustainable Development Goal Integration in Chilean Citizenship Education: A Thematic Analysis of Textbook Content and Instructional Strategies,partial,EXCLUDE(2) vs INCLUDE(1),Mayoria hacia EXCLUDE. Verificar los criterios de evaluacion de ESD & Sustainability Education Expert para entender la discrepancia.,Lead Methodologist,EXCLUDE,70,ESD & Sustainability Education Expert,INCLUDE,78,Climate Literacy & Green Skills Specialist,EXCLUDE,70
40996,ChrExa_2023,Examining Pre-Service Teachers' Critical Thinking Competences within the Framework of Education for Sustainable Development: A Qualitative Analysis,partial,INCLUDE(2) vs EXCLUDE(1),Mayoria hacia INCLUDE. Verificar los criterios de evaluacion de Climate Literacy & Green Skills Specialist para entender la discrepancia.,Lead Methodologist,INCLUDE,82,ESD & Sustainability Education Expert,INCLUDE,85,Climate Literacy & Green Skills Specialist,EXCLUDE,70
40997,IzqExp_2025,Exploring Pre-Service Teachers' Perceptions of the Educational Value and Benefits of Computational Thinking and Programming,partial,EXCLUDE(2) vs INCLUDE(1),Mayoria hacia EXCLUDE. Verificar los criterios de evaluacion de Lead Methodologist para entender la discrepancia.,Lead Methodologist,INCLUDE,72,ESD & Sustainability Education Expert,EXCLUDE,50,Climate Literacy & Green Skills Specialist,EXCLUDE,70
41005,MbaIns_2021,Institutionalizing the intangible through research and engagement: Indigenous knowledge and higher education for sustainable development in Zambia,partial,INCLUDE(2) vs EXCLUDE(1),Mayoria hacia INCLUDE. Verificar los criterios de evaluacion de Climate Literacy & Green Skills Specialist para entender la discrepancia.,Lead Methodologist,INCLUDE,78,ESD & Sustainability Education Expert,INCLUDE,78,Climate Literacy & Green Skills Specialist,EXCLUDE,50
41006,BaeInt_2023,Integrating education for sustainable development in physical education: fostering critical and systemic thinking,partial,INCLUDE(2) vs EXCLUDE(1),Mayoria hacia INCLUDE. Verificar los criterios de evaluacion de Climate Literacy & Green Skills Specialist para entender la discrepancia.,Lead Methodologist,INCLUDE,78,ESD & Sustainability Education Expert,INCLUDE,78,Climate Literacy & Green Skills Specialist,EXCLUDE,70
41010,SinMon_2019,"Monitoring of education for sustainable development in Germany - insights from early childhood education, school and higher education",partial,EXCLUDE(2) vs INCLUDE(1),Mayoria hacia EXCLUDE. Verificar los criterios de evaluacion de Lead Methodologist para entender la discrepancia.,Lead Methodologist,INCLUDE,78,ESD & Sustainability Education Expert,EXCLUDE,50,Climate Literacy & Green Skills Specialist,EXCLUDE,70
41011,BesNeo_2015,"Neoliberalism, new public management and the sustainable development agenda of higher education: history, contradictions and synergies",partial,INCLUDE(2) vs EXCLUDE(1),Mayoria hacia INCLUDE. Verificar los criterios de evaluacion de Climate Literacy & Green Skills Specialist para entender la discrepancia.,Lead Methodologist,INCLUDE,82,ESD & Sustainability Education Expert,INCLUDE,78,Climate Literacy & Green Skills Specialist,EXCLUDE,70
41025,ZhaSus_2026,Sustainability-Oriented Student Perspectives on University–Government–Kindergarten Collaboration in Early Childhood Teacher Education,partial,INCLUDE(2) vs EXCLUDE(1),Mayoria hacia INCLUDE. Verificar los criterios de evaluacion de Lead Methodologist para entender la discrepancia.,Lead Methodologist,EXCLUDE,70,ESD & Sustainability Education Expert,INCLUDE,78,Climate Literacy & Green Skills Specialist,INCLUDE,78
41040,BilThe_2025,The role of psychoeducation for the physical and mental health of future specialists in wartime conditions,partial,EXCLUDE(2) vs INCLUDE(1),Mayoria hacia EXCLUDE. Verificar los criterios de evaluacion de Lead Methodologist para entender la discrepancia.,Lead Methodologist,INCLUDE,68,ESD & Sustainability Education Expert,EXCLUDE,70,Climate Literacy & Green Skills Specialist,EXCLUDE,50
41044,PiaUni_2025,Universities in global transformation: Re-thinking curriculum integration and collaboration to co-create our future,partial,EXCLUDE(2) vs INCLUDE(1),Mayoria hacia EXCLUDE. Verificar los criterios de evaluacion de ESD & Sustainability Education Expert para entender la discrepancia.,Lead Methodologist,EXCLUDE,70,ESD & Sustainability Education Expert,INCLUDE,78,Climate Literacy & Green Skills Specialist,EXCLUDE,70
41045,KuuUni_2024,"University language students' evaluations of ecological, social, cultural and economic sustainability and their importance in language teaching",partial,INCLUDE(2) vs EXCLUDE(1),Mayoria hacia INCLUDE. Verificar los criterios de evaluacion de Climate Literacy & Green Skills Specialist para entender la discrepancia.,Lead Methodologist,INCLUDE,78,ESD & Sustainability Education Expert,INCLUDE,78,Climate Literacy & Green Skills Specialist,EXCLUDE,70
41049,Spr(Ed_2018,(Education for) Sustainable Development in Geography Education: review and outlook from a perspective of Germany,partial,INCLUDE(2) vs EXCLUDE(1),Mayoria hacia INCLUDE. Verificar los criterios de evaluacion de Climate Literacy & Green Skills Specialist para entender la discrepancia.,Lead Methodologist,INCLUDE,78,ESD & Sustainability Education Expert,INCLUDE,78,Climate Literacy & Green Skills Specialist,EXCLUDE,70
41065,EstDoe_2021,Does Emotional Intelligence Influence Academic Performance? The Role of Compassion and Engagement in Education for Sustainable Development,partial,EXCLUDE(2) vs INCLUDE(1),Mayoria hacia EXCLUDE. Verificar los criterios de evaluacion de Lead Methodologist para entender la discrepancia.,Lead Methodologist,INCLUDE,72,ESD & Sustainability Education Expert,EXCLUDE,50,Climate Literacy & Green Skills Specialist,EXCLUDE,70
41081,VilEva_2024,Evaluation of sustainability in university tutoring programs for educational leadership: a case study,partial,INCLUDE(2) vs EXCLUDE(1),Mayoria hacia INCLUDE. Verificar los criterios de evaluacion de Climate Literacy & Green Skills Specialist para entender la discrepancia.,Lead Methodologist,INCLUDE,78,ESD & Sustainability Education Expert,INCLUDE,78,Climate Literacy & Green Skills Specialist,EXCLUDE,50
41094,CheHow_2023,How e-learning can accelerate education for sustainable development in higher education: A thematic review of literature,partial,INCLUDE(2) vs EXCLUDE(1),Mayoria hacia INCLUDE. Verificar los criterios de evaluacion de Lead Methodologist para entender la discrepancia.,Lead Methodologist,EXCLUDE,70,ESD & Sustainability Education Expert,INCLUDE,78,Climate Literacy & Green Skills Specialist,INCLUDE,75
41095,AbdHow_2024,"How Students’ Well-Being, Education for Sustainable Development, and Sustainable Development Relate: A Case of Prince Mohammad Bin Fahd University",partial,INCLUDE(2) vs EXCLUDE(1),Mayoria hacia INCLUDE. Verificar los criterios de evaluacion de Climate Literacy & Green Skills Specialist para entender la discrepancia.,Lead Methodologist,INCLUDE,78,ESD & Sustainability Education Expert,INCLUDE,78,Climate Literacy & Green Skills Specialist,EXCLUDE,50
41101,SmaIns_2023,Insights and Next Challenges for the Italian Educational System to Teach Sustainability in a Global Context,partial,INCLUDE(2) vs EXCLUDE(1),Mayoria hacia INCLUDE. Verificar los criterios de evaluacion de Lead Methodologist para entender la discrepancia.,Lead Methodologist,EXCLUDE,70,ESD & Sustainability Education Expert,INCLUDE,78,Climate Literacy & Green Skills Specialist,INCLUDE,75
41105,FilInt_2015,Integrative approaches to environmental sustainability at universities: an overview of challenges and priorities,partial,INCLUDE(2) vs EXCLUDE(1),Mayoria hacia INCLUDE. Verificar los criterios de evaluacion de Lead Methodologist para entender la discrepancia.,Lead Methodologist,EXCLUDE,70,ESD & Sustainability Education Expert,INCLUDE,78,Climate Literacy & Green Skills Specialist,INCLUDE,75
41108,WesLea_2019,"Learning experiences from a time-geographic approach—commodity chains, globalization, everyday life, and sustainability in context",partial,INCLUDE(2) vs EXCLUDE(1),Mayoria hacia INCLUDE. Verificar los criterios de evaluacion de Climate Literacy & Green Skills Specialist para entender la discrepancia.,Lead Methodologist,INCLUDE,78,ESD & Sustainability Education Expert,INCLUDE,78,Climate Literacy & Green Skills Specialist,EXCLUDE,50
41111,KryMod_2023,Modeling the Effective Digitalization of the Education Management System in the Context of Sustainable Development,partial,EXCLUDE(2) vs INCLUDE(1),Mayoria hacia EXCLUDE. Verificar los criterios de evaluacion de Lead Methodologist para entender la discrepancia.,Lead Methodologist,INCLUDE,72,ESD & Sustainability Education Expert,EXCLUDE,50,Climate Literacy & Green Skills Specialist,EXCLUDE,70
41113,WeiMod_2023,Modernization of governance at Chinese universities: Role of fossil fuels and green energy resource,partial,EXCLUDE(2) vs INCLUDE(1),Mayoria hacia EXCLUDE. Verificar los criterios de evaluacion de Lead Methodologist para entender la discrepancia.,Lead Methodologist,INCLUDE,68,ESD & Sustainability Education Expert,EXCLUDE,50,Climate Literacy & Green Skills Specialist,EXCLUDE,70
41114,HuyOpe_2025,Opening doors: Digital art in public sector accounting education for sustainable development,partial,EXCLUDE(2) vs INCLUDE(1),Mayoria hacia EXCLUDE. Verificar los criterios de evaluacion de Lead Methodologist para entender la discrepancia.,Lead Methodologist,INCLUDE,78,ESD & Sustainability Education Expert,EXCLUDE,70,Climate Literacy & Green Skills Specialist,EXCLUDE,70
41117,DisPar_2015,Participatory processes in sustainable universities - what to assess?,partial,INCLUDE(2) vs EXCLUDE(1),Mayoria hacia INCLUDE. Verificar los criterios de evaluacion de Climate Literacy & Green Skills Specialist para entender la discrepancia.,Lead Methodologist,INCLUDE,82,ESD & Sustainability Education Expert,INCLUDE,78,Climate Literacy & Green Skills Specialist,EXCLUDE,70
41123,BesRat_2019,Rating and rewarding higher education for sustainable development research within the marketised higher education context: experiences from English universities,partial,INCLUDE(2) vs EXCLUDE(1),Mayoria hacia INCLUDE. Verificar los criterios de evaluacion de Climate Literacy & Green Skills Specialist para entender la discrepancia.,Lead Methodologist,INCLUDE,78,ESD & Sustainability Education Expert,INCLUDE,78,Climate Literacy & Green Skills Specialist,EXCLUDE,70
41126,RekSai_2025,Sailing aboard the training ship Saltillo. An extracurricular experience in education for sustainable development,partial,INCLUDE(2) vs EXCLUDE(1),Mayoria hacia INCLUDE. Verificar los criterios de evaluacion de ESD & Sustainability Education Expert para entender la discrepancia.,Lead Methodologist,INCLUDE,82,ESD & Sustainability Education Expert,EXCLUDE,50,Climate Literacy & Green Skills Specialist,INCLUDE,75
41129,PérSoc_2022,Social Sciences Teaching: Building a Holistic Approach from Student Teachers' Social Representations,partial,INCLUDE(2) vs EXCLUDE(1),Mayoria hacia INCLUDE. Verificar los criterios de evaluacion de Climate Literacy & Green Skills Specialist para entender la discrepancia.,Lead Methodologist,INCLUDE,78,ESD & Sustainability Education Expert,INCLUDE,78,Climate Literacy & Green Skills Specialist,EXCLUDE,50
41132,HicSus_2023,Sustainability infrastructure insights from a campus sustainability survey,partial,INCLUDE(2) vs EXCLUDE(1),Mayoria hacia INCLUDE. Verificar los criterios de evaluacion de Climate Literacy & Green Skills Specialist para entender la discrepancia.,Lead Methodologist,INCLUDE,72,ESD & Sustainability Education Expert,INCLUDE,78,Climate Literacy & Green Skills Specialist,EXCLUDE,70
41136,RohSus_2024,Sustainable development goals through participatory video and digital storytelling,partial,INCLUDE(2) vs EXCLUDE(1),Mayoria hacia INCLUDE. Verificar los criterios de evaluacion de Lead Methodologist para entender la discrepancia.,Lead Methodologist,EXCLUDE,70,ESD & Sustainability Education Expert,INCLUDE,85,Climate Literacy & Green Skills Specialist,INCLUDE,78
41138,GalSus_2020,Sustainable Environments in Education: Results on the Effects of the New Environments in Learning Processes of University Students,partial,INCLUDE(2) vs EXCLUDE(1),Mayoria hacia INCLUDE. Verificar los criterios de evaluacion de Climate Literacy & Green Skills Specialist para entender la discrepancia.,Lead Methodologist,INCLUDE,72,ESD & Sustainability Education Expert,INCLUDE,78,Climate Literacy & Green Skills Specialist,EXCLUDE,70
41143,NapThe_2022,The development of green skills across firms in the institutional context of Thailand,partial,EXCLUDE(2) vs INCLUDE(1),Mayoria hacia EXCLUDE. Verificar los criterios de evaluacion de ESD & Sustainability Education Expert para entender la discrepancia.,Lead Methodologist,EXCLUDE,70,ESD & Sustainability Education Expert,INCLUDE,78,Climate Literacy & Green Skills Specialist,EXCLUDE,70
41146,LamThe_2016,The interrelations between competences for sustainable development and research competences,partial,INCLUDE(2) vs EXCLUDE(1),Mayoria hacia INCLUDE. Verificar los criterios de evaluacion de Climate Literacy & Green Skills Specialist para entender la discrepancia.,Lead Methodologist,INCLUDE,82,ESD & Sustainability Education Expert,INCLUDE,78,Climate Literacy & Green Skills Specialist,EXCLUDE,70
41148,SieThe_2021,The Microfinance Game: Experiencing the dynamics of financial inclusion in developing contexts,partial,INCLUDE(2) vs EXCLUDE(1),Mayoria hacia INCLUDE. Verificar los criterios de evaluacion de Climate Literacy & Green Skills Specialist para entender la discrepancia.,Lead Methodologist,INCLUDE,78,ESD & Sustainability Education Expert,INCLUDE,78,Climate Literacy & Green Skills Specialist,EXCLUDE,70
41155,VääUnd_2018,Understanding Finnish student craft teachers' conceptions of sustainability,partial,INCLUDE(2) vs EXCLUDE(1),Mayoria hacia INCLUDE. Verificar los criterios de evaluacion de Climate Literacy & Green Skills Specialist para entender la discrepancia.,Lead Methodologist,INCLUDE,72,ESD & Sustainability Education Expert,INCLUDE,85,Climate Literacy & Green Skills Specialist,EXCLUDE,70
41166,MicCha_2023,"ChatGPT, a brand-new tool to strengthen timeless competencies",partial,EXCLUDE(2) vs INCLUDE(1),Mayoria hacia EXCLUDE. Verificar los criterios de evaluacion de Lead Methodologist para entender la discrepancia.,Lead Methodologist,INCLUDE,65,ESD & Sustainability Education Expert,EXCLUDE,50,Climate Literacy & Green Skills Specialist,EXCLUDE,70
41180,DloESD_2017,ESD principles in higher education from a perspective of Central and Eastern European countries,partial,INCLUDE(2) vs EXCLUDE(1),Mayoria hacia INCLUDE. Verificar los criterios de evaluacion de Climate Literacy & Green Skills Specialist para entender la discrepancia.,Lead Methodologist,INCLUDE,78,ESD & Sustainability Education Expert,INCLUDE,78,Climate Literacy & Green Skills Specialist,EXCLUDE,70
41184,PomExp_2023,Exploring the role of mobile game-based apps towards a smart learning city environment - the innovation of EduCITY,partial,INCLUDE(2) vs EXCLUDE(1),Mayoria hacia INCLUDE. Verificar los criterios de evaluacion de Climate Literacy & Green Skills Specialist para entender la discrepancia.,Lead Methodologist,INCLUDE,82,ESD & Sustainability Education Expert,INCLUDE,78,Climate Literacy & Green Skills Specialist,EXCLUDE,70
41192,RieLea_2018,Learning Objectives in Education for Sustainable Development. On the Way to Empirically Verifiable Competencies,partial,EXCLUDE(2) vs INCLUDE(1),Mayoria hacia EXCLUDE. Verificar los criterios de evaluacion de ESD & Sustainability Education Expert para entender la discrepancia.,Lead Methodologist,EXCLUDE,70,ESD & Sustainability Education Expert,INCLUDE,78,Climate Literacy & Green Skills Specialist,EXCLUDE,70
41195,TetNav_2025,Navigating Complex Accountabilities: Towards Collaborative Spaces in Higher Education for Sustainable Development,partial,INCLUDE(2) vs EXCLUDE(1),Mayoria hacia INCLUDE. Verificar los criterios de evaluacion de Climate Literacy & Green Skills Specialist para entender la discrepancia.,Lead Methodologist,INCLUDE,82,ESD & Sustainability Education Expert,INCLUDE,78,Climate Literacy & Green Skills Specialist,EXCLUDE,70
41197,MatOpp_2020,Opportunity to Foster Urban Innovation Through Universities: The Case of Madrid,partial,INCLUDE(2) vs EXCLUDE(1),Mayoria hacia INCLUDE. Verificar los criterios de evaluacion de Climate Literacy & Green Skills Specialist para entender la discrepancia.,Lead Methodologist,INCLUDE,82,ESD & Sustainability Education Expert,INCLUDE,78,Climate Literacy & Green Skills Specialist,EXCLUDE,70
41199,LohPhy_2023,Physical education teacher educators' subjective theories about sustainability and education for sustainable development,partial,INCLUDE(2) vs EXCLUDE(1),Mayoria hacia INCLUDE. Verificar los criterios de evaluacion de Climate Literacy & Green Skills Specialist para entender la discrepancia.,Lead Methodologist,INCLUDE,78,ESD & Sustainability Education Expert,INCLUDE,78,Climate Literacy & Green Skills Specialist,EXCLUDE,70
41200,ChaPre_2024,Pre-University engagement and education for sustainable development in Aruba: The Academic Foundation Year,partial,INCLUDE(2) vs EXCLUDE(1),Mayoria hacia INCLUDE. Verificar los criterios de evaluacion de ESD & Sustainability Education Expert para entender la discrepancia.,Lead Methodologist,INCLUDE,78,ESD & Sustainability Education Expert,EXCLUDE,50,Climate Literacy & Green Skills Specialist,INCLUDE,82
41203,RodSci_2019,Scientific animations without borders (SAWBO): an innovative strategy for promoting education for sustainable development,partial,EXCLUDE(2) vs INCLUDE(1),Mayoria hacia EXCLUDE. Verificar los criterios de evaluacion de ESD & Sustainability Education Expert para entender la discrepancia.,Lead Methodologist,EXCLUDE,70,ESD & Sustainability Education Expert,INCLUDE,85,Climate Literacy & Green Skills Specialist,EXCLUDE,70
41210,WebTea_2021,Teach What You Eat: Student Biology Teachers' Intention to Teach Sustainable Nutrition,partial,INCLUDE(2) vs EXCLUDE(1),Mayoria hacia INCLUDE. Verificar los criterios de evaluacion de Climate Literacy & Green Skills Specialist para entender la discrepancia.,Lead Methodologist,INCLUDE,78,ESD & Sustainability Education Expert,INCLUDE,78,Climate Literacy & Green Skills Specialist,EXCLUDE,70
41219,ZhoUni_2024,Universities as cities of flows: decoding cross-regional university partnerships for sustainable development in China,partial,INCLUDE(2) vs EXCLUDE(1),Mayoria hacia INCLUDE. Verificar los criterios de evaluacion de Climate Literacy & Green Skills Specialist para entender la discrepancia.,Lead Methodologist,INCLUDE,78,ESD & Sustainability Education Expert,INCLUDE,78,Climate Literacy & Green Skills Specialist,EXCLUDE,70
41228,GalAna_2024,"Analysis of the General Skills of Graduates in Environmental Sciences: The View of Students, Teachers and Employers",partial,INCLUDE(2) vs EXCLUDE(1),Mayoria hacia INCLUDE. Verificar los criterios de evaluacion de Climate Literacy & Green Skills Specialist para entender la discrepancia.,Lead Methodologist,INCLUDE,78,ESD & Sustainability Education Expert,INCLUDE,78,Climate Literacy & Green Skills Specialist,EXCLUDE,70
41240,StrCri_2018,Critical Thinking Development-A Necessary Step in Higher Education Transformation towards Sustainability,partial,INCLUDE(2) vs EXCLUDE(1),Mayoria hacia INCLUDE. Verificar los criterios de evaluacion de Climate Literacy & Green Skills Specialist para entender la discrepancia.,Lead Methodologist,INCLUDE,82,ESD & Sustainability Education Expert,INCLUDE,85,Climate Literacy & Green Skills Specialist,EXCLUDE,70
41246,MisEco_2020,"Ecopedagogy: teaching critical literacies of 'development', 'sustainability', and 'sustainable development'",partial,INCLUDE(2) vs EXCLUDE(1),Mayoria hacia INCLUDE. Verificar los criterios de evaluacion de Climate Literacy & Green Skills Specialist para entender la discrepancia.,Lead Methodologist,INCLUDE,82,ESD & Sustainability Education Expert,INCLUDE,78,Climate Literacy & Green Skills Specialist,EXCLUDE,70
41260,ZhaGre_2015,Green university initiatives in China: a case of Tsinghua University,partial,INCLUDE(2) vs EXCLUDE(1),Mayoria hacia INCLUDE. Verificar los criterios de evaluacion de Climate Literacy & Green Skills Specialist para entender la discrepancia.,Lead Methodologist,INCLUDE,82,ESD & Sustainability Education Expert,INCLUDE,78,Climate Literacy & Green Skills Specialist,EXCLUDE,70
41291,SchSys_2018,Systems thinking within the scope of education for sustainable development (ESD) - a heuristic competence model as a basis for (science) teacher education,partial,INCLUDE(2) vs EXCLUDE(1),Mayoria hacia INCLUDE. Verificar los criterios de evaluacion de Climate Literacy & Green Skills Specialist para entender la discrepancia.,Lead Methodologist,INCLUDE,78,ESD & Sustainability Education Expert,INCLUDE,78,Climate Literacy & Green Skills Specialist,EXCLUDE,70
41296,ZhaThe_2025,The Impact of Basic Psychological Needs Satisfaction on University Teachers' Work Engagement in the Context of Education for Sustainable Development: A Chain Mediation Model,partial,INCLUDE(2) vs EXCLUDE(1),Mayoria hacia INCLUDE. Verificar los criterios de evaluacion de Climate Literacy & Green Skills Specialist para entender la discrepancia.,Lead Methodologist,INCLUDE,78,ESD & Sustainability Education Expert,INCLUDE,78,Climate Literacy & Green Skills Specialist,EXCLUDE,70
41297,PriThe_2020,"The Online MSc in Sustainable Mountain Development at the University of the Highlands and Islands, Scotland: Experiences and Impacts",partial,INCLUDE(2) vs EXCLUDE(1),Mayoria hacia INCLUDE. Verificar los criterios de evaluacion de Climate Literacy & Green Skills Specialist para entender la discrepancia.,Lead Methodologist,INCLUDE,78,ESD & Sustainability Education Expert,INCLUDE,78,Climate Literacy & Green Skills Specialist,EXCLUDE,70
41301,MuhTHE_2021,THE THEOCENTRIC WORLDVIEW: SUSTAINABILITY EDUCATION FOR RELIGION AND SPIRITUAL,partial,INCLUDE(2) vs EXCLUDE(1),Mayoria hacia INCLUDE. Verificar los criterios de evaluacion de Climate Literacy & Green Skills Specialist para entender la discrepancia.,Lead Methodologist,INCLUDE,78,ESD & Sustainability Education Expert,INCLUDE,78,Climate Literacy & Green Skills Specialist,EXCLUDE,70
41304,BroTo _2023,To educate citizens and citizen-leaders for our society: Renewing character education in universities,partial,EXCLUDE(2) vs UNCERTAIN(1),Mayoria hacia EXCLUDE pero confianza promedio baja (50/100). Revisar criterios de ESD & Sustainability Education Expert y considerar revision humana.,Lead Methodologist,EXCLUDE,70,ESD & Sustainability Education Expert,UNCERTAIN,10,Climate Literacy & Green Skills Specialist,EXCLUDE,70
41312,ZidA C_2021,A Case Study on Students’ Application of Chemical Concepts and Use of Arguments in Teaching on the Sustainability-Oriented Chemistry Issue of Pesticides Use under Inclusion of Different Scientific Worldviews,partial,INCLUDE(2) vs EXCLUDE(1),Mayoria hacia INCLUDE. Verificar los criterios de evaluacion de Climate Literacy & Green Skills Specialist para entender la discrepancia.,Lead Methodologist,INCLUDE,78,ESD & Sustainability Education Expert,INCLUDE,78,Climate Literacy & Green Skills Specialist,EXCLUDE,50
41314,IvaAca_2024,Academic education in environmental chemistry in Europe—addressing future challenges in research and regulation,partial,INCLUDE(2) vs EXCLUDE(1),Mayoria hacia INCLUDE. Verificar los criterios de evaluacion de Climate Literacy & Green Skills Specialist para entender la discrepancia.,Lead Methodologist,INCLUDE,78,ESD & Sustainability Education Expert,INCLUDE,78,Climate Literacy & Green Skills Specialist,EXCLUDE,50
41322,SubCan_2023,Can Online Short Courses Foster Business Education for Sustainable Development?,partial,INCLUDE(2) vs EXCLUDE(1),Mayoria hacia INCLUDE. Verificar los criterios de evaluacion de Climate Literacy & Green Skills Specialist para entender la discrepancia.,Lead Methodologist,INCLUDE,78,ESD & Sustainability Education Expert,INCLUDE,78,Climate Literacy & Green Skills Specialist,EXCLUDE,70
41325,HolCom_2021,Competencies or capabilities in the Australian higher education landscape and its implications for the development and delivery of sustainability education,partial,INCLUDE(2) vs EXCLUDE(1),Mayoria hacia INCLUDE. Verificar los criterios de evaluacion de Climate Literacy & Green Skills Specialist para entender la discrepancia.,Lead Methodologist,INCLUDE,78,ESD & Sustainability Education Expert,INCLUDE,78,Climate Literacy & Green Skills Specialist,EXCLUDE,50
41327,HouCor_2024,"Correlation Among Teacher ICT Teaching, Teacher Immediacy Behaviors, Teacher-Student Rapport, and Student Engagement in Smart Classroom Teaching",partial,INCLUDE(2) vs EXCLUDE(1),Mayoria hacia INCLUDE. Verificar los criterios de evaluacion de Climate Literacy & Green Skills Specialist para entender la discrepancia.,Lead Methodologist,INCLUDE,72,ESD & Sustainability Education Expert,INCLUDE,78,Climate Literacy & Green Skills Specialist,EXCLUDE,70
41330,KhaEdu_2020,Education for sustainable development in humanitarian logistics,partial,INCLUDE(2) vs EXCLUDE(1),Mayoria hacia INCLUDE. Verificar los criterios de evaluacion de Climate Literacy & Green Skills Specialist para entender la discrepancia.,Lead Methodologist,INCLUDE,78,ESD & Sustainability Education Expert,INCLUDE,78,Climate Literacy & Green Skills Specialist,EXCLUDE,70
41334,CheEff_2022,Effects of Deliberate Practice on Blended Learning Sustainability: A Community of Inquiry Perspective,partial,INCLUDE(2) vs EXCLUDE(1),Mayoria hacia INCLUDE. Verificar los criterios de evaluacion de Climate Literacy & Green Skills Specialist para entender la discrepancia.,Lead Methodologist,INCLUDE,70,ESD & Sustainability Education Expert,INCLUDE,78,Climate Literacy & Green Skills Specialist,EXCLUDE,70
41344,DemFut_2024,Future of Undergraduate Education for Sustainable Development Goals: Impact of Perceived Flexibility and Attitudes on Self-Regulated Online Learning,partial,EXCLUDE(2) vs INCLUDE(1),Mayoria hacia EXCLUDE. Verificar los criterios de evaluacion de Lead Methodologist para entender la discrepancia.,Lead Methodologist,INCLUDE,70,ESD & Sustainability Education Expert,EXCLUDE,70,Climate Literacy & Green Skills Specialist,EXCLUDE,70
41347,CarHig_2024,Higher education curriculum design for sustainable development: towards a transformative approach,partial,INCLUDE(2) vs EXCLUDE(1),Mayoria hacia INCLUDE. Verificar los criterios de evaluacion de Climate Literacy & Green Skills Specialist para entender la discrepancia.,Lead Methodologist,INCLUDE,78,ESD & Sustainability Education Expert,INCLUDE,78,Climate Literacy & Green Skills Specialist,EXCLUDE,70
41352,HanInn_2021,Innovations and challenges in SDG integration and reporting in higher education: a case study from the University of South Florida,partial,INCLUDE(2) vs EXCLUDE(1),Mayoria hacia INCLUDE. Verificar los criterios de evaluacion de Climate Literacy & Green Skills Specialist para entender la discrepancia.,Lead Methodologist,INCLUDE,78,ESD & Sustainability Education Expert,INCLUDE,78,Climate Literacy & Green Skills Specialist,EXCLUDE,70
41358,ScoLea_2017,Learning for and about sustainability in higher education - a regional perspective based on experiences from the Baltic and the Mediterranean,partial,INCLUDE(2) vs EXCLUDE(1),Mayoria hacia INCLUDE. Verificar los criterios de evaluacion de Climate Literacy & Green Skills Specialist para entender la discrepancia.,Lead Methodologist,INCLUDE,88,ESD & Sustainability Education Expert,INCLUDE,85,Climate Literacy & Green Skills Specialist,EXCLUDE,70
41359,BouLev_2024,Leveraging ICT and Generative AI in Higher Education for Sustainable Development: The Case of a Lebanese Private University,partial,INCLUDE(2) vs EXCLUDE(1),Mayoria hacia INCLUDE. Verificar los criterios de evaluacion de Climate Literacy & Green Skills Specialist para entender la discrepancia.,Lead Methodologist,INCLUDE,78,ESD & Sustainability Education Expert,INCLUDE,78,Climate Literacy & Green Skills Specialist,EXCLUDE,70
41363,KamMod_2020,Modified Delphi technique in analysing contents of green skills module for design and technology subject,partial,EXCLUDE(2) vs INCLUDE(1),Mayoria hacia EXCLUDE. Verificar los criterios de evaluacion de ESD & Sustainability Education Expert para entender la discrepancia.,Lead Methodologist,EXCLUDE,70,ESD & Sustainability Education Expert,INCLUDE,78,Climate Literacy & Green Skills Specialist,EXCLUDE,70
41367,ThoPla_2020,Place-based inquiry in a university course abroad: lessons about education for sustainability in the urban outdoors,partial,INCLUDE(2) vs EXCLUDE(1),Mayoria hacia INCLUDE. Verificar los criterios de evaluacion de Climate Literacy & Green Skills Specialist para entender la discrepancia.,Lead Methodologist,INCLUDE,78,ESD & Sustainability Education Expert,INCLUDE,78,Climate Literacy & Green Skills Specialist,EXCLUDE,70
41368,KenPod_2023,Podcasting urban geographies: examining the utility of student-generated research podcasts for deep learning and education for sustainable development,partial,INCLUDE(2) vs EXCLUDE(1),Mayoria hacia INCLUDE. Verificar los criterios de evaluacion de Climate Literacy & Green Skills Specialist para entender la discrepancia.,Lead Methodologist,INCLUDE,78,ESD & Sustainability Education Expert,INCLUDE,78,Climate Literacy & Green Skills Specialist,EXCLUDE,70
41370,LeePro_2021,"Promoting recycling, reducing and reusing in the School of Design: a step toward improving sustainability literacy",partial,INCLUDE(2) vs EXCLUDE(1),Mayoria hacia INCLUDE. Verificar los criterios de evaluacion de Climate Literacy & Green Skills Specialist para entender la discrepancia.,Lead Methodologist,INCLUDE,68,ESD & Sustainability Education Expert,INCLUDE,78,Climate Literacy & Green Skills Specialist,EXCLUDE,70
41374,BorRes_2019,Research in EE and ESD in Portuguese public universities,partial,INCLUDE(2) vs EXCLUDE(1),Mayoria hacia INCLUDE. Verificar los criterios de evaluacion de Climate Literacy & Green Skills Specialist para entender la discrepancia.,Lead Methodologist,INCLUDE,78,ESD & Sustainability Education Expert,INCLUDE,78,Climate Literacy & Green Skills Specialist,EXCLUDE,70
41379,AraSer_2023,Service-Learning as an Approach to Educating for Sustainable Development,partial,INCLUDE(2) vs EXCLUDE(1),Mayoria hacia INCLUDE. Verificar los criterios de evaluacion de Climate Literacy & Green Skills Specialist para entender la discrepancia.,Lead Methodologist,INCLUDE,82,ESD & Sustainability Education Expert,INCLUDE,78,Climate Literacy & Green Skills Specialist,EXCLUDE,70
41380,McGSki_2016,Skills for sustainable development: Transforming vocational education and training beyond 2015,partial,INCLUDE(2) vs EXCLUDE(1),Mayoria hacia INCLUDE. Verificar los criterios de evaluacion de Lead Methodologist para entender la discrepancia.,Lead Methodologist,EXCLUDE,70,ESD & Sustainability Education Expert,INCLUDE,85,Climate Literacy & Green Skills Specialist,INCLUDE,75
41383,GöçStr_2025,Strategic intentions of higher education for sustainable development goals: Qualitative evidence from universities in Türkiye,partial,INCLUDE(2) vs EXCLUDE(1),Mayoria hacia INCLUDE. Verificar los criterios de evaluacion de Climate Literacy & Green Skills Specialist para entender la discrepancia.,Lead Methodologist,INCLUDE,78,ESD & Sustainability Education Expert,INCLUDE,78,Climate Literacy & Green Skills Specialist,EXCLUDE,70
41396,"Pu,Tow_2025",Toward the Education for Sustainable Development (ESD): Digital leadership and knowledge-sharing behavior on the higher education institutional change,partial,INCLUDE(2) vs EXCLUDE(1),Mayoria hacia INCLUDE. Verificar los criterios de evaluacion de Climate Literacy & Green Skills Specialist para entender la discrepancia.,Lead Methodologist,INCLUDE,78,ESD & Sustainability Education Expert,INCLUDE,85,Climate Literacy & Green Skills Specialist,EXCLUDE,70
41397,O’GTra_2025,Transformative education for sustainable development: A faculty perspective,partial,INCLUDE(2) vs UNCERTAIN(1),Mayoria hacia INCLUDE pero confianza promedio baja (59/100). Revisar criterios de Climate Literacy & Green Skills Specialist y considerar revision humana.,Lead Methodologist,INCLUDE,88,ESD & Sustainability Education Expert,INCLUDE,78,Climate Literacy & Green Skills Specialist,UNCERTAIN,10
41404,WitA s_2025,A scoping study of education for sustainable development and global citizenship education in higher education,partial,INCLUDE(2) vs EXCLUDE(1),Mayoria hacia INCLUDE. Verificar los criterios de evaluacion de Lead Methodologist para entender la discrepancia.,Lead Methodologist,EXCLUDE,70,ESD & Sustainability Education Expert,INCLUDE,85,Climate Literacy & Green Skills Specialist,INCLUDE,80
41411,"Li,Col_2023",Collaboration and orchestration in a virtual teaching organization of environmental education,partial,INCLUDE(2) vs EXCLUDE(1),Mayoria hacia INCLUDE. Verificar los criterios de evaluacion de Climate Literacy & Green Skills Specialist para entender la discrepancia.,Lead Methodologist,INCLUDE,78,ESD & Sustainability Education Expert,INCLUDE,78,Climate Literacy & Green Skills Specialist,EXCLUDE,70
41421,SánEdu_2022,Education for sustainable development in higher education: The effect of areas of knowledge on the conceptions of university teachers,partial,INCLUDE(2) vs EXCLUDE(1),Mayoria hacia INCLUDE. Verificar los criterios de evaluacion de Climate Literacy & Green Skills Specialist para entender la discrepancia.,Lead Methodologist,INCLUDE,82,ESD & Sustainability Education Expert,INCLUDE,78,Climate Literacy & Green Skills Specialist,EXCLUDE,70
41423,BarEme_2022,Emergentist education and the opportunities of radical futurity,partial,INCLUDE(2) vs EXCLUDE(1),Mayoria hacia INCLUDE. Verificar los criterios de evaluacion de Climate Literacy & Green Skills Specialist para entender la discrepancia.,Lead Methodologist,INCLUDE,78,ESD & Sustainability Education Expert,INCLUDE,78,Climate Literacy & Green Skills Specialist,EXCLUDE,70
41425,De Eng_2025,Engaging Environmental Education for Sustainable Waste Management-The Greenopoli Education Framework,partial,EXCLUDE(2) vs INCLUDE(1),Mayoria hacia EXCLUDE. Verificar los criterios de evaluacion de ESD & Sustainability Education Expert para entender la discrepancia.,Lead Methodologist,EXCLUDE,70,ESD & Sustainability Education Expert,INCLUDE,85,Climate Literacy & Green Skills Specialist,EXCLUDE,70
41435,alvGre_2023,Greenwashing and education: An evidence-based approach,partial,EXCLUDE(2) vs INCLUDE(1),Mayoria hacia EXCLUDE. Verificar los criterios de evaluacion de Lead Methodologist para entender la discrepancia.,Lead Methodologist,INCLUDE,78,ESD & Sustainability Education Expert,EXCLUDE,50,Climate Literacy & Green Skills Specialist,EXCLUDE,70
41441,VauMin_2022,Minding the GAP: An overview of five years of Education for Sustainable Development (ESD) projects under the Global Action Programme (GAP) within Regional Centres of Expertise (RCEs) on ESD,partial,EXCLUDE(2) vs INCLUDE(1),Mayoria hacia EXCLUDE. Verificar los criterios de evaluacion de Lead Methodologist para entender la discrepancia.,Lead Methodologist,INCLUDE,82,ESD & Sustainability Education Expert,EXCLUDE,50,Climate Literacy & Green Skills Specialist,EXCLUDE,70
41444,"To,Opp_2024",Opportunities and challenges of 3D printing integration into engineering education in developing countries,partial,EXCLUDE(2) vs INCLUDE(1),Mayoria hacia EXCLUDE. Verificar los criterios de evaluacion de Lead Methodologist para entender la discrepancia.,Lead Methodologist,INCLUDE,68,ESD & Sustainability Education Expert,EXCLUDE,70,Climate Literacy & Green Skills Specialist,EXCLUDE,70
41445,NupPer_2024,Perceptions of South Africa’s higher education leaders on the realisation of sustainable development goal 4 quality education,partial,INCLUDE(2) vs EXCLUDE(1),Mayoria hacia INCLUDE. Verificar los criterios de evaluacion de Climate Literacy & Green Skills Specialist para entender la discrepancia.,Lead Methodologist,INCLUDE,78,ESD & Sustainability Education Expert,INCLUDE,78,Climate Literacy & Green Skills Specialist,EXCLUDE,70
41446,KoçPre_2025,Preparing Future Science Teachers to Build a Sustainable World: Supporting Pre-Service Science Teachers' Competencies in Instructional Planning for Teaching the Sustainable Development Goals (SDGs) in K-12 Classrooms,partial,EXCLUDE(2) vs INCLUDE(1),Mayoria hacia EXCLUDE. Verificar los criterios de evaluacion de ESD & Sustainability Education Expert para entender la discrepancia.,Lead Methodologist,EXCLUDE,70,ESD & Sustainability Education Expert,INCLUDE,85,Climate Literacy & Green Skills Specialist,EXCLUDE,70
41455,KalSus_2017,Sustainability consciousness of pre-service teachers in Pakistan,partial,INCLUDE(2) vs EXCLUDE(1),Mayoria hacia INCLUDE. Verificar los criterios de evaluacion de Lead Methodologist para entender la discrepancia.,Lead Methodologist,EXCLUDE,50,ESD & Sustainability Education Expert,INCLUDE,78,Climate Literacy & Green Skills Specialist,INCLUDE,75
41457,FauTea_2024,Teaching Entrepreneurship for Sustainability – a Review of Educational Tools**,partial,INCLUDE(2) vs EXCLUDE(1),Mayoria hacia INCLUDE. Verificar los criterios de evaluacion de Climate Literacy & Green Skills Specialist para entender la discrepancia.,Lead Methodologist,INCLUDE,82,ESD & Sustainability Education Expert,INCLUDE,78,Climate Literacy & Green Skills Specialist,EXCLUDE,70
41459,OwuThe_2024,The development of green skills for the informal sector of Ghana: towards sustainable futures,partial,EXCLUDE(2) vs INCLUDE(1),Mayoria hacia EXCLUDE. Verificar los criterios de evaluacion de ESD & Sustainability Education Expert para entender la discrepancia.,Lead Methodologist,EXCLUDE,70,ESD & Sustainability Education Expert,INCLUDE,78,Climate Literacy & Green Skills Specialist,EXCLUDE,70
41465,SheAca_2023,"Academic identity and ""education for sustainable development"": a grounded theory",partial,INCLUDE(2) vs EXCLUDE(1),Mayoria hacia INCLUDE. Verificar los criterios de evaluacion de Climate Literacy & Green Skills Specialist para entender la discrepancia.,Lead Methodologist,INCLUDE,78,ESD & Sustainability Education Expert,INCLUDE,78,Climate Literacy & Green Skills Specialist,EXCLUDE,70
41467,KapAn _2024,An informal and transformative learning environment: The case of ODTÜ Bostan community garden in Turkey,partial,INCLUDE(2) vs EXCLUDE(1),Mayoria hacia INCLUDE. Verificar los criterios de evaluacion de Climate Literacy & Green Skills Specialist para entender la discrepancia.,Lead Methodologist,INCLUDE,88,ESD & Sustainability Education Expert,INCLUDE,85,Climate Literacy & Green Skills Specialist,EXCLUDE,70
41471,PadAss_2025,Assessing sustainability competence in future early childhood physical education teachers,partial,INCLUDE(2) vs EXCLUDE(1),Mayoria hacia INCLUDE. Verificar los criterios de evaluacion de ESD & Sustainability Education Expert para entender la discrepancia.,Lead Methodologist,INCLUDE,82,ESD & Sustainability Education Expert,EXCLUDE,70,Climate Literacy & Green Skills Specialist,INCLUDE,78
41473,WelAss_2025,Assessment of a youth climate empowerment program: Climate READY,partial,EXCLUDE(2) vs INCLUDE(1),Mayoria hacia EXCLUDE. Verificar los criterios de evaluacion de ESD & Sustainability Education Expert para entender la discrepancia.,Lead Methodologist,EXCLUDE,70,ESD & Sustainability Education Expert,INCLUDE,85,Climate Literacy & Green Skills Specialist,EXCLUDE,70
41481,TavDes_2022,"Designer as an Innovation Trigger for the SME Manufacturing Sector An European joint Master’s degree program based on soft, digital, green, and design skills",partial,INCLUDE(2) vs EXCLUDE(1),Mayoria hacia INCLUDE. Verificar los criterios de evaluacion de Climate Literacy & Green Skills Specialist para entender la discrepancia.,Lead Methodologist,INCLUDE,78,ESD & Sustainability Education Expert,INCLUDE,78,Climate Literacy & Green Skills Specialist,EXCLUDE,70
41482,SonEdu_2020,Education for sustainability in practice: A review of current strategies within Italian universities,partial,INCLUDE(2) vs UNCERTAIN(1),Mayoria hacia INCLUDE pero confianza promedio baja (55/100). Revisar criterios de Lead Methodologist y considerar revision humana.,Lead Methodologist,UNCERTAIN,10,ESD & Sustainability Education Expert,INCLUDE,78,Climate Literacy & Green Skills Specialist,INCLUDE,78
41484,GriEdu_2018,Education for sustainable development today: A problem area for overcoming difficulties of pedagogical adaptation (on the example of a higher school),partial,INCLUDE(2) vs EXCLUDE(1),Mayoria hacia INCLUDE. Verificar los criterios de evaluacion de Climate Literacy & Green Skills Specialist para entender la discrepancia.,Lead Methodologist,INCLUDE,78,ESD & Sustainability Education Expert,INCLUDE,78,Climate Literacy & Green Skills Specialist,EXCLUDE,70
41486,BarEdu_2023,Education for Sustainable Development: teaching deliberation and ethical decision-making in university coach education,partial,INCLUDE(2) vs EXCLUDE(1),Mayoria hacia INCLUDE. Verificar los criterios de evaluacion de Climate Literacy & Green Skills Specialist para entender la discrepancia.,Lead Methodologist,INCLUDE,82,ESD & Sustainability Education Expert,INCLUDE,78,Climate Literacy & Green Skills Specialist,EXCLUDE,70
41494,AtuGre_2025,Green Changemakers: A Paradigm Shift in Vocational Education,partial,EXCLUDE(2) vs INCLUDE(1),Mayoria hacia EXCLUDE. Verificar los criterios de evaluacion de ESD & Sustainability Education Expert para entender la discrepancia.,Lead Methodologist,EXCLUDE,70,ESD & Sustainability Education Expert,INCLUDE,78,Climate Literacy & Green Skills Specialist,EXCLUDE,50
41496,HeiHum_2023,Humour beyond human: eco-humour as a pedagogical toolkit for environmental education,partial,INCLUDE(2) vs EXCLUDE(1),Mayoria hacia INCLUDE. Verificar los criterios de evaluacion de Climate Literacy & Green Skills Specialist para entender la discrepancia.,Lead Methodologist,INCLUDE,72,ESD & Sustainability Education Expert,INCLUDE,78,Climate Literacy & Green Skills Specialist,EXCLUDE,70
41497,IvaIMP_2024,IMPACT OF DIGITAL TECHNOLOGIES ON INTERNATIONAL LEGAL REGULATION OF EDUCATION TO ACHIEVE SUSTAINABLE DEVELOPMENT PRINCIPLES,partial,INCLUDE(2) vs EXCLUDE(1),Mayoria hacia INCLUDE. Verificar los criterios de evaluacion de Climate Literacy & Green Skills Specialist para entender la discrepancia.,Lead Methodologist,INCLUDE,78,ESD & Sustainability Education Expert,INCLUDE,78,Climate Literacy & Green Skills Specialist,EXCLUDE,70
41513,PirSus_2023,Sustainability in hospitality education: research trends and future directions,partial,EXCLUDE(2) vs INCLUDE(1),Mayoria hacia EXCLUDE. Verificar los criterios de evaluacion de Climate Literacy & Green Skills Specialist para entender la discrepancia.,Lead Methodologist,EXCLUDE,70,ESD & Sustainability Education Expert,EXCLUDE,50,Climate Literacy & Green Skills Specialist,INCLUDE,78
41517,ArmThe_2024,The QAA's subject benchmarks and critical pedagogy: The example of 'gateway to King's',partial,EXCLUDE(2) vs INCLUDE(1),Mayoria hacia EXCLUDE. Verificar los criterios de evaluacion de Lead Methodologist para entender la discrepancia.,Lead Methodologist,INCLUDE,78,ESD & Sustainability Education Expert,EXCLUDE,50,Climate Literacy & Green Skills Specialist,EXCLUDE,70
41518,ÖzdTow_2025,Towards a Holistic Understanding of Sustainable Development in Teacher Education: Insights From Pre-Service Teachers' Cross-Curricular Lesson Planning,partial,INCLUDE(2) vs EXCLUDE(1),Mayoria hacia INCLUDE. Verificar los criterios de evaluacion de Lead Methodologist para entender la discrepancia.,Lead Methodologist,EXCLUDE,50,ESD & Sustainability Education Expert,INCLUDE,85,Climate Literacy & Green Skills Specialist,INCLUDE,82
41520,GalTra_2025,Transforming Education for Sustainable Development: Global Perspectives from Classroom to Practice,partial,INCLUDE(2) vs EXCLUDE(1),Mayoria hacia INCLUDE. Verificar los criterios de evaluacion de Lead Methodologist para entender la discrepancia.,Lead Methodologist,EXCLUDE,70,ESD & Sustainability Education Expert,INCLUDE,85,Climate Literacy & Green Skills Specialist,INCLUDE,80
41528,MolAdd_2017,Addressing Food Waste Through University and Community Partnerships,partial,INCLUDE(2) vs EXCLUDE(1),Mayoria hacia INCLUDE. Verificar los criterios de evaluacion de Climate Literacy & Green Skills Specialist para entender la discrepancia.,Lead Methodologist,INCLUDE,78,ESD & Sustainability Education Expert,INCLUDE,78,Climate Literacy & Green Skills Specialist,EXCLUDE,70
41531,OguAna_2024,Analysis of Teachers' Perspectives Towards the Use of IKS to Improve STEM Education for Sustainable Development,partial,EXCLUDE(2) vs INCLUDE(1),Mayoria hacia EXCLUDE. Verificar los criterios de evaluacion de Lead Methodologist para entender la discrepancia.,Lead Methodologist,INCLUDE,78,ESD & Sustainability Education Expert,EXCLUDE,50,Climate Literacy & Green Skills Specialist,EXCLUDE,70
41541,TolDev_2021,Development of teachers' professional skills in education for sustainable development,partial,INCLUDE(2) vs EXCLUDE(1),Mayoria hacia INCLUDE. Verificar los criterios de evaluacion de Climate Literacy & Green Skills Specialist para entender la discrepancia.,Lead Methodologist,INCLUDE,78,ESD & Sustainability Education Expert,INCLUDE,78,Climate Literacy & Green Skills Specialist,EXCLUDE,50
41558,"Ye,Int_2025",Interdisciplinary mobility: an approach to measuring interdisciplinary learning outcomes by using curricular checkpoints,partial,EXCLUDE(2) vs INCLUDE(1),Mayoria hacia EXCLUDE. Verificar los criterios de evaluacion de Lead Methodologist para entender la discrepancia.,Lead Methodologist,INCLUDE,78,ESD & Sustainability Education Expert,EXCLUDE,50,Climate Literacy & Green Skills Specialist,EXCLUDE,70
41559,"Xu,Inv_2020",Investing a Better Future: Education for Sustainable Development as a Means to Strengthen the Environmental Education,partial,INCLUDE(2) vs EXCLUDE(1),Mayoria hacia INCLUDE. Verificar los criterios de evaluacion de Climate Literacy & Green Skills Specialist para entender la discrepancia.,Lead Methodologist,INCLUDE,65,ESD & Sustainability Education Expert,INCLUDE,78,Climate Literacy & Green Skills Specialist,EXCLUDE,50
41565,NinReo_2023,Reorienting Japanese university education towards community resilience in the wake of disaster responsiveness,partial,INCLUDE(2) vs EXCLUDE(1),Mayoria hacia INCLUDE. Verificar los criterios de evaluacion de Climate Literacy & Green Skills Specialist para entender la discrepancia.,Lead Methodologist,INCLUDE,82,ESD & Sustainability Education Expert,INCLUDE,78,Climate Literacy & Green Skills Specialist,EXCLUDE,50
41583,MilCom_2024,"Complicating the connections between curriculum, sustainable development and socially engaged design",partial,INCLUDE(2) vs EXCLUDE(1),Mayoria hacia INCLUDE. Verificar los criterios de evaluacion de Climate Literacy & Green Skills Specialist para entender la discrepancia.,Lead Methodologist,INCLUDE,78,ESD & Sustainability Education Expert,INCLUDE,78,Climate Literacy & Green Skills Specialist,EXCLUDE,70
41587,DliDev_2015,Development of ecological competence for future professions,partial,INCLUDE(2) vs EXCLUDE(1),Mayoria hacia INCLUDE. Verificar los criterios de evaluacion de Climate Literacy & Green Skills Specialist para entender la discrepancia.,Lead Methodologist,INCLUDE,78,ESD & Sustainability Education Expert,INCLUDE,78,Climate Literacy & Green Skills Specialist,EXCLUDE,50
41588,BosDim_2023,Dimensions of the Universities Third Mission from the University Teachers and Students Perspective,partial,INCLUDE(2) vs EXCLUDE(1),Mayoria hacia INCLUDE. Verificar los criterios de evaluacion de Climate Literacy & Green Skills Specialist para entender la discrepancia.,Lead Methodologist,INCLUDE,72,ESD & Sustainability Education Expert,INCLUDE,78,Climate Literacy & Green Skills Specialist,EXCLUDE,70
41589,KopEco_2025,Ecological crises in higher education: making biodiversity matter for business students through critical thinking and interdisciplinary approaches,partial,INCLUDE(2) vs UNCERTAIN(1),Mayoria hacia INCLUDE pero confianza promedio baja (59/100). Revisar criterios de ESD & Sustainability Education Expert y considerar revision humana.,Lead Methodologist,INCLUDE,88,ESD & Sustainability Education Expert,UNCERTAIN,10,Climate Literacy & Green Skills Specialist,INCLUDE,78
41592,JayEdu_2024,Education for Sustainable Development: Mapping Socio-legal and Eco-cultural Sustainability Topics in English Learning,partial,INCLUDE(2) vs EXCLUDE(1),Mayoria hacia INCLUDE. Verificar los criterios de evaluacion de Climate Literacy & Green Skills Specialist para entender la discrepancia.,Lead Methodologist,INCLUDE,78,ESD & Sustainability Education Expert,INCLUDE,78,Climate Literacy & Green Skills Specialist,EXCLUDE,70
41594,MahEnh_2026,Enhancing Inclusive Sustainability-Oriented Learning in Higher Education Using Adaptive Learning Platforms and Performance-Based Assessment,partial,INCLUDE(2) vs UNCERTAIN(1),Mayoria hacia INCLUDE. Verificar los criterios de evaluacion de ESD & Sustainability Education Expert para entender la discrepancia.,Lead Methodologist,INCLUDE,88,ESD & Sustainability Education Expert,UNCERTAIN,10,Climate Literacy & Green Skills Specialist,INCLUDE,82
41603,SidLea_2025,Learners' attitudes toward language education based on cultural identities: global citizenship agenda in higher education institutions of Pakistan,partial,EXCLUDE(2) vs UNCERTAIN(1),Mayoria hacia EXCLUDE pero confianza promedio baja (50/100). Revisar criterios de ESD & Sustainability Education Expert y considerar revision humana.,Lead Methodologist,EXCLUDE,70,ESD & Sustainability Education Expert,UNCERTAIN,10,Climate Literacy & Green Skills Specialist,EXCLUDE,70
41606,AliMea_2015,"Measurement of Entrance Skin Dose and Calculation of Effective Dose for Common Diagnostic X-Ray Examinations in Kashan, Iran",partial,EXCLUDE(2) vs UNCERTAIN(1),Mayoria hacia EXCLUDE pero confianza promedio baja (50/100). Revisar criterios de ESD & Sustainability Education Expert y considerar revision humana.,Lead Methodologist,EXCLUDE,70,ESD & Sustainability Education Expert,UNCERTAIN,10,Climate Literacy & Green Skills Specialist,EXCLUDE,70
41613,de Pro_2025,Promoting Sustainability in HEIs: Implementing the ESG Agenda as a Strategy to Achieve the SDGs of the United Nations,partial,EXCLUDE(2) vs INCLUDE(1),Mayoria hacia EXCLUDE. Verificar los criterios de evaluacion de ESD & Sustainability Education Expert para entender la discrepancia.,Lead Methodologist,EXCLUDE,70,ESD & Sustainability Education Expert,INCLUDE,78,Climate Literacy & Green Skills Specialist,EXCLUDE,70
41621,TreThe_2016,"The role of students in the co-creation of transformational knowledge and sustainability experiments: Experiences from Sweden, Japan and the USA",partial,INCLUDE(2) vs EXCLUDE(1),Mayoria hacia INCLUDE. Verificar los criterios de evaluacion de Climate Literacy & Green Skills Specialist para entender la discrepancia.,Lead Methodologist,INCLUDE,88,ESD & Sustainability Education Expert,INCLUDE,78,Climate Literacy & Green Skills Specialist,EXCLUDE,70
41628,"De,Uni_2025",Universities and the Development of Sustainable Cities: A Descriptive Study of University Outreach Projects of the HEIs Within the Ânima Ecosystem Aligned with SDG 11,partial,INCLUDE(2) vs EXCLUDE(1),Mayoria hacia INCLUDE. Verificar los criterios de evaluacion de Climate Literacy & Green Skills Specialist para entender la discrepancia.,Lead Methodologist,INCLUDE,78,ESD & Sustainability Education Expert,INCLUDE,78,Climate Literacy & Green Skills Specialist,EXCLUDE,70
41638,JohDe-_2015,De-constructing the sustainability challenge for engineering education: An industrial ecology approach,partial,INCLUDE(2) vs EXCLUDE(1),Mayoria hacia INCLUDE. Verificar los criterios de evaluacion de Climate Literacy & Green Skills Specialist para entender la discrepancia.,Lead Methodologist,INCLUDE,78,ESD & Sustainability Education Expert,INCLUDE,78,Climate Literacy & Green Skills Specialist,EXCLUDE,70
41644,RenEdu_2018,Education for sustainable development: Approaches froma Colombian perspective,partial,EXCLUDE(2) vs INCLUDE(1),Mayoria hacia EXCLUDE pero confianza promedio baja (59/100). Revisar criterios de ESD & Sustainability Education Expert y considerar revision humana.,Lead Methodologist,EXCLUDE,50,ESD & Sustainability Education Expert,INCLUDE,78,Climate Literacy & Green Skills Specialist,EXCLUDE,50
41658,HooLan_2025,Language as Evidence: Forensic Linguistics Approach in Developing a CEFR Aligned Rubric for AI-Assisted Academic Writing Evaluation,partial,EXCLUDE(2) vs INCLUDE(1),Mayoria hacia EXCLUDE. Verificar los criterios de evaluacion de Lead Methodologist para entender la discrepancia.,Lead Methodologist,INCLUDE,68,ESD & Sustainability Education Expert,EXCLUDE,50,Climate Literacy & Green Skills Specialist,EXCLUDE,70
41661,SjöMor_2019,More of the same: A critical analysis of the formations of teacher students through education for sustainable development,partial,INCLUDE(2) vs EXCLUDE(1),Mayoria hacia INCLUDE. Verificar los criterios de evaluacion de Climate Literacy & Green Skills Specialist para entender la discrepancia.,Lead Methodologist,INCLUDE,72,ESD & Sustainability Education Expert,INCLUDE,78,Climate Literacy & Green Skills Specialist,EXCLUDE,70
41668,BucSus_2024,Sustainability as an emerging mandate in higher education,partial,EXCLUDE(2) vs INCLUDE(1),Mayoria hacia EXCLUDE. Verificar los criterios de evaluacion de Lead Methodologist para entender la discrepancia.,Lead Methodologist,INCLUDE,82,ESD & Sustainability Education Expert,EXCLUDE,50,Climate Literacy & Green Skills Specialist,EXCLUDE,70
41676,Ste“Mo_2023,“More than scaling up”: a critical and practical inquiry into operationalizing sustainability competencies,partial,EXCLUDE(2) vs INCLUDE(1),Mayoria hacia EXCLUDE. Verificar los criterios de evaluacion de ESD & Sustainability Education Expert para entender la discrepancia.,Lead Methodologist,EXCLUDE,70,ESD & Sustainability Education Expert,INCLUDE,85,Climate Literacy & Green Skills Specialist,EXCLUDE,70
41689,MusE-c_2018,E-collaborating for environmentally sustainable health curricula,partial,INCLUDE(2) vs EXCLUDE(1),Mayoria hacia INCLUDE. Verificar los criterios de evaluacion de Climate Literacy & Green Skills Specialist para entender la discrepancia.,Lead Methodologist,INCLUDE,85,ESD & Sustainability Education Expert,INCLUDE,78,Climate Literacy & Green Skills Specialist,EXCLUDE,70
41691,AlaEdu_2026,Education for Sustainable Development (ESD) and Global Citizenship,partial,EXCLUDE(2) vs INCLUDE(1),Mayoria hacia EXCLUDE. Verificar los criterios de evaluacion de ESD & Sustainability Education Expert para entender la discrepancia.,Lead Methodologist,EXCLUDE,70,ESD & Sustainability Education Expert,INCLUDE,85,Climate Literacy & Green Skills Specialist,EXCLUDE,70
41695,MeiEdu_2025,Education for Sustainable Development: Model-Based Inquiry Using Composting Toilets and Microbiome Data Science in Higher Education,partial,INCLUDE(2) vs EXCLUDE(1),Mayoria hacia INCLUDE. Verificar los criterios de evaluacion de Climate Literacy & Green Skills Specialist para entender la discrepancia.,Lead Methodologist,INCLUDE,78,ESD & Sustainability Education Expert,INCLUDE,85,Climate Literacy & Green Skills Specialist,EXCLUDE,70
41697,KapEdu_2016,Educational action research to achieve the essential competencies of the future,partial,INCLUDE(2) vs EXCLUDE(1),Mayoria hacia INCLUDE. Verificar los criterios de evaluacion de Climate Literacy & Green Skills Specialist para entender la discrepancia.,Lead Methodologist,INCLUDE,72,ESD & Sustainability Education Expert,INCLUDE,78,Climate Literacy & Green Skills Specialist,EXCLUDE,70
41706,JunHow_2020,How green is accounting? Brazilian students’ perception,partial,INCLUDE(2) vs EXCLUDE(1),Mayoria hacia INCLUDE. Verificar los criterios de evaluacion de Climate Literacy & Green Skills Specialist para entender la discrepancia.,Lead Methodologist,INCLUDE,78,ESD & Sustainability Education Expert,INCLUDE,78,Climate Literacy & Green Skills Specialist,EXCLUDE,70
41711,ImaInt_2021,Integrating Education for Sustainable Development Competencies in Teacher Education,partial,EXCLUDE(2) vs INCLUDE(1),Mayoria hacia EXCLUDE. Verificar los criterios de evaluacion de ESD & Sustainability Education Expert para entender la discrepancia.,Lead Methodologist,EXCLUDE,70,ESD & Sustainability Education Expert,INCLUDE,78,Climate Literacy & Green Skills Specialist,EXCLUDE,70
41715,GomKno_2019,"Knowledge, attitudes, and practices (KAP) in sustainability among students of a colombian university",partial,INCLUDE(2) vs EXCLUDE(1),Mayoria hacia INCLUDE. Verificar los criterios de evaluacion de Climate Literacy & Green Skills Specialist para entender la discrepancia.,Lead Methodologist,INCLUDE,78,ESD & Sustainability Education Expert,INCLUDE,78,Climate Literacy & Green Skills Specialist,EXCLUDE,70
41728,TreSus_2020,Sustainable Universities as an Essential Element of Education for Sustainable Development,partial,EXCLUDE(2) vs INCLUDE(1),Mayoria hacia EXCLUDE. Verificar los criterios de evaluacion de Climate Literacy & Green Skills Specialist para entender la discrepancia.,Lead Methodologist,EXCLUDE,70,ESD & Sustainability Education Expert,EXCLUDE,50,Climate Literacy & Green Skills Specialist,INCLUDE,78
41735,EmeTra_2017,Transnational Dialogues for Sustainability Research in Early Childhood Education: A Model for Building Capacity for ESD in Universities?,partial,EXCLUDE(2) vs INCLUDE(1),Mayoria hacia EXCLUDE. Verificar los criterios de evaluacion de ESD & Sustainability Education Expert para entender la discrepancia.,Lead Methodologist,EXCLUDE,50,ESD & Sustainability Education Expert,INCLUDE,78,Climate Literacy & Green Skills Specialist,EXCLUDE,70
41737,MisTut_2017,Tutors and gatekeepers in sustainability MOOCS,partial,INCLUDE(2) vs EXCLUDE(1),Mayoria hacia INCLUDE. Verificar los criterios de evaluacion de Climate Literacy & Green Skills Specialist para entender la discrepancia.,Lead Methodologist,INCLUDE,72,ESD & Sustainability Education Expert,INCLUDE,78,Climate Literacy & Green Skills Specialist,EXCLUDE,70
41738,PonUnd_2024,Understanding International and Regional Partnerships for Sustainable Development Goals in Higher Education: A Focus on the Asia Pacific Region,partial,EXCLUDE(2) vs INCLUDE(1),Mayoria hacia EXCLUDE. Verificar los criterios de evaluacion de ESD & Sustainability Education Expert para entender la discrepancia.,Lead Methodologist,EXCLUDE,70,ESD & Sustainability Education Expert,INCLUDE,85,Climate Literacy & Green Skills Specialist,EXCLUDE,70
41746,RenAss_2020,Assessment of the Quality Education Awareness Competence of Pre-Service Educators Using Vignettes,partial,INCLUDE(2) vs EXCLUDE(1),Mayoria hacia INCLUDE. Verificar los criterios de evaluacion de Climate Literacy & Green Skills Specialist para entender la discrepancia.,Lead Methodologist,INCLUDE,82,ESD & Sustainability Education Expert,INCLUDE,85,Climate Literacy & Green Skills Specialist,EXCLUDE,70
41752,HudCon_2020,Conceptual and legal framework for promotion of education for sustainable development: Case study for Ukraine,partial,INCLUDE(2) vs EXCLUDE(1),Mayoria hacia INCLUDE. Verificar los criterios de evaluacion de Climate Literacy & Green Skills Specialist para entender la discrepancia.,Lead Methodologist,INCLUDE,78,ESD & Sustainability Education Expert,INCLUDE,78,Climate Literacy & Green Skills Specialist,EXCLUDE,70
41760,TsyEDU_2023,EDUCATION FOR SUSTAINABLE DEVELOPMENT: UNDERSTANDING BY PHYSICAL EDUCATION AND SPORTS SPECIALISTS,partial,EXCLUDE(2) vs INCLUDE(1),Mayoria hacia EXCLUDE. Verificar los criterios de evaluacion de Lead Methodologist para entender la discrepancia.,Lead Methodologist,INCLUDE,78,ESD & Sustainability Education Expert,EXCLUDE,50,Climate Literacy & Green Skills Specialist,EXCLUDE,70
41773,SabINT_2025,INTEGRATING INTERCULTURAL COMMUNICATIVE COMPETENCE INTO TERTIARY EDUCATION FOR SUSTAINABLE DEVELOPMENT: A COIL PROJECT-BASED PERSPECTIVE,partial,INCLUDE(2) vs EXCLUDE(1),Mayoria hacia INCLUDE. Verificar los criterios de evaluacion de Climate Literacy & Green Skills Specialist para entender la discrepancia.,Lead Methodologist,INCLUDE,78,ESD & Sustainability Education Expert,INCLUDE,85,Climate Literacy & Green Skills Specialist,EXCLUDE,70
41782,MarStr_2016,"Strengths and Weaknesses of an E-learning Program in Environmental Sciences at Universidade Aberta, Portugal",partial,INCLUDE(2) vs EXCLUDE(1),Mayoria hacia INCLUDE. Verificar los criterios de evaluacion de Climate Literacy & Green Skills Specialist para entender la discrepancia.,Lead Methodologist,INCLUDE,78,ESD & Sustainability Education Expert,INCLUDE,78,Climate Literacy & Green Skills Specialist,EXCLUDE,70
41785,MasSus_2020,Sustainable education in Russia,partial,INCLUDE(2) vs EXCLUDE(1),Mayoria hacia INCLUDE. Verificar los criterios de evaluacion de Lead Methodologist para entender la discrepancia.,Lead Methodologist,EXCLUDE,50,ESD & Sustainability Education Expert,INCLUDE,78,Climate Literacy & Green Skills Specialist,INCLUDE,75
41795,FerWHA_2024,WHAT IS GAINED WHEN UNIVERSITY LEADERSHIP REVIEWS AND RECOMMITS TO EQUALITY CONSIDERING THE 2030 AGENDA FOR SUSTAINABLE DEVELOPMENT?,partial,INCLUDE(2) vs EXCLUDE(1),Mayoria hacia INCLUDE. Verificar los criterios de evaluacion de Climate Literacy & Green Skills Specialist para entender la discrepancia.,Lead Methodologist,INCLUDE,78,ESD & Sustainability Education Expert,INCLUDE,78,Climate Literacy & Green Skills Specialist,EXCLUDE,70
41812,KurEdu_2024,Education-Science-Values: A Triple Helix Approach to Nanotechnology Education for Sustainable Development,partial,INCLUDE(2) vs EXCLUDE(1),Mayoria hacia INCLUDE. Verificar los criterios de evaluacion de Climate Literacy & Green Skills Specialist para entender la discrepancia.,Lead Methodologist,INCLUDE,78,ESD & Sustainability Education Expert,INCLUDE,78,Climate Literacy & Green Skills Specialist,EXCLUDE,70
41813,KosEle_2019,Elements of reflection on education for sustainable development 30 years from the Bruntland Report,partial,INCLUDE(2) vs EXCLUDE(1),Mayoria hacia INCLUDE. Verificar los criterios de evaluacion de Climate Literacy & Green Skills Specialist para entender la discrepancia.,Lead Methodologist,INCLUDE,72,ESD & Sustainability Education Expert,INCLUDE,78,Climate Literacy & Green Skills Specialist,EXCLUDE,70
41816,RagEnv_2017,"Environmental campaign awareness, participation, and media visibility",partial,EXCLUDE(2) vs INCLUDE(1),Mayoria hacia EXCLUDE. Verificar los criterios de evaluacion de Lead Methodologist para entender la discrepancia.,Lead Methodologist,INCLUDE,72,ESD & Sustainability Education Expert,EXCLUDE,50,Climate Literacy & Green Skills Specialist,EXCLUDE,70
41828,CooPar_2022,Partnerships to Deepen Social and Emotional Learning in Jamaica to Support Sustainable Development Goals 4 and 16,partial,EXCLUDE(2) vs UNCERTAIN(1),Mayoria hacia EXCLUDE pero confianza promedio baja (43/100). Revisar criterios de Lead Methodologist y considerar revision humana.,Lead Methodologist,UNCERTAIN,10,ESD & Sustainability Education Expert,EXCLUDE,50,Climate Literacy & Green Skills Specialist,EXCLUDE,70
41830,MatPro_2022,Promoting Education for Sustainable Development: A Collaborative Project Between a Higher Education Institution and the Surrounding School Community,partial,INCLUDE(2) vs EXCLUDE(1),Mayoria hacia INCLUDE. Verificar los criterios de evaluacion de Climate Literacy & Green Skills Specialist para entender la discrepancia.,Lead Methodologist,INCLUDE,78,ESD & Sustainability Education Expert,INCLUDE,78,Climate Literacy & Green Skills Specialist,EXCLUDE,70
41835,BaySta_2019,Stakeholders’ environmental sustainability perceptions in spanish campuses,partial,INCLUDE(2) vs EXCLUDE(1),Mayoria hacia INCLUDE. Verificar los criterios de evaluacion de Climate Literacy & Green Skills Specialist para entender la discrepancia.,Lead Methodologist,INCLUDE,78,ESD & Sustainability Education Expert,INCLUDE,78,Climate Literacy & Green Skills Specialist,EXCLUDE,70
41836,NawSta_2023,State of Sustainable Design Content in Design Education: An Analysis of Bachelor’s Degree Courses in India,partial,INCLUDE(2) vs EXCLUDE(1),Mayoria hacia INCLUDE. Verificar los criterios de evaluacion de Climate Literacy & Green Skills Specialist para entender la discrepancia.,Lead Methodologist,INCLUDE,78,ESD & Sustainability Education Expert,INCLUDE,78,Climate Literacy & Green Skills Specialist,EXCLUDE,50
41843,PicThe_2015,The creation of interactive activity pods at a Recycling Education Centre,partial,INCLUDE(2) vs EXCLUDE(1),Mayoria hacia INCLUDE. Verificar los criterios de evaluacion de ESD & Sustainability Education Expert para entender la discrepancia.,Lead Methodologist,INCLUDE,72,ESD & Sustainability Education Expert,EXCLUDE,50,Climate Literacy & Green Skills Specialist,INCLUDE,70
41859,OsaArt_2024,"Artificial intelligence, the labor market, and education for sustainable development: the points of intersection",partial,INCLUDE(2) vs EXCLUDE(1),Mayoria hacia INCLUDE. Verificar los criterios de evaluacion de Climate Literacy & Green Skills Specialist para entender la discrepancia.,Lead Methodologist,INCLUDE,78,ESD & Sustainability Education Expert,INCLUDE,85,Climate Literacy & Green Skills Specialist,EXCLUDE,70
41866,DavCre_2020,Creating Change for People and Planet: Education for Sustainability Approaches and Strategies,partial,INCLUDE(2) vs EXCLUDE(1),Mayoria hacia INCLUDE. Verificar los criterios de evaluacion de Lead Methodologist para entender la discrepancia.,Lead Methodologist,EXCLUDE,70,ESD & Sustainability Education Expert,INCLUDE,78,Climate Literacy & Green Skills Specialist,INCLUDE,80
41867,MicDis_2024,Disciplines Shaping the Higher Education for Sustainable Development Competency Scholarship: Results from a Direct Citation Analysis,partial,EXCLUDE(2) vs INCLUDE(1),Mayoria hacia EXCLUDE. Verificar los criterios de evaluacion de Climate Literacy & Green Skills Specialist para entender la discrepancia.,Lead Methodologist,EXCLUDE,70,ESD & Sustainability Education Expert,EXCLUDE,50,Climate Literacy & Green Skills Specialist,INCLUDE,78
41874,OdiESG_2024,ESG Competences and Skills in Lifelong Education for Sustainability,partial,INCLUDE(2) vs EXCLUDE(1),Mayoria hacia INCLUDE. Verificar los criterios de evaluacion de Climate Literacy & Green Skills Specialist para entender la discrepancia.,Lead Methodologist,INCLUDE,78,ESD & Sustainability Education Expert,INCLUDE,78,Climate Literacy & Green Skills Specialist,EXCLUDE,70
41875,CleExp_2020,Exploring essential generic green skills for green jobs in the field of electrical electronics,partial,INCLUDE(2) vs EXCLUDE(1),Mayoria hacia INCLUDE. Verificar los criterios de evaluacion de Climate Literacy & Green Skills Specialist para entender la discrepancia.,Lead Methodologist,INCLUDE,72,ESD & Sustainability Education Expert,INCLUDE,78,Climate Literacy & Green Skills Specialist,EXCLUDE,70
41880,EvaGre_2016,Greening steel work: Varieties of Capitalism and the ‘greening’ of skills,partial,EXCLUDE(2) vs INCLUDE(1),Mayoria hacia EXCLUDE. Verificar los criterios de evaluacion de ESD & Sustainability Education Expert para entender la discrepancia.,Lead Methodologist,EXCLUDE,70,ESD & Sustainability Education Expert,INCLUDE,78,Climate Literacy & Green Skills Specialist,EXCLUDE,70
41881,DesHig_2024,Higher Education and Sustainable Development: A model for curriculum renewal,partial,EXCLUDE(2) vs INCLUDE(1),Mayoria hacia EXCLUDE. Verificar los criterios de evaluacion de ESD & Sustainability Education Expert para entender la discrepancia.,Lead Methodologist,EXCLUDE,70,ESD & Sustainability Education Expert,INCLUDE,85,Climate Literacy & Green Skills Specialist,EXCLUDE,70
41887,GakInn_2022,Innovative Education for Sustainable Development in Peripheral Rural Areas,partial,INCLUDE(2) vs EXCLUDE(1),Mayoria hacia INCLUDE. Verificar los criterios de evaluacion de Climate Literacy & Green Skills Specialist para entender la discrepancia.,Lead Methodologist,INCLUDE,78,ESD & Sustainability Education Expert,INCLUDE,78,Climate Literacy & Green Skills Specialist,EXCLUDE,70
41895,SanStr_2024,Strengthening Higher Education for Sustainable Development: Gamification and SDG 16,partial,EXCLUDE(2) vs INCLUDE(1),Mayoria hacia EXCLUDE. Verificar los criterios de evaluacion de Lead Methodologist para entender la discrepancia.,Lead Methodologist,INCLUDE,68,ESD & Sustainability Education Expert,EXCLUDE,50,Climate Literacy & Green Skills Specialist,EXCLUDE,70
41898,RaiSus_2017,Sustainable futures online,partial,INCLUDE(2) vs EXCLUDE(1),Mayoria hacia INCLUDE. Verificar los criterios de evaluacion de Climate Literacy & Green Skills Specialist para entender la discrepancia.,Lead Methodologist,INCLUDE,78,ESD & Sustainability Education Expert,INCLUDE,78,Climate Literacy & Green Skills Specialist,EXCLUDE,50
41900,AnoTea_2024,Teaching Sustainability in Science Education: Pre-Service Science Teachers' Perceptions of the Role of Indigenous Knowledge,partial,INCLUDE(2) vs EXCLUDE(1),Mayoria hacia INCLUDE. Verificar los criterios de evaluacion de Climate Literacy & Green Skills Specialist para entender la discrepancia.,Lead Methodologist,INCLUDE,78,ESD & Sustainability Education Expert,INCLUDE,78,Climate Literacy & Green Skills Specialist,EXCLUDE,70
41901,RamThe_2025,The Role of a Digitised Learning System on Delivering Quality Education for Sustainable Development: An Analysis of Artificial Intelligence,partial,EXCLUDE(2) vs INCLUDE(1),Mayoria hacia EXCLUDE. Verificar los criterios de evaluacion de Lead Methodologist para entender la discrepancia.,Lead Methodologist,INCLUDE,78,ESD & Sustainability Education Expert,EXCLUDE,50,Climate Literacy & Green Skills Specialist,EXCLUDE,70
41910,de Wal_2025,Walking the Talk on Education for Sustainable Development: The Value of Circular Economy Education in the Age of Complexity,partial,INCLUDE(2) vs EXCLUDE(1),Mayoria hacia INCLUDE. Verificar los criterios de evaluacion de Climate Literacy & Green Skills Specialist para entender la discrepancia.,Lead Methodologist,INCLUDE,82,ESD & Sustainability Education Expert,INCLUDE,85,Climate Literacy & Green Skills Specialist,EXCLUDE,70
41914,SpeA D_2019,A Direction for Outdoor and Environmental Education: Assessing and Addressing UNECE Capacities for Preservice Teachers,partial,EXCLUDE(2) vs INCLUDE(1),Mayoria hacia EXCLUDE. Verificar los criterios de evaluacion de Lead Methodologist para entender la discrepancia.,Lead Methodologist,INCLUDE,72,ESD & Sustainability Education Expert,EXCLUDE,50,Climate Literacy & Green Skills Specialist,EXCLUDE,70
41920,YouBey_2024,Beyond tick boxes: re-imagining education for sustainable development in higher education,partial,EXCLUDE(2) vs INCLUDE(1),Mayoria hacia EXCLUDE. Verificar los criterios de evaluacion de Lead Methodologist para entender la discrepancia.,Lead Methodologist,INCLUDE,78,ESD & Sustainability Education Expert,EXCLUDE,50,Climate Literacy & Green Skills Specialist,EXCLUDE,70
41926,BörDev_2026,Developing Knowledge and Capacities for Care in Social Sustainability Education—An Analysis of Student Submissions in Higher Education,partial,INCLUDE(2) vs EXCLUDE(1),Mayoria hacia INCLUDE. Verificar los criterios de evaluacion de Climate Literacy & Green Skills Specialist para entender la discrepancia.,Lead Methodologist,INCLUDE,82,ESD & Sustainability Education Expert,INCLUDE,78,Climate Literacy & Green Skills Specialist,EXCLUDE,50
41928,KovDoc_2021,Doctoral Students as Future Teachers at Universities: Factors Related to Professional Identity,partial,EXCLUDE(2) vs INCLUDE(1),Mayoria hacia EXCLUDE. Verificar los criterios de evaluacion de Lead Methodologist para entender la discrepancia.,Lead Methodologist,INCLUDE,70,ESD & Sustainability Education Expert,EXCLUDE,50,Climate Literacy & Green Skills Specialist,EXCLUDE,70
41930,delEdu_2017,Educating for sustainability: Perspectives and critical notes on accounting scholars' role in higher education,partial,EXCLUDE(2) vs INCLUDE(1),Mayoria hacia EXCLUDE. Verificar los criterios de evaluacion de Lead Methodologist para entender la discrepancia.,Lead Methodologist,INCLUDE,78,ESD & Sustainability Education Expert,EXCLUDE,50,Climate Literacy & Green Skills Specialist,EXCLUDE,70
41933,Sá Edu_2017,Education for sustainable development through policies and strategies in the public portuguese higher education institutions,partial,INCLUDE(2) vs EXCLUDE(1),Mayoria hacia INCLUDE. Verificar los criterios de evaluacion de Climate Literacy & Green Skills Specialist para entender la discrepancia.,Lead Methodologist,INCLUDE,82,ESD & Sustainability Education Expert,INCLUDE,78,Climate Literacy & Green Skills Specialist,EXCLUDE,70
41937,CebFac_2020,Facilitating action research: reflections on the challenges and opportunities faced by a doctoral researcher engaged in education for sustainable development,partial,INCLUDE(2) vs EXCLUDE(1),Mayoria hacia INCLUDE. Verificar los criterios de evaluacion de Climate Literacy & Green Skills Specialist para entender la discrepancia.,Lead Methodologist,INCLUDE,78,ESD & Sustainability Education Expert,INCLUDE,78,Climate Literacy & Green Skills Specialist,EXCLUDE,70
41938,PavFos_2018,"Fostering inclusive, sustainable economic growth and ‘‘green’’ skills development in learning cities through partnerships",partial,INCLUDE(2) vs EXCLUDE(1),Mayoria hacia INCLUDE. Verificar los criterios de evaluacion de Climate Literacy & Green Skills Specialist para entender la discrepancia.,Lead Methodologist,INCLUDE,78,ESD & Sustainability Education Expert,INCLUDE,78,Climate Literacy & Green Skills Specialist,EXCLUDE,70
41942,AnđHow_2015,How to measure sustainable behaviour? Adaptation and validation of the questionnaire on sustainable behaviour,partial,INCLUDE(2) vs EXCLUDE(1),Mayoria hacia INCLUDE. Verificar los criterios de evaluacion de Climate Literacy & Green Skills Specialist para entender la discrepancia.,Lead Methodologist,INCLUDE,78,ESD & Sustainability Education Expert,INCLUDE,78,Climate Literacy & Green Skills Specialist,EXCLUDE,70
41945,ElkInt_2025,Interchangeable Roles in Future Learning: Testing Support Structures in a New Triadic Educational Model,partial,INCLUDE(2) vs EXCLUDE(1),Mayoria hacia INCLUDE. Verificar los criterios de evaluacion de Climate Literacy & Green Skills Specialist para entender la discrepancia.,Lead Methodologist,INCLUDE,78,ESD & Sustainability Education Expert,INCLUDE,85,Climate Literacy & Green Skills Specialist,EXCLUDE,70
41950,AlrPro_2023,Project-based Learning at a Saudi University: Faculty and Student Feedback,partial,INCLUDE(2) vs EXCLUDE(1),Mayoria hacia INCLUDE. Verificar los criterios de evaluacion de Climate Literacy & Green Skills Specialist para entender la discrepancia.,Lead Methodologist,INCLUDE,78,ESD & Sustainability Education Expert,INCLUDE,78,Climate Literacy & Green Skills Specialist,EXCLUDE,70
41959,MešSUS_2022,SUSTAINABLE MARKETING IN HIGHER EDUCATION,partial,INCLUDE(2) vs EXCLUDE(1),Mayoria hacia INCLUDE. Verificar los criterios de evaluacion de Climate Literacy & Green Skills Specialist para entender la discrepancia.,Lead Methodologist,INCLUDE,78,ESD & Sustainability Education Expert,INCLUDE,78,Climate Literacy & Green Skills Specialist,EXCLUDE,70
41969,Gon203_2024,2030 Agenda and Sustainable Learning: Access to Justice as an Instrument of Guarantee in the Face of the Social Inequalities of Globalisation,partial,INCLUDE(2) vs EXCLUDE(1),Mayoria hacia INCLUDE. Verificar los criterios de evaluacion de Climate Literacy & Green Skills Specialist para entender la discrepancia.,Lead Methodologist,INCLUDE,78,ESD & Sustainability Education Expert,INCLUDE,78,Climate Literacy & Green Skills Specialist,EXCLUDE,70
41972,RamAN _2023,AN AUTO ETHNOGRAPHIC REFLECTION OF SERVICE-LEARNING: A HIGHER EDUCATION PERSPECTIVE,partial,INCLUDE(2) vs EXCLUDE(1),Mayoria hacia INCLUDE. Verificar los criterios de evaluacion de Climate Literacy & Green Skills Specialist para entender la discrepancia.,Lead Methodologist,INCLUDE,72,ESD & Sustainability Education Expert,INCLUDE,78,Climate Literacy & Green Skills Specialist,EXCLUDE,70
41974,VerAss_2016,"Assessing Climate Literacy Content in Higher Education Science Courses: Distribution, Challenges, and Needs",partial,EXCLUDE(2) vs INCLUDE(1),Mayoria hacia EXCLUDE. Verificar los criterios de evaluacion de Lead Methodologist para entender la discrepancia.,Lead Methodologist,INCLUDE,78,ESD & Sustainability Education Expert,EXCLUDE,50,Climate Literacy & Green Skills Specialist,EXCLUDE,70
41976,KoeBey_2015,Beyond outputs: Pathways to symmetrical evaluations of university sustainable development partnerships,partial,EXCLUDE(2) vs INCLUDE(1),Mayoria hacia EXCLUDE. Verificar los criterios de evaluacion de ESD & Sustainability Education Expert para entender la discrepancia.,Lead Methodologist,EXCLUDE,70,ESD & Sustainability Education Expert,INCLUDE,78,Climate Literacy & Green Skills Specialist,EXCLUDE,70
41985,NiyCon_2021,Continuous social and environmental education of the future teacher in the interests of sustainable development of society,partial,INCLUDE(2) vs EXCLUDE(1),Mayoria hacia INCLUDE. Verificar los criterios de evaluacion de Climate Literacy & Green Skills Specialist para entender la discrepancia.,Lead Methodologist,INCLUDE,78,ESD & Sustainability Education Expert,INCLUDE,85,Climate Literacy & Green Skills Specialist,EXCLUDE,50
41988,ColEdu_2019,Education for a sustainable future? Students’ experiences of workshops on ethical dilemmas,partial,INCLUDE(2) vs EXCLUDE(1),Mayoria hacia INCLUDE. Verificar los criterios de evaluacion de Climate Literacy & Green Skills Specialist para entender la discrepancia.,Lead Methodologist,INCLUDE,78,ESD & Sustainability Education Expert,INCLUDE,78,Climate Literacy & Green Skills Specialist,EXCLUDE,70
41989,SamEdu_2023,Education for Sustainable Development in Modern Conditions of Digitalization,partial,INCLUDE(2) vs EXCLUDE(1),Mayoria hacia INCLUDE. Verificar los criterios de evaluacion de Climate Literacy & Green Skills Specialist para entender la discrepancia.,Lead Methodologist,INCLUDE,78,ESD & Sustainability Education Expert,INCLUDE,78,Climate Literacy & Green Skills Specialist,EXCLUDE,50
41998,OwuFor_2021,Formation of a sustainable development ecosystem for Ghanaian universities,partial,INCLUDE(2) vs EXCLUDE(1),Mayoria hacia INCLUDE. Verificar los criterios de evaluacion de Lead Methodologist para entender la discrepancia.,Lead Methodologist,EXCLUDE,70,ESD & Sustainability Education Expert,INCLUDE,85,Climate Literacy & Green Skills Specialist,INCLUDE,78
41999,AtaGen_2025,GenAI image creation in EFL: prompt writing as an emerging writing activity for sustainability-focused artivism,partial,INCLUDE(2) vs EXCLUDE(1),Mayoria hacia INCLUDE. Verificar los criterios de evaluacion de Climate Literacy & Green Skills Specialist para entender la discrepancia.,Lead Methodologist,INCLUDE,82,ESD & Sustainability Education Expert,INCLUDE,78,Climate Literacy & Green Skills Specialist,EXCLUDE,70
42005,BorHis_2023,Historical Memory and Eco-centric Education: Looking at the Past to Move Forward with the 2030 Agenda for Sustainable Development,partial,INCLUDE(2) vs EXCLUDE(1),Mayoria hacia INCLUDE. Verificar los criterios de evaluacion de Lead Methodologist para entender la discrepancia.,Lead Methodologist,EXCLUDE,70,ESD & Sustainability Education Expert,INCLUDE,78,Climate Literacy & Green Skills Specialist,INCLUDE,78
42007,do Imp_2023,Impacts of Fourth Industrial Revolution on Education for Sustainable Development in Higher Education Institutions,partial,EXCLUDE(2) vs INCLUDE(1),Mayoria hacia EXCLUDE. Verificar los criterios de evaluacion de ESD & Sustainability Education Expert para entender la discrepancia.,Lead Methodologist,EXCLUDE,70,ESD & Sustainability Education Expert,INCLUDE,78,Climate Literacy & Green Skills Specialist,EXCLUDE,70
42010,ShuInc_2025,Inclusive integration of generative AI-ChatGPT with Education for Sustainable Development (ESD) in higher education,partial,EXCLUDE(2) vs INCLUDE(1),Mayoria hacia EXCLUDE. Verificar los criterios de evaluacion de Lead Methodologist para entender la discrepancia.,Lead Methodologist,INCLUDE,78,ESD & Sustainability Education Expert,EXCLUDE,50,Climate Literacy & Green Skills Specialist,EXCLUDE,70
42011,KhaInt_2025,Integrating Education for Sustainable Development (ESD) in Saudi Teacher Education (STE) programmes,partial,INCLUDE(2) vs EXCLUDE(1),Mayoria hacia INCLUDE. Verificar los criterios de evaluacion de Lead Methodologist para entender la discrepancia.,Lead Methodologist,EXCLUDE,70,ESD & Sustainability Education Expert,INCLUDE,85,Climate Literacy & Green Skills Specialist,INCLUDE,80
42012,HoaInt_2021,Integrating environmental protection education in the curriculum: A measure to form awareness of environmental protection for the community,partial,EXCLUDE(2) vs INCLUDE(1),Mayoria hacia EXCLUDE. Verificar los criterios de evaluacion de ESD & Sustainability Education Expert para entender la discrepancia.,Lead Methodologist,EXCLUDE,70,ESD & Sustainability Education Expert,INCLUDE,78,Climate Literacy & Green Skills Specialist,EXCLUDE,70
42029,HobSha_2024,"Sharing and Repairing at University: On Student Practices, and the Future of the Circular Campus",partial,INCLUDE(2) vs EXCLUDE(1),Mayoria hacia INCLUDE. Verificar los criterios de evaluacion de Climate Literacy & Green Skills Specialist para entender la discrepancia.,Lead Methodologist,INCLUDE,78,ESD & Sustainability Education Expert,INCLUDE,78,Climate Literacy & Green Skills Specialist,EXCLUDE,70
42038,FosThe_2024,The Global Learning in Agriculture Community: A Digital Community of Practice to Support Education for Sustainable Development,partial,INCLUDE(2) vs EXCLUDE(1),Mayoria hacia INCLUDE. Verificar los criterios de evaluacion de Climate Literacy & Green Skills Specialist para entender la discrepancia.,Lead Methodologist,INCLUDE,78,ESD & Sustainability Education Expert,INCLUDE,78,Climate Literacy & Green Skills Specialist,EXCLUDE,70
42043,TyaTra_2025,Transformative Education for Sustainability—A Global Perspective,partial,INCLUDE(2) vs EXCLUDE(1),Mayoria hacia INCLUDE. Verificar los criterios de evaluacion de Lead Methodologist para entender la discrepancia.,Lead Methodologist,EXCLUDE,50,ESD & Sustainability Education Expert,INCLUDE,78,Climate Literacy & Green Skills Specialist,INCLUDE,75
42046,OsoUni_2022,University Education for Sustainability: Topics of Foreign Language Teaching,partial,INCLUDE(2) vs EXCLUDE(1),Mayoria hacia INCLUDE. Verificar los criterios de evaluacion de Climate Literacy & Green Skills Specialist para entender la discrepancia.,Lead Methodologist,INCLUDE,72,ESD & Sustainability Education Expert,INCLUDE,78,Climate Literacy & Green Skills Specialist,EXCLUDE,70
42048,FarUsi_2025,"Using eco-social justice to develop a continuous professional development workshop exploring how education for sustainable development can be embedded into early childhood education and social care courses in South East Technological University, Ireland",partial,INCLUDE(2) vs EXCLUDE(1),Mayoria hacia INCLUDE. Verificar los criterios de evaluacion de Climate Literacy & Green Skills Specialist para entender la discrepancia.,Lead Methodologist,INCLUDE,78,ESD & Sustainability Education Expert,INCLUDE,78,Climate Literacy & Green Skills Specialist,EXCLUDE,70
42055,SalApp_2020,"Application of a scale of knowledge, attitudes and practices on sustainability in university professors and associated factors",partial,INCLUDE(2) vs EXCLUDE(1),Mayoria hacia INCLUDE. Verificar los criterios de evaluacion de Climate Literacy & Green Skills Specialist para entender la discrepancia.,Lead Methodologist,INCLUDE,78,ESD & Sustainability Education Expert,INCLUDE,78,Climate Literacy & Green Skills Specialist,EXCLUDE,70
42065,PalDis_2021,Disaster risk reduction education (DRRE) and resilience in Asia-Pacific,partial,EXCLUDE(2) vs INCLUDE(1),Mayoria hacia EXCLUDE. Verificar los criterios de evaluacion de Lead Methodologist para entender la discrepancia.,Lead Methodologist,INCLUDE,72,ESD & Sustainability Education Expert,EXCLUDE,50,Climate Literacy & Green Skills Specialist,EXCLUDE,70
42069,PreEng_2016,Engaging odl students with biodiversity issues: A south african case study on the role of esd,partial,INCLUDE(2) vs EXCLUDE(1),Mayoria hacia INCLUDE. Verificar los criterios de evaluacion de Climate Literacy & Green Skills Specialist para entender la discrepancia.,Lead Methodologist,INCLUDE,78,ESD & Sustainability Education Expert,INCLUDE,78,Climate Literacy & Green Skills Specialist,EXCLUDE,70
42073,EmbEvo_2017,"Evolution of an Interactive Online Magazine for Students, Academics and Expert Practitioners, to Engage Students from Multiple Disciplines in Education for Sustainable Development (ESD)",partial,INCLUDE(2) vs EXCLUDE(1),Mayoria hacia INCLUDE. Verificar los criterios de evaluacion de Climate Literacy & Green Skills Specialist para entender la discrepancia.,Lead Methodologist,INCLUDE,78,ESD & Sustainability Education Expert,INCLUDE,78,Climate Literacy & Green Skills Specialist,EXCLUDE,50
42075,MulExp_2019,Experiences on Education for Sustainable Development,partial,INCLUDE(2) vs EXCLUDE(1),Mayoria hacia INCLUDE. Verificar los criterios de evaluacion de Lead Methodologist para entender la discrepancia.,Lead Methodologist,EXCLUDE,50,ESD & Sustainability Education Expert,INCLUDE,78,Climate Literacy & Green Skills Specialist,INCLUDE,75
42077,MelGen_2025,Generative AI approaches to sustainable development in higher education,partial,EXCLUDE(2) vs INCLUDE(1),Mayoria hacia EXCLUDE. Verificar los criterios de evaluacion de ESD & Sustainability Education Expert para entender la discrepancia.,Lead Methodologist,EXCLUDE,70,ESD & Sustainability Education Expert,INCLUDE,78,Climate Literacy & Green Skills Specialist,EXCLUDE,50
42081,PunInt_2025,Integrating Sustainability into the Curriculum: Ideas for Educators,partial,EXCLUDE(2) vs INCLUDE(1),Mayoria hacia EXCLUDE. Verificar los criterios de evaluacion de Lead Methodologist para entender la discrepancia.,Lead Methodologist,INCLUDE,78,ESD & Sustainability Education Expert,EXCLUDE,50,Climate Literacy & Green Skills Specialist,EXCLUDE,70
42084,AshMaj_2025,Major Challenges to Education for Sustainable Development,partial,EXCLUDE(2) vs INCLUDE(1),Mayoria hacia EXCLUDE. Verificar los criterios de evaluacion de ESD & Sustainability Education Expert para entender la discrepancia.,Lead Methodologist,EXCLUDE,70,ESD & Sustainability Education Expert,INCLUDE,78,Climate Literacy & Green Skills Specialist,EXCLUDE,70
42085,McCMea_2020,Measures to facilitate the scale-up of education for sustainable development in higher education,partial,EXCLUDE(2) vs INCLUDE(1),Mayoria hacia EXCLUDE. Verificar los criterios de evaluacion de ESD & Sustainability Education Expert para entender la discrepancia.,Lead Methodologist,EXCLUDE,70,ESD & Sustainability Education Expert,INCLUDE,78,Climate Literacy & Green Skills Specialist,EXCLUDE,70
42096,FraRes_2024,Research and practice of sustainability in Mexican higher education: The case of university of Sonora,partial,INCLUDE(2) vs EXCLUDE(1),Mayoria hacia INCLUDE. Verificar los criterios de evaluacion de Climate Literacy & Green Skills Specialist para entender la discrepancia.,Lead Methodologist,INCLUDE,82,ESD & Sustainability Education Expert,INCLUDE,78,Climate Literacy & Green Skills Specialist,EXCLUDE,50
42098,PelSup_2016,Supporting grassroots-led initiatives in the spanish energy field through transformative education for sustainable development,partial,INCLUDE(2) vs EXCLUDE(1),Mayoria hacia INCLUDE. Verificar los criterios de evaluacion de Climate Literacy & Green Skills Specialist para entender la discrepancia.,Lead Methodologist,INCLUDE,88,ESD & Sustainability Education Expert,INCLUDE,78,Climate Literacy & Green Skills Specialist,EXCLUDE,50
42102,GarThe_2020,The representation of climate change in the university: students’ assessments and beliefs,partial,INCLUDE(2) vs EXCLUDE(1),Mayoria hacia INCLUDE. Verificar los criterios de evaluacion de Climate Literacy & Green Skills Specialist para entender la discrepancia.,Lead Methodologist,INCLUDE,78,ESD & Sustainability Education Expert,INCLUDE,78,Climate Literacy & Green Skills Specialist,EXCLUDE,70
42106,KemThe_2015,The ‘Connecting Children and Nature Network’: Building a collaborative partnership for change,partial,INCLUDE(2) vs EXCLUDE(1),Mayoria hacia INCLUDE. Verificar los criterios de evaluacion de Climate Literacy & Green Skills Specialist para entender la discrepancia.,Lead Methodologist,INCLUDE,72,ESD & Sustainability Education Expert,INCLUDE,78,Climate Literacy & Green Skills Specialist,EXCLUDE,70
42107,DanTow_2023,Towards Higher Education for Sustainable Development in BRICS: Focus on Brazil and South Africa,partial,INCLUDE(2) vs EXCLUDE(1),Mayoria hacia INCLUDE. Verificar los criterios de evaluacion de Climate Literacy & Green Skills Specialist para entender la discrepancia.,Lead Methodologist,INCLUDE,88,ESD & Sustainability Education Expert,INCLUDE,85,Climate Literacy & Green Skills Specialist,EXCLUDE,50
42111,HalWea_2017,"Weaving the Filigree: Paradoxes, Opposites and Diversity for Participatory, Emergent Arts and Design Curricula on Sustainable Development",partial,INCLUDE(2) vs EXCLUDE(1),Mayoria hacia INCLUDE. Verificar los criterios de evaluacion de Climate Literacy & Green Skills Specialist para entender la discrepancia.,Lead Methodologist,INCLUDE,78,ESD & Sustainability Education Expert,INCLUDE,78,Climate Literacy & Green Skills Specialist,EXCLUDE,50
42116,LibAdv_2023,Advancing Responsible Management Education (RME) and Education for Sustainable Development (ESD) Through Online Resources,partial,INCLUDE(2) vs EXCLUDE(1),Mayoria hacia INCLUDE. Verificar los criterios de evaluacion de Lead Methodologist para entender la discrepancia.,Lead Methodologist,EXCLUDE,70,ESD & Sustainability Education Expert,INCLUDE,85,Climate Literacy & Green Skills Specialist,INCLUDE,75
42117,PurAdv_2025,Advancing Sustainable Development: Transformative Higher Education,partial,INCLUDE(2) vs EXCLUDE(1),Mayoria hacia INCLUDE. Verificar los criterios de evaluacion de Lead Methodologist para entender la discrepancia.,Lead Methodologist,EXCLUDE,70,ESD & Sustainability Education Expert,INCLUDE,85,Climate Literacy & Green Skills Specialist,INCLUDE,80
42118,OmoAfr_2025,Afrocentric perspectives on UNESCO's education for sustainable development framework: implications for university leadership,partial,INCLUDE(2) vs EXCLUDE(1),Mayoria hacia INCLUDE. Verificar los criterios de evaluacion de Lead Methodologist para entender la discrepancia.,Lead Methodologist,EXCLUDE,70,ESD & Sustainability Education Expert,INCLUDE,85,Climate Literacy & Green Skills Specialist,INCLUDE,80
42119,BunAss_2017,Assessing the intercultural competence of students in the romanian higher-education environment,partial,EXCLUDE(2) vs INCLUDE(1),Mayoria hacia EXCLUDE. Verificar los criterios de evaluacion de Lead Methodologist para entender la discrepancia.,Lead Methodologist,INCLUDE,68,ESD & Sustainability Education Expert,EXCLUDE,50,Climate Literacy & Green Skills Specialist,EXCLUDE,70
42120,FarAss_2024,Assessing the transition from environmental education to education for sustainable development: a global perspective in higher education,partial,INCLUDE(2) vs EXCLUDE(1),Mayoria hacia INCLUDE. Verificar los criterios de evaluacion de Climate Literacy & Green Skills Specialist para entender la discrepancia.,Lead Methodologist,INCLUDE,82,ESD & Sustainability Education Expert,INCLUDE,78,Climate Literacy & Green Skills Specialist,EXCLUDE,70
42131,da Edu_2024,Education for Sustainable Development: Practices in Higher Education Institutions in the Campos Gerais Region,partial,INCLUDE(2) vs EXCLUDE(1),Mayoria hacia INCLUDE. Verificar los criterios de evaluacion de Climate Literacy & Green Skills Specialist para entender la discrepancia.,Lead Methodologist,INCLUDE,78,ESD & Sustainability Education Expert,INCLUDE,78,Climate Literacy & Green Skills Specialist,EXCLUDE,50
42133,ShaEnv_2025,Environment and Sustainability Education in the Maldive Islands,partial,INCLUDE(2) vs EXCLUDE(1),Mayoria hacia INCLUDE. Verificar los criterios de evaluacion de Lead Methodologist para entender la discrepancia.,Lead Methodologist,EXCLUDE,70,ESD & Sustainability Education Expert,INCLUDE,78,Climate Literacy & Green Skills Specialist,INCLUDE,75
42142,MolLea_2020,"Learning and Teaching Practices Promoting Education for Sustainable Development: Case Studies from Social Studies and Language Education, University of Botswana",partial,INCLUDE(2) vs EXCLUDE(1),Mayoria hacia INCLUDE. Verificar los criterios de evaluacion de Climate Literacy & Green Skills Specialist para entender la discrepancia.,Lead Methodologist,INCLUDE,82,ESD & Sustainability Education Expert,INCLUDE,78,Climate Literacy & Green Skills Specialist,EXCLUDE,70
42149,HenRe-_2020,Re-storying the landscape: The humanities and higher education for sustainable development,partial,INCLUDE(2) vs EXCLUDE(1),Mayoria hacia INCLUDE. Verificar los criterios de evaluacion de Climate Literacy & Green Skills Specialist para entender la discrepancia.,Lead Methodologist,INCLUDE,78,ESD & Sustainability Education Expert,INCLUDE,78,Climate Literacy & Green Skills Specialist,EXCLUDE,70
42152,BarROU_2015,ROUTLEDGE HANDBOOK OF HIGHER EDUCATION FOR SUSTAINABLE DEVELOPMENT,partial,EXCLUDE(2) vs UNCERTAIN(1),Mayoria hacia EXCLUDE pero confianza promedio baja (50/100). Revisar criterios de Lead Methodologist y considerar revision humana.,Lead Methodologist,UNCERTAIN,10,ESD & Sustainability Education Expert,EXCLUDE,70,Climate Literacy & Green Skills Specialist,EXCLUDE,70
42158,BerThe_2025,The challenge of integration: Teacher students’ development in a whole-school approach to sustainable teacher education,partial,UNCERTAIN(2) vs INCLUDE(1),Mayoria hacia UNCERTAIN pero confianza promedio baja (35/100). Revisar criterios de ESD & Sustainability Education Expert y considerar revision humana.,Lead Methodologist,UNCERTAIN,10,ESD & Sustainability Education Expert,INCLUDE,85,Climate Literacy & Green Skills Specialist,UNCERTAIN,10
42159,AlmThe_2016,The gap of teaching sustainable development in urban design and planning programs in Saudi Arabia,partial,INCLUDE(2) vs EXCLUDE(1),Mayoria hacia INCLUDE. Verificar los criterios de evaluacion de Climate Literacy & Green Skills Specialist para entender la discrepancia.,Lead Methodologist,INCLUDE,78,ESD & Sustainability Education Expert,INCLUDE,78,Climate Literacy & Green Skills Specialist,EXCLUDE,50
42160,BozThe_2024,The green education and training architecture for the green economy,partial,INCLUDE(2) vs EXCLUDE(1),Mayoria hacia INCLUDE. Verificar los criterios de evaluacion de Lead Methodologist para entender la discrepancia.,Lead Methodologist,EXCLUDE,70,ESD & Sustainability Education Expert,INCLUDE,78,Climate Literacy & Green Skills Specialist,INCLUDE,80
42167,PamCle_2025,Clean Water and Sanitation: SDGs Literacy of Higher Education Students in Indonesia,partial,INCLUDE(2) vs EXCLUDE(1),Mayoria hacia INCLUDE. Verificar los criterios de evaluacion de Climate Literacy & Green Skills Specialist para entender la discrepancia.,Lead Methodologist,INCLUDE,72,ESD & Sustainability Education Expert,INCLUDE,78,Climate Literacy & Green Skills Specialist,EXCLUDE,70
42168,ThüCon_2020,Conception of online learning formats for climate adaptation in central Germany using geoinformation technologies − a contribution to education for sustainable development,partial,INCLUDE(2) vs EXCLUDE(1),Mayoria hacia INCLUDE. Verificar los criterios de evaluacion de Climate Literacy & Green Skills Specialist para entender la discrepancia.,Lead Methodologist,INCLUDE,72,ESD & Sustainability Education Expert,INCLUDE,78,Climate Literacy & Green Skills Specialist,EXCLUDE,50
42169,OsoCon_2021,Conformity of the content of english as a foreign language textbooks with the concept of education for sustainable development,partial,INCLUDE(2) vs EXCLUDE(1),Mayoria hacia INCLUDE. Verificar los criterios de evaluacion de Climate Literacy & Green Skills Specialist para entender la discrepancia.,Lead Methodologist,INCLUDE,78,ESD & Sustainability Education Expert,INCLUDE,78,Climate Literacy & Green Skills Specialist,EXCLUDE,70
42170,LiuCon_2021,Construction of language teachers’ professional competence in education for sustainable development in higher education for post-pandemic era,partial,INCLUDE(2) vs EXCLUDE(1),Mayoria hacia INCLUDE. Verificar los criterios de evaluacion de Climate Literacy & Green Skills Specialist para entender la discrepancia.,Lead Methodologist,INCLUDE,78,ESD & Sustainability Education Expert,INCLUDE,78,Climate Literacy & Green Skills Specialist,EXCLUDE,70
42180,EkiGre_2025,Green Employment and Corporate Social Responsibility in Industry 4.0: Contribution to Bridging the Gap Between the Markets of Higher Education and Work,partial,EXCLUDE(2) vs INCLUDE(1),Mayoria hacia EXCLUDE. Verificar los criterios de evaluacion de Lead Methodologist para entender la discrepancia.,Lead Methodologist,INCLUDE,78,ESD & Sustainability Education Expert,EXCLUDE,50,Climate Literacy & Green Skills Specialist,EXCLUDE,70
42182,NasHow_2020,How do pre-service physics teachers see sustainability issues? A case at an Islamic University in Indonesia,partial,INCLUDE(2) vs EXCLUDE(1),Mayoria hacia INCLUDE. Verificar los criterios de evaluacion de Climate Literacy & Green Skills Specialist para entender la discrepancia.,Lead Methodologist,INCLUDE,78,ESD & Sustainability Education Expert,INCLUDE,78,Climate Literacy & Green Skills Specialist,EXCLUDE,50
42183,SpiHow_2017,How University Sustainable Development Research Can Impact the Local Community: The Links Between ESD and Dietary Choices,partial,EXCLUDE(2) vs INCLUDE(1),Mayoria hacia EXCLUDE. Verificar los criterios de evaluacion de Lead Methodologist para entender la discrepancia.,Lead Methodologist,INCLUDE,68,ESD & Sustainability Education Expert,EXCLUDE,50,Climate Literacy & Green Skills Specialist,EXCLUDE,70
42185,NosMar_2021,Marketing assessment of the quality of higher education for sustainable development,partial,EXCLUDE(2) vs INCLUDE(1),Mayoria hacia EXCLUDE. Verificar los criterios de evaluacion de Lead Methodologist para entender la discrepancia.,Lead Methodologist,INCLUDE,78,ESD & Sustainability Education Expert,EXCLUDE,50,Climate Literacy & Green Skills Specialist,EXCLUDE,70
42186,MešMig_2018,Migration Issues in Slovenia: Beyond the rhetoric of university-level criminology and crime prevention education for sustainable development,partial,INCLUDE(2) vs EXCLUDE(1),Mayoria hacia INCLUDE. Verificar los criterios de evaluacion de Climate Literacy & Green Skills Specialist para entender la discrepancia.,Lead Methodologist,INCLUDE,72,ESD & Sustainability Education Expert,INCLUDE,78,Climate Literacy & Green Skills Specialist,EXCLUDE,70
42189,KalPer_2018,Perceptions of the Research Scholars Regarding Education for Sustainable Development (ESD) in Pakistan,partial,INCLUDE(2) vs EXCLUDE(1),Mayoria hacia INCLUDE. Verificar los criterios de evaluacion de Climate Literacy & Green Skills Specialist para entender la discrepancia.,Lead Methodologist,INCLUDE,72,ESD & Sustainability Education Expert,INCLUDE,78,Climate Literacy & Green Skills Specialist,EXCLUDE,70
42194,GhaRes_2023,Resilience in virtual education: Designing and validating a scale in higher education,partial,EXCLUDE(2) vs INCLUDE(1),Mayoria hacia EXCLUDE. Verificar los criterios de evaluacion de Lead Methodologist para entender la discrepancia.,Lead Methodologist,INCLUDE,68,ESD & Sustainability Education Expert,EXCLUDE,50,Climate Literacy & Green Skills Specialist,EXCLUDE,70
42195,DavSci_2016,Science and education at the centre for invasion biology,partial,EXCLUDE(2) vs INCLUDE(1),Mayoria hacia EXCLUDE. Verificar los criterios de evaluacion de Lead Methodologist para entender la discrepancia.,Lead Methodologist,INCLUDE,78,ESD & Sustainability Education Expert,EXCLUDE,50,Climate Literacy & Green Skills Specialist,EXCLUDE,70
42199,RamSUS_2015,SUSTAINABILITY ASSESSMENT IN HIGHER EDUCATION INSTITUTIONS: What and how?,partial,EXCLUDE(2) vs INCLUDE(1),Mayoria hacia EXCLUDE. Verificar los criterios de evaluacion de ESD & Sustainability Education Expert para entender la discrepancia.,Lead Methodologist,EXCLUDE,70,ESD & Sustainability Education Expert,INCLUDE,78,Climate Literacy & Green Skills Specialist,EXCLUDE,70
42204,VelUsi_2023,Using Out-Of-Class ESD Experiences to Link the Outside World with Young People’s Lives,partial,INCLUDE(2) vs EXCLUDE(1),Mayoria hacia INCLUDE. Verificar los criterios de evaluacion de Lead Methodologist para entender la discrepancia.,Lead Methodologist,EXCLUDE,70,ESD & Sustainability Education Expert,INCLUDE,85,Climate Literacy & Green Skills Specialist,INCLUDE,75
42212,PaiCur_2021,Curriculum transformation to address the Sustainable Development Goals: A holistic approach for embedding gender in higher education,partial,INCLUDE(2) vs EXCLUDE(1),Mayoria hacia INCLUDE. Verificar los criterios de evaluacion de Climate Literacy & Green Skills Specialist para entender la discrepancia.,Lead Methodologist,INCLUDE,82,ESD & Sustainability Education Expert,INCLUDE,78,Climate Literacy & Green Skills Specialist,EXCLUDE,70
42217,BouEdu_2023,Education for Sustainable Development as Part of the Initial Training of Teachers in the UK,partial,EXCLUDE(2) vs INCLUDE(1),Mayoria hacia EXCLUDE. Verificar los criterios de evaluacion de ESD & Sustainability Education Expert para entender la discrepancia.,Lead Methodologist,EXCLUDE,70,ESD & Sustainability Education Expert,INCLUDE,78,Climate Literacy & Green Skills Specialist,EXCLUDE,70
42232,WhiPer_2025,Perspectives and Practices of Education for Sustainable Development: A Critical Guide for Higher Education,partial,EXCLUDE(2) vs INCLUDE(1),Mayoria hacia EXCLUDE. Verificar los criterios de evaluacion de ESD & Sustainability Education Expert para entender la discrepancia.,Lead Methodologist,EXCLUDE,70,ESD & Sustainability Education Expert,INCLUDE,85,Climate Literacy & Green Skills Specialist,EXCLUDE,70
42233,KurPri_2021,Priorities of Education Quality Service with Higher Education for Sustainable Development (HESD) Dimensions,partial,INCLUDE(2) vs EXCLUDE(1),Mayoria hacia INCLUDE. Verificar los criterios de evaluacion de Climate Literacy & Green Skills Specialist para entender la discrepancia.,Lead Methodologist,INCLUDE,78,ESD & Sustainability Education Expert,INCLUDE,78,Climate Literacy & Green Skills Specialist,EXCLUDE,70
42234,ChaPro_2025,"Professional development and assessment, teaching and learning practices, polices in higher education: Promoting the integration of AI with education for sustainable development",partial,EXCLUDE(2) vs INCLUDE(1),Mayoria hacia EXCLUDE. Verificar los criterios de evaluacion de ESD & Sustainability Education Expert para entender la discrepancia.,Lead Methodologist,EXCLUDE,70,ESD & Sustainability Education Expert,INCLUDE,78,Climate Literacy & Green Skills Specialist,EXCLUDE,50
42236,PeÃReg_2018,Regional Development in Latin America as a Way to Promote Education for Sustainable Development: The Case Study of the University of Ibague in Colombia,partial,INCLUDE(2) vs EXCLUDE(1),Mayoria hacia INCLUDE. Verificar los criterios de evaluacion de Climate Literacy & Green Skills Specialist para entender la discrepancia.,Lead Methodologist,INCLUDE,78,ESD & Sustainability Education Expert,INCLUDE,78,Climate Literacy & Green Skills Specialist,EXCLUDE,70
42237,GruSci_2016,Science-society interfaces—transforming universities,partial,INCLUDE(2) vs EXCLUDE(1),Mayoria hacia INCLUDE. Verificar los criterios de evaluacion de Climate Literacy & Green Skills Specialist para entender la discrepancia.,Lead Methodologist,INCLUDE,78,ESD & Sustainability Education Expert,INCLUDE,78,Climate Literacy & Green Skills Specialist,EXCLUDE,70
42241,ÁsvSus_2025,Sustainable Development in Higher Education: A Review of Effective Pedagogical Tools,partial,INCLUDE(2) vs EXCLUDE(1),Mayoria hacia INCLUDE. Verificar los criterios de evaluacion de Lead Methodologist para entender la discrepancia.,Lead Methodologist,EXCLUDE,70,ESD & Sustainability Education Expert,INCLUDE,85,Climate Literacy & Green Skills Specialist,INCLUDE,80
42246,PilThe_2025,The Sustainability Marketing Revolution: How Has Higher Education Responded?,partial,INCLUDE(2) vs EXCLUDE(1),Mayoria hacia INCLUDE. Verificar los criterios de evaluacion de Climate Literacy & Green Skills Specialist para entender la discrepancia.,Lead Methodologist,INCLUDE,78,ESD & Sustainability Education Expert,INCLUDE,78,Climate Literacy & Green Skills Specialist,EXCLUDE,70
42250,ZenThr_2017,Three “Gs” for campus sustainability development,partial,INCLUDE(2) vs EXCLUDE(1),Mayoria hacia INCLUDE. Verificar los criterios de evaluacion de Climate Literacy & Green Skills Specialist para entender la discrepancia.,Lead Methodologist,INCLUDE,78,ESD & Sustainability Education Expert,INCLUDE,78,Climate Literacy & Green Skills Specialist,EXCLUDE,50
42266,OwuCom_2024,Community response to COVID-19 pandemic and the future of global health A model to support higher education partnership,partial,EXCLUDE(2) vs INCLUDE(1),Mayoria hacia EXCLUDE. Verificar los criterios de evaluacion de Lead Methodologist para entender la discrepancia.,Lead Methodologist,INCLUDE,78,ESD & Sustainability Education Expert,EXCLUDE,50,Climate Literacy & Green Skills Specialist,EXCLUDE,70
42267,TilCra_2017,Crafting pedagogical pathways that disrupt and transform anthropocentric mindsets of higher education students,partial,INCLUDE(2) vs EXCLUDE(1),Mayoria hacia INCLUDE. Verificar los criterios de evaluacion de Climate Literacy & Green Skills Specialist para entender la discrepancia.,Lead Methodologist,INCLUDE,82,ESD & Sustainability Education Expert,INCLUDE,85,Climate Literacy & Green Skills Specialist,EXCLUDE,50
42273,MifEdu_2017,Education for sustainable development for employees—A route to behavioural change,partial,INCLUDE(2) vs EXCLUDE(1),Mayoria hacia INCLUDE. Verificar los criterios de evaluacion de Climate Literacy & Green Skills Specialist para entender la discrepancia.,Lead Methodologist,INCLUDE,78,ESD & Sustainability Education Expert,INCLUDE,78,Climate Literacy & Green Skills Specialist,EXCLUDE,70
42274,SulEmb_2017,Embedding education for sustainable development (ESD) within the curriculum of UK higher educational institutions (HEIs): Strategic priorities,partial,INCLUDE(2) vs EXCLUDE(1),Mayoria hacia INCLUDE. Verificar los criterios de evaluacion de Climate Literacy & Green Skills Specialist para entender la discrepancia.,Lead Methodologist,INCLUDE,88,ESD & Sustainability Education Expert,INCLUDE,78,Climate Literacy & Green Skills Specialist,EXCLUDE,70
42285,WhiMon_2025,Monitoring and Evaluating Education for Sustainable Development: Co-Creating Quality Learning Experiences and Outcomes,partial,EXCLUDE(2) vs INCLUDE(1),Mayoria hacia EXCLUDE. Verificar los criterios de evaluacion de ESD & Sustainability Education Expert para entender la discrepancia.,Lead Methodologist,EXCLUDE,70,ESD & Sustainability Education Expert,INCLUDE,78,Climate Literacy & Green Skills Specialist,EXCLUDE,70
42293,AssRef_2022,Reforming Religion-Based Higher Education for Sustainable Development: The Case of Islamic Studies International Program at Prince of Songkla University,partial,INCLUDE(2) vs EXCLUDE(1),Mayoria hacia INCLUDE. Verificar los criterios de evaluacion de Climate Literacy & Green Skills Specialist para entender la discrepancia.,Lead Methodologist,INCLUDE,82,ESD & Sustainability Education Expert,INCLUDE,78,Climate Literacy & Green Skills Specialist,EXCLUDE,70
42294,PreRur_2022,Rural 3.0: A Case Study of University– Community Engagement Through Rural Service-Learning in Croatia,partial,INCLUDE(2) vs EXCLUDE(1),Mayoria hacia INCLUDE. Verificar los criterios de evaluacion de Climate Literacy & Green Skills Specialist para entender la discrepancia.,Lead Methodologist,INCLUDE,72,ESD & Sustainability Education Expert,INCLUDE,78,Climate Literacy & Green Skills Specialist,EXCLUDE,70
42300,RožTEA_2023,"TEACHER EDUCATION FOR SUSTAINABLE DEVELOPMENT: CURRICULUM ANALYSIS OF TWO STUDY PROGRAMMES AT THE FACULTY OF EDUCATION, UNIVERSITY OF LJUBLJANA",partial,INCLUDE(2) vs EXCLUDE(1),Mayoria hacia INCLUDE. Verificar los criterios de evaluacion de Climate Literacy & Green Skills Specialist para entender la discrepancia.,Lead Methodologist,INCLUDE,78,ESD & Sustainability Education Expert,INCLUDE,78,Climate Literacy & Green Skills Specialist,EXCLUDE,70
42311,BalCha_2015,Challenges in the transition to the education for sustainable development paradigm in higher vocational education in Russia,partial,INCLUDE(2) vs EXCLUDE(1),Mayoria hacia INCLUDE. Verificar los criterios de evaluacion de Climate Literacy & Green Skills Specialist para entender la discrepancia.,Lead Methodologist,INCLUDE,78,ESD & Sustainability Education Expert,INCLUDE,78,Climate Literacy & Green Skills Specialist,EXCLUDE,50
42315,MatDes_2021,Designing an Education System for Sustainable Development,total,UNCERTAIN(1) vs INCLUDE(1) vs EXCLUDE(1),Conflicto significativo entre evaluadores. Se recomienda revision humana del abstract completo y discusion del panel antes de decidir.,Lead Methodologist,UNCERTAIN,10,ESD & Sustainability Education Expert,INCLUDE,78,Climate Literacy & Green Skills Specialist,EXCLUDE,70
42317,MobDev_2024,Developing sustainable professional practices in restaurant and food processing? About understanding and facilitation in the upper secondary school vocational restaurant and food processing program,partial,INCLUDE(2) vs EXCLUDE(1),Mayoria hacia INCLUDE. Verificar los criterios de evaluacion de Climate Literacy & Green Skills Specialist para entender la discrepancia.,Lead Methodologist,INCLUDE,78,ESD & Sustainability Education Expert,INCLUDE,78,Climate Literacy & Green Skills Specialist,EXCLUDE,70
42318,AmbDig_2023,Digital technologies and education for sustainable development,partial,INCLUDE(2) vs EXCLUDE(1),Mayoria hacia INCLUDE. Verificar los criterios de evaluacion de Lead Methodologist para entender la discrepancia.,Lead Methodologist,EXCLUDE,70,ESD & Sustainability Education Expert,INCLUDE,78,Climate Literacy & Green Skills Specialist,INCLUDE,70
42333,BraICT_2021,"ICT Education for Sustainable Development: Saudi Institutions of Higher Learning, the Case of Effat University",partial,INCLUDE(2) vs EXCLUDE(1),Mayoria hacia INCLUDE. Verificar los criterios de evaluacion de Climate Literacy & Green Skills Specialist para entender la discrepancia.,Lead Methodologist,INCLUDE,78,ESD & Sustainability Education Expert,INCLUDE,78,Climate Literacy & Green Skills Specialist,EXCLUDE,70
42340,EspONE_2023,"ONE DIDACTIC ITINERARI, GOOD PRACTICES FOR GEOGRAPHY TEA- CHER TRAINING",partial,INCLUDE(2) vs EXCLUDE(1),Mayoria hacia INCLUDE. Verificar los criterios de evaluacion de Climate Literacy & Green Skills Specialist para entender la discrepancia.,Lead Methodologist,INCLUDE,78,ESD & Sustainability Education Expert,INCLUDE,78,Climate Literacy & Green Skills Specialist,EXCLUDE,50
42343,LyaQua_2025,Quality Assurance Mechanisms in Higher Education Institutions Stakehoholders' Perspectives in Tanzania,partial,EXCLUDE(2) vs INCLUDE(1),Mayoria hacia EXCLUDE. Verificar los criterios de evaluacion de Lead Methodologist para entender la discrepancia.,Lead Methodologist,INCLUDE,70,ESD & Sustainability Education Expert,EXCLUDE,50,Climate Literacy & Green Skills Specialist,EXCLUDE,70
42344,SheRes_2018,"Researching Higher Education for Sustainable Development: Plan A, Plan B and Moving Beyond Thought-Limiting Clichés",partial,EXCLUDE(2) vs INCLUDE(1),Mayoria hacia EXCLUDE. Verificar los criterios de evaluacion de Lead Methodologist para entender la discrepancia.,Lead Methodologist,INCLUDE,78,ESD & Sustainability Education Expert,EXCLUDE,50,Climate Literacy & Green Skills Specialist,EXCLUDE,70
42349,KinTer_2018,"Terra Two: An ark for off-world survival-a York St John University project on sustainability, spirituality and science fiction",partial,INCLUDE(2) vs EXCLUDE(1),Mayoria hacia INCLUDE. Verificar los criterios de evaluacion de Climate Literacy & Green Skills Specialist para entender la discrepancia.,Lead Methodologist,INCLUDE,72,ESD & Sustainability Education Expert,INCLUDE,78,Climate Literacy & Green Skills Specialist,EXCLUDE,70
42356,RodASS_2024,ASSESSING THE PERCEPTION OF CUBAN UNIVERSITY STUDENTS ON ENVIRONMENT AND SUSTAINABLE DEVELOPMENT,partial,INCLUDE(2) vs EXCLUDE(1),Mayoria hacia INCLUDE. Verificar los criterios de evaluacion de Climate Literacy & Green Skills Specialist para entender la discrepancia.,Lead Methodologist,INCLUDE,78,ESD & Sustainability Education Expert,INCLUDE,78,Climate Literacy & Green Skills Specialist,EXCLUDE,70
42365,BraLea_2017,Learning and teaching for a sustainable future,partial,INCLUDE(2) vs EXCLUDE(1),Mayoria hacia INCLUDE. Verificar los criterios de evaluacion de ESD & Sustainability Education Expert para entender la discrepancia.,Lead Methodologist,INCLUDE,78,ESD & Sustainability Education Expert,EXCLUDE,50,Climate Literacy & Green Skills Specialist,INCLUDE,75
42366,AheOpp_2020,Opportunities and Challenges of Digitalization to Improve Access to Education for Sustainable Development in Higher Education,partial,INCLUDE(2) vs EXCLUDE(1),Mayoria hacia INCLUDE. Verificar los criterios de evaluacion de Lead Methodologist para entender la discrepancia.,Lead Methodologist,EXCLUDE,70,ESD & Sustainability Education Expert,INCLUDE,78,Climate Literacy & Green Skills Specialist,INCLUDE,75
42368,BerSus_2017,Sustainability integration approaches in higher education institutions. A case study,partial,INCLUDE(2) vs EXCLUDE(1),Mayoria hacia INCLUDE. Verificar los criterios de evaluacion de Lead Methodologist para entender la discrepancia.,Lead Methodologist,EXCLUDE,70,ESD & Sustainability Education Expert,INCLUDE,78,Climate Literacy & Green Skills Specialist,INCLUDE,80
42369,KosSus_2017,Sustainability research as presented in UK university sustainability policies,partial,EXCLUDE(2) vs INCLUDE(1),Mayoria hacia EXCLUDE. Verificar los criterios de evaluacion de Lead Methodologist para entender la discrepancia.,Lead Methodologist,INCLUDE,72,ESD & Sustainability Education Expert,EXCLUDE,50,Climate Literacy & Green Skills Specialist,EXCLUDE,70
42373,ChrACA_2015,"ACADEMICS’ OPINIONS AND PRACTICES OF EDUCATION FOR SUSTAINABLE DEVELOPMENT: Reflections on a nation-wide, mixed-methods, multidisciplinary study",partial,INCLUDE(2) vs EXCLUDE(1),Mayoria hacia INCLUDE. Verificar los criterios de evaluacion de Climate Literacy & Green Skills Specialist para entender la discrepancia.,Lead Methodologist,INCLUDE,78,ESD & Sustainability Education Expert,INCLUDE,78,Climate Literacy & Green Skills Specialist,EXCLUDE,70
42377,PriEdu_2025,"Education for Sustainable Development: Definitions, Debates and Design",partial,EXCLUDE(2) vs INCLUDE(1),Mayoria hacia EXCLUDE. Verificar los criterios de evaluacion de ESD & Sustainability Education Expert para entender la discrepancia.,Lead Methodologist,EXCLUDE,70,ESD & Sustainability Education Expert,INCLUDE,78,Climate Literacy & Green Skills Specialist,EXCLUDE,70
42378,WhiEdu_2025,Education for Sustainable Development: From Disciplinary to Transdisciplinary Approaches,partial,EXCLUDE(2) vs INCLUDE(1),Mayoria hacia EXCLUDE. Verificar los criterios de evaluacion de ESD & Sustainability Education Expert para entender la discrepancia.,Lead Methodologist,EXCLUDE,70,ESD & Sustainability Education Expert,INCLUDE,85,Climate Literacy & Green Skills Specialist,EXCLUDE,70
42382,SylORG_2015,ORGANISATIONAL CHANGE AND ORGANISATIONAL LEARNING FOR PROMOTING HIGHER EDUCATION FOR SUSTAINABLE DEVELOPMENT,partial,INCLUDE(2) vs EXCLUDE(1),Mayoria hacia INCLUDE. Verificar los criterios de evaluacion de Climate Literacy & Green Skills Specialist para entender la discrepancia.,Lead Methodologist,INCLUDE,78,ESD & Sustainability Education Expert,INCLUDE,85,Climate Literacy & Green Skills Specialist,EXCLUDE,70
42385,JerSec_2016,Secondary and Tertiary Education for Sustainable Development: Biotechnical Centre Naklo as a CARE-ing Institution,partial,INCLUDE(2) vs EXCLUDE(1),Mayoria hacia INCLUDE. Verificar los criterios de evaluacion de Climate Literacy & Green Skills Specialist para entender la discrepancia.,Lead Methodologist,INCLUDE,78,ESD & Sustainability Education Expert,INCLUDE,78,Climate Literacy & Green Skills Specialist,EXCLUDE,50
42388,CalSus_2018,Sustainability Literacy and Cultural Assessments,partial,EXCLUDE(2) vs INCLUDE(1),Mayoria hacia EXCLUDE pero confianza promedio baja (59/100). Revisar criterios de Lead Methodologist y considerar revision humana.,Lead Methodologist,INCLUDE,78,ESD & Sustainability Education Expert,EXCLUDE,50,Climate Literacy & Green Skills Specialist,EXCLUDE,50
42395,RamA c_2018,"A conceptual reference framework for sustainability education in multilingual and cross-cultural settings: Applied technology, transmedia, and digital storytelling",partial,INCLUDE(2) vs EXCLUDE(1),Mayoria hacia INCLUDE. Verificar los criterios de evaluacion de Climate Literacy & Green Skills Specialist para entender la discrepancia.,Lead Methodologist,INCLUDE,78,ESD & Sustainability Education Expert,INCLUDE,78,Climate Literacy & Green Skills Specialist,EXCLUDE,50
42397,ShaEdu_2024,Education for Sustainable Development in Kenya,partial,EXCLUDE(2) vs INCLUDE(1),Mayoria hacia EXCLUDE. Verificar los criterios de evaluacion de ESD & Sustainability Education Expert para entender la discrepancia.,Lead Methodologist,EXCLUDE,50,ESD & Sustainability Education Expert,INCLUDE,78,Climate Literacy & Green Skills Specialist,EXCLUDE,70
42399,KarEnv_2024,Environmental Education and Education for Sustainable Development in Chile: An Exploratory Study,partial,INCLUDE(2) vs EXCLUDE(1),Mayoria hacia INCLUDE. Verificar los criterios de evaluacion de Climate Literacy & Green Skills Specialist para entender la discrepancia.,Lead Methodologist,INCLUDE,78,ESD & Sustainability Education Expert,INCLUDE,78,Climate Literacy & Green Skills Specialist,EXCLUDE,70
42404,BauPro_2025,Professional Development for All: Enabling Advocates for Education for Sustainable Development,partial,INCLUDE(2) vs EXCLUDE(1),Mayoria hacia INCLUDE. Verificar los criterios de evaluacion de Climate Literacy & Green Skills Specialist para entender la discrepancia.,Lead Methodologist,INCLUDE,82,ESD & Sustainability Education Expert,INCLUDE,78,Climate Literacy & Green Skills Specialist,EXCLUDE,70
42408,DloSus_2023,"Sustainability online? Actors, hierarchies, and communication patterns in collaborative development of open educational resources",partial,INCLUDE(2) vs EXCLUDE(1),Mayoria hacia INCLUDE. Verificar los criterios de evaluacion de Climate Literacy & Green Skills Specialist para entender la discrepancia.,Lead Methodologist,INCLUDE,78,ESD & Sustainability Education Expert,INCLUDE,78,Climate Literacy & Green Skills Specialist,EXCLUDE,50
42410,ZulTra_2017,Training of a geography teacher in the process of getting master's degree to form the experience of making decisions on environmental problems by students of 10 grades: Theory and methodological experience,partial,INCLUDE(2) vs EXCLUDE(1),Mayoria hacia INCLUDE. Verificar los criterios de evaluacion de Climate Literacy & Green Skills Specialist para entender la discrepancia.,Lead Methodologist,INCLUDE,78,ESD & Sustainability Education Expert,INCLUDE,78,Climate Literacy & Green Skills Specialist,EXCLUDE,70
42411,SheWhy_2015,Why It Matters How We Frame “Education” in Education for Sustainable Development,partial,EXCLUDE(2) vs INCLUDE(1),Mayoria hacia EXCLUDE. Verificar los criterios de evaluacion de Lead Methodologist para entender la discrepancia.,Lead Methodologist,INCLUDE,85,ESD & Sustainability Education Expert,EXCLUDE,50,Climate Literacy & Green Skills Specialist,EXCLUDE,50
42413,RicEdu_2015,Education for sustainable development in France,partial,EXCLUDE(2) vs INCLUDE(1),Mayoria hacia EXCLUDE. Verificar los criterios de evaluacion de ESD & Sustainability Education Expert para entender la discrepancia.,Lead Methodologist,EXCLUDE,50,ESD & Sustainability Education Expert,INCLUDE,78,Climate Literacy & Green Skills Specialist,EXCLUDE,70
42425,Bre(Ho_2019,(How) do students reflect on sustainability?: A model to diagnose and foster reflective thinking about sustainability,partial,EXCLUDE(2) vs INCLUDE(1),Mayoria hacia EXCLUDE. Verificar los criterios de evaluacion de ESD & Sustainability Education Expert para entender la discrepancia.,Lead Methodologist,EXCLUDE,70,ESD & Sustainability Education Expert,INCLUDE,78,Climate Literacy & Green Skills Specialist,EXCLUDE,70
42426,RamA c_2020,"A conceptual reference framework for sustainability education in multilingual and cross-cultural settings: Applied technology, transmedia, and digital storytelling",partial,INCLUDE(2) vs EXCLUDE(1),Mayoria hacia INCLUDE. Verificar los criterios de evaluacion de Climate Literacy & Green Skills Specialist para entender la discrepancia.,Lead Methodologist,INCLUDE,78,ESD & Sustainability Education Expert,INCLUDE,78,Climate Literacy & Green Skills Specialist,EXCLUDE,50
42431,RuiEdu_2025,Education for Sustainable Development and Universal Design for Learning: A Proposal for Service Learning at the University,partial,INCLUDE(2) vs EXCLUDE(1),Mayoria hacia INCLUDE. Verificar los criterios de evaluacion de Climate Literacy & Green Skills Specialist para entender la discrepancia.,Lead Methodologist,INCLUDE,82,ESD & Sustainability Education Expert,INCLUDE,78,Climate Literacy & Green Skills Specialist,EXCLUDE,70
42433,BarEdu_2025,Education for Sustainable Development: Fostering Sustain‘abilities’ in Sports Coaches,partial,INCLUDE(2) vs EXCLUDE(1),Mayoria hacia INCLUDE. Verificar los criterios de evaluacion de Climate Literacy & Green Skills Specialist para entender la discrepancia.,Lead Methodologist,INCLUDE,78,ESD & Sustainability Education Expert,INCLUDE,78,Climate Literacy & Green Skills Specialist,EXCLUDE,50
42434,MatEng_2018,Engineering education for sustainable development: A capabilities approach,partial,EXCLUDE(2) vs INCLUDE(1),Mayoria hacia EXCLUDE. Verificar los criterios de evaluacion de ESD & Sustainability Education Expert para entender la discrepancia.,Lead Methodologist,EXCLUDE,70,ESD & Sustainability Education Expert,INCLUDE,78,Climate Literacy & Green Skills Specialist,EXCLUDE,70
42435,ZhaExp_2019,Experiences and lessons: An international training programme on education for sustainability in the context of chinese formal education,partial,INCLUDE(2) vs EXCLUDE(1),Mayoria hacia INCLUDE. Verificar los criterios de evaluacion de Climate Literacy & Green Skills Specialist para entender la discrepancia.,Lead Methodologist,INCLUDE,78,ESD & Sustainability Education Expert,INCLUDE,85,Climate Literacy & Green Skills Specialist,EXCLUDE,70
42437,KemGra_2025,Graduate Futures: Embodying Education for Sustainable Development,partial,INCLUDE(2) vs EXCLUDE(1),Mayoria hacia INCLUDE. Verificar los criterios de evaluacion de Lead Methodologist para entender la discrepancia.,Lead Methodologist,EXCLUDE,70,ESD & Sustainability Education Expert,INCLUDE,85,Climate Literacy & Green Skills Specialist,INCLUDE,75
42438,RowHIG_2015,HIGHER EDUCATION FOR SUSTAINABLE DEVELOPMENT IN THE COMMUNITY AND THROUGH PARTNERSHIPS,partial,INCLUDE(2) vs EXCLUDE(1),Mayoria hacia INCLUDE. Verificar los criterios de evaluacion de Climate Literacy & Green Skills Specialist para entender la discrepancia.,Lead Methodologist,INCLUDE,78,ESD & Sustainability Education Expert,INCLUDE,78,Climate Literacy & Green Skills Specialist,EXCLUDE,50
42442,AhaInt_2022,Interparadigmatic Perspectives Are Supported by Data Structures,partial,EXCLUDE(2) vs INCLUDE(1),Mayoria hacia EXCLUDE. Verificar los criterios de evaluacion de Lead Methodologist para entender la discrepancia.,Lead Methodologist,INCLUDE,68,ESD & Sustainability Education Expert,EXCLUDE,50,Climate Literacy & Green Skills Specialist,EXCLUDE,70
42449,ZahSus_2016,"Sustainable education: A buzzword of universiti teknologi PETRONAS, Malaysia",partial,INCLUDE(2) vs EXCLUDE(1),Mayoria hacia INCLUDE. Verificar los criterios de evaluacion de Climate Literacy & Green Skills Specialist para entender la discrepancia.,Lead Methodologist,INCLUDE,72,ESD & Sustainability Education Expert,INCLUDE,78,Climate Literacy & Green Skills Specialist,EXCLUDE,70
42455,FujTow_2021,Towards the Identification of ESD Competencies Required for Pre-service Science Teachers,partial,INCLUDE(2) vs EXCLUDE(1),Mayoria hacia INCLUDE. Verificar los criterios de evaluacion de Lead Methodologist para entender la discrepancia.,Lead Methodologist,EXCLUDE,70,ESD & Sustainability Education Expert,INCLUDE,85,Climate Literacy & Green Skills Specialist,INCLUDE,80
42460,ReiEdu_2016,Education for sustainable development and the professional curriculum,partial,EXCLUDE(2) vs INCLUDE(1),Mayoria hacia EXCLUDE. Verificar los criterios de evaluacion de Lead Methodologist para entender la discrepancia.,Lead Methodologist,INCLUDE,72,ESD & Sustainability Education Expert,EXCLUDE,50,Climate Literacy & Green Skills Specialist,EXCLUDE,70
42468,FilTea_2016,Teaching Education for Sustainable Development: Implications on Learning Programmes at Higher Education,partial,INCLUDE(2) vs EXCLUDE(1),Mayoria hacia INCLUDE. Verificar los criterios de evaluacion de Climate Literacy & Green Skills Specialist para entender la discrepancia.,Lead Methodologist,INCLUDE,78,ESD & Sustainability Education Expert,INCLUDE,78,Climate Literacy & Green Skills Specialist,EXCLUDE,50
42473,AgbEme_2015,Emergent properties and position-practice system of university educators in the mainstreaming of Education for Sustainable Development,partial,INCLUDE(2) vs EXCLUDE(1),Mayoria hacia INCLUDE. Verificar los criterios de evaluacion de Climate Literacy & Green Skills Specialist para entender la discrepancia.,Lead Methodologist,INCLUDE,82,ESD & Sustainability Education Expert,INCLUDE,78,Climate Literacy & Green Skills Specialist,EXCLUDE,70
42482,AlaPol_2020,Policy Initiatives for Improving the Contributions of University Agricultural Education and Extension Institutions to Environmental and Sustainable Development in Agriculture,partial,INCLUDE(2) vs EXCLUDE(1),Mayoria hacia INCLUDE. Verificar los criterios de evaluacion de Climate Literacy & Green Skills Specialist para entender la discrepancia.,Lead Methodologist,INCLUDE,78,ESD & Sustainability Education Expert,INCLUDE,78,Climate Literacy & Green Skills Specialist,EXCLUDE,70
42485,SalSus_2016,Sustainability from the Transdisciplinary Perspective: An Action Research Strategy for Continuing Education Program Development,partial,INCLUDE(2) vs EXCLUDE(1),Mayoria hacia INCLUDE. Verificar los criterios de evaluacion de Climate Literacy & Green Skills Specialist para entender la discrepancia.,Lead Methodologist,INCLUDE,78,ESD & Sustainability Education Expert,INCLUDE,85,Climate Literacy & Green Skills Specialist,EXCLUDE,70
42491,UjeEdu_2020,Education for Sustainable Development (ESD) in higher education,partial,EXCLUDE(2) vs INCLUDE(1),Mayoria hacia EXCLUDE. Verificar los criterios de evaluacion de Climate Literacy & Green Skills Specialist para entender la discrepancia.,Lead Methodologist,EXCLUDE,70,ESD & Sustainability Education Expert,EXCLUDE,50,Climate Literacy & Green Skills Specialist,INCLUDE,75
42495,PetExt_2016,Extent of education for sustainable development (ESD) integration in Malaysian community colleges,partial,INCLUDE(2) vs EXCLUDE(1),Mayoria hacia INCLUDE. Verificar los criterios de evaluacion de Climate Literacy & Green Skills Specialist para entender la discrepancia.,Lead Methodologist,INCLUDE,82,ESD & Sustainability Education Expert,INCLUDE,78,Climate Literacy & Green Skills Specialist,EXCLUDE,70
42496,ScoIn _2019,In search of core values,partial,EXCLUDE(2) vs INCLUDE(1),Mayoria hacia EXCLUDE. Verificar los criterios de evaluacion de Lead Methodologist para entender la discrepancia.,Lead Methodologist,INCLUDE,72,ESD & Sustainability Education Expert,EXCLUDE,50,Climate Literacy & Green Skills Specialist,EXCLUDE,70
42497,NikInt_2021,Intercultural competence and intercultural communication in the context of education for sustainable development,partial,EXCLUDE(2) vs INCLUDE(1),Mayoria hacia EXCLUDE. Verificar los criterios de evaluacion de Lead Methodologist para entender la discrepancia.,Lead Methodologist,INCLUDE,78,ESD & Sustainability Education Expert,EXCLUDE,50,Climate Literacy & Green Skills Specialist,EXCLUDE,70
42499,AndRes_2019,Responsibility for the future – sustainable development from the students’ perspective,partial,INCLUDE(2) vs EXCLUDE(1),Mayoria hacia INCLUDE. Verificar los criterios de evaluacion de Climate Literacy & Green Skills Specialist para entender la discrepancia.,Lead Methodologist,INCLUDE,78,ESD & Sustainability Education Expert,INCLUDE,72,Climate Literacy & Green Skills Specialist,EXCLUDE,70
42510,DucIMP_2022,IMPROVING THE EFFECTIVENESS OF THE TEACHING MODEL IN POLAND IN VOCATIONAL SCHOOLS: ENVIRONMENTAL PROTECTION TECHNICAL AND ENVIRONMENTAL ENGINEERING AND LAND IMPROVEMENT TECHNICIAN IN EDUCATION FOR RESPONSIBLE ENVIRONMENTAL CITIZENSHIP,partial,INCLUDE(2) vs EXCLUDE(1),Mayoria hacia INCLUDE. Verificar los criterios de evaluacion de Climate Literacy & Green Skills Specialist para entender la discrepancia.,Lead Methodologist,INCLUDE,78,ESD & Sustainability Education Expert,INCLUDE,78,Climate Literacy & Green Skills Specialist,EXCLUDE,70
42512,"Qi,The_2021",The Construction of Teacher Identity in Education for Sustainable Development: The Case of Chinese ESP Teachers,partial,INCLUDE(2) vs EXCLUDE(1),Mayoria hacia INCLUDE. Verificar los criterios de evaluacion de Climate Literacy & Green Skills Specialist para entender la discrepancia.,Lead Methodologist,INCLUDE,78,ESD & Sustainability Education Expert,INCLUDE,78,Climate Literacy & Green Skills Specialist,EXCLUDE,70
42515,MirAss_2021,Assessing student teachers' perceptions of self-efficacy for a sustainable gender equality practice: A case study in Spain,partial,INCLUDE(2) vs EXCLUDE(1),Mayoria hacia INCLUDE. Verificar los criterios de evaluacion de Climate Literacy & Green Skills Specialist para entender la discrepancia.,Lead Methodologist,INCLUDE,78,ESD & Sustainability Education Expert,INCLUDE,78,Climate Literacy & Green Skills Specialist,EXCLUDE,70
42519,ZacEdu_2006,Education for Sustainable Development: The Impact of an Out-Door Program on Student Teachers,partial,INCLUDE(2) vs EXCLUDE(1),Mayoria hacia INCLUDE. Verificar los criterios de evaluacion de Climate Literacy & Green Skills Specialist para entender la discrepancia.,Lead Methodologist,INCLUDE,78,ESD & Sustainability Education Expert,INCLUDE,78,Climate Literacy & Green Skills Specialist,EXCLUDE,70
42525,BalAna_2016,Analysing Key Debates in Education and Sustainable Development in Relation to ESD Practice in Viet Nam,partial,EXCLUDE(2) vs INCLUDE(1),Mayoria hacia EXCLUDE. Verificar los criterios de evaluacion de ESD & Sustainability Education Expert para entender la discrepancia.,Lead Methodologist,EXCLUDE,70,ESD & Sustainability Education Expert,INCLUDE,78,Climate Literacy & Green Skills Specialist,EXCLUDE,70
42544,KieThe_2015,The contribution of non-formal education for training teachers in education for sustainable development in vietnam: A case study,partial,EXCLUDE(2) vs INCLUDE(1),Mayoria hacia EXCLUDE. Verificar los criterios de evaluacion de ESD & Sustainability Education Expert para entender la discrepancia.,Lead Methodologist,EXCLUDE,70,ESD & Sustainability Education Expert,INCLUDE,78,Climate Literacy & Green Skills Specialist,EXCLUDE,70
42546,EkpYou_2015,"Youth Empowerment in Higher Education for Sustainable Development of Developing Communities in Cross River State, Nigeria",partial,INCLUDE(2) vs EXCLUDE(1),Mayoria hacia INCLUDE. Verificar los criterios de evaluacion de Climate Literacy & Green Skills Specialist para entender la discrepancia.,Lead Methodologist,INCLUDE,68,ESD & Sustainability Education Expert,INCLUDE,78,Climate Literacy & Green Skills Specialist,EXCLUDE,50
42547,HofCha_2018,Changes in Thoughts and Actions as Requirements for a Sustainable Future: A Review of Recent Research on the Finnish Educational System and Sustainable Development,partial,EXCLUDE(2) vs INCLUDE(1),Mayoria hacia EXCLUDE. Verificar los criterios de evaluacion de ESD & Sustainability Education Expert para entender la discrepancia.,Lead Methodologist,EXCLUDE,70,ESD & Sustainability Education Expert,INCLUDE,78,Climate Literacy & Green Skills Specialist,EXCLUDE,70
42548,KimDev_2023,Developing a Model for Sustainable Development in Education Based on Convergence Education,partial,INCLUDE(2) vs EXCLUDE(1),Mayoria hacia INCLUDE. Verificar los criterios de evaluacion de Climate Literacy & Green Skills Specialist para entender la discrepancia.,Lead Methodologist,INCLUDE,78,ESD & Sustainability Education Expert,INCLUDE,78,Climate Literacy & Green Skills Specialist,EXCLUDE,70
42550,ElsPro_2017,Promotion of system competence based on the syndrome approach in pre-service biology teacher education,partial,INCLUDE(2) vs EXCLUDE(1),Mayoria hacia INCLUDE. Verificar los criterios de evaluacion de Climate Literacy & Green Skills Specialist para entender la discrepancia.,Lead Methodologist,INCLUDE,78,ESD & Sustainability Education Expert,INCLUDE,78,Climate Literacy & Green Skills Specialist,EXCLUDE,70
42556,JohSci_2011,Science Education and Education for Citizenship and Sustainable Development,partial,INCLUDE(2) vs EXCLUDE(1),Mayoria hacia INCLUDE. Verificar los criterios de evaluacion de Climate Literacy & Green Skills Specialist para entender la discrepancia.,Lead Methodologist,INCLUDE,78,ESD & Sustainability Education Expert,INCLUDE,78,Climate Literacy & Green Skills Specialist,EXCLUDE,50
42564,VioThe_2023,The Contribution of Quality Management to the Efficiency of Education for Sustainable Development,partial,INCLUDE(2) vs EXCLUDE(1),Mayoria hacia INCLUDE. Verificar los criterios de evaluacion de Climate Literacy & Green Skills Specialist para entender la discrepancia.,Lead Methodologist,INCLUDE,78,ESD & Sustainability Education Expert,INCLUDE,78,Climate Literacy & Green Skills Specialist,EXCLUDE,50
42567,IonDev_2015,Developing green skills in the new economy,partial,INCLUDE(2) vs EXCLUDE(1),Mayoria hacia INCLUDE. Verificar los criterios de evaluacion de Climate Literacy & Green Skills Specialist para entender la discrepancia.,Lead Methodologist,INCLUDE,65,ESD & Sustainability Education Expert,INCLUDE,78,Climate Literacy & Green Skills Specialist,EXCLUDE,70
42568,MbhEdu_2024,Education for Sustainable Development Goals: Qualitative Review of Emerging Concepts and Opportunities for HEI,partial,INCLUDE(2) vs EXCLUDE(1),Mayoria hacia INCLUDE. Verificar los criterios de evaluacion de Lead Methodologist para entender la discrepancia.,Lead Methodologist,EXCLUDE,70,ESD & Sustainability Education Expert,INCLUDE,85,Climate Literacy & Green Skills Specialist,INCLUDE,80
42570,FinLiv_2017,Living labs for education for sustainable development in the context of higher education: Identifying triggers and drivers of development in the Portuguese Universities,partial,EXCLUDE(2) vs INCLUDE(1),Mayoria hacia EXCLUDE. Verificar los criterios de evaluacion de ESD & Sustainability Education Expert para entender la discrepancia.,Lead Methodologist,EXCLUDE,70,ESD & Sustainability Education Expert,INCLUDE,78,Climate Literacy & Green Skills Specialist,EXCLUDE,50
42571,AngSt._2021,St. Paul University Philippines' Thrust towards Education for Sustainable Development,partial,INCLUDE(2) vs EXCLUDE(1),Mayoria hacia INCLUDE. Verificar los criterios de evaluacion de Climate Literacy & Green Skills Specialist para entender la discrepancia.,Lead Methodologist,INCLUDE,78,ESD & Sustainability Education Expert,INCLUDE,78,Climate Literacy & Green Skills Specialist,EXCLUDE,70
42576,EmaArt_2024,Artificial Intelligence and Teaching Tomorrow's Generations: English Language Education for Sustainable Development,partial,EXCLUDE(2) vs INCLUDE(1),Mayoria hacia EXCLUDE. Verificar los criterios de evaluacion de ESD & Sustainability Education Expert para entender la discrepancia.,Lead Methodologist,EXCLUDE,50,ESD & Sustainability Education Expert,INCLUDE,78,Climate Literacy & Green Skills Specialist,EXCLUDE,70
42577,KarCha_2021,Chalmers University of Technology: Overcoming Resistance and Inertia in Education through the Dynamics of a Matrix Organization Including Student Co-Creation,partial,INCLUDE(2) vs EXCLUDE(1),Mayoria hacia INCLUDE. Verificar los criterios de evaluacion de Climate Literacy & Green Skills Specialist para entender la discrepancia.,Lead Methodologist,INCLUDE,78,ESD & Sustainability Education Expert,INCLUDE,78,Climate Literacy & Green Skills Specialist,EXCLUDE,70
