1	43	2
1	108	1
1	73	2
1	114	3
1	193	1
1	376	1
1	127	1
1	234	1
1	87	1
1	210	1
1	337	1
1	86	1
1	142	1
1	79	1
1	312	1
1	191	1
1	228	1
1	266	1
1	245	1
1	125	1
1	55	1
2	153	3
2	38	2
2	126	1
2	213	1
2	310	1
2	125	1
2	169	1
2	131	1
2	200	1
2	128	1
2	79	1
2	181	1
2	354	1
2	186	1
2	49	1
2	5	1
2	219	1
2	87	1
2	347	1
2	162	1
2	95	1
2	184	1
2	127	1
2	251	1
2	288	1
2	54	1
2	100	1
2	294	1
2	208	1
2	378	1
2	124	1
2	167	1
2	89	1
2	192	1
2	27	1
2	132	1
2	377	1
2	259	1
2	333	1
2	236	1
2	360	1
2	302	1
2	29	1
2	272	1
2	369	1
2	331	1
2	121	1
2	240	1
2	182	1
3	97	1
3	213	1
3	85	1
3	154	2
3	96	2
3	128	2
3	214	2
3	248	1
3	354	1
3	365	1
3	323	1
3	117	2
3	145	1
3	163	1
3	170	1
3	21	1
3	250	1
3	77	1
3	223	1
3	20	1
3	103	1
3	84	2
3	49	1
3	297	1
3	378	1
3	82	1
3	59	1
3	360	2
3	52	2
3	50	2
3	254	1
3	83	1
3	240	1
3	102	1
3	61	5
3	63	1
3	245	2
3	228	1
3	200	2
3	69	1
3	352	1
3	300	1
3	24	1
3	34	1
3	369	3
3	364	2
3	387	1
3	121	1
3	149	1
3	185	1
3	40	2
3	349	2
3	104	2
3	74	2
3	124	2
3	207	1
3	155	3
3	242	1
3	130	1
3	111	1
3	343	1
3	27	1
3	215	1
3	319	1
3	373	1
3	221	1
3	105	1
3	287	1
3	383	2
3	65	1
3	186	1
3	172	1
3	15	1
3	280	1
3	35	1
3	372	1
3	175	1
3	108	1
3	148	1
3	229	1
3	8	1
3	57	1
4	140	1
4	116	1
4	118	1
4	6	1
4	381	1
4	346	1
4	40	1
4	96	1
4	94	1
4	153	1
4	15	1
4	31	1
4	33	1
4	353	1
4	232	1
4	176	1
4	227	1
4	121	1
4	182	1
4	255	1
4	259	1
4	170	1
4	215	1
5	126	1
5	213	4
5	310	1
5	125	3
5	169	2
5	131	3
5	200	1
5	128	2
5	79	4
5	181	1
5	354	2
5	186	3
5	49	2
5	219	2
5	38	1
5	87	1
5	347	2
5	162	3
5	95	3
5	153	2
5	184	4
5	127	1
5	251	2
5	288	1
5	54	2
5	100	4
5	294	2
5	208	3
5	378	2
5	124	2
5	167	2
5	89	1
5	192	1
5	27	4
5	132	3
5	377	1
5	259	2
5	333	2
5	236	1
5	360	1
5	302	1
5	29	2
5	272	4
5	369	2
5	331	3
5	121	3
5	240	1
5	182	2
5	298	3
5	221	2
5	105	2
5	97	4
5	151	3
5	155	4
5	313	1
5	161	3
5	233	3
5	138	3
5	340	2
5	66	1
5	15	2
5	59	4
5	157	2
5	6	2
5	284	2
5	228	1
5	185	2
5	367	1
5	207	1
5	349	2
5	96	1
5	314	2
5	234	2
5	65	2
5	242	2
5	16	1
5	76	1
5	23	1
5	50	2
5	135	1
5	46	2
5	180	3
5	332	2
5	187	1
5	178	1
5	241	1
5	148	3
5	107	1
5	86	2
5	212	2
5	62	1
5	9	2
5	102	2
5	114	1
5	145	1
5	85	2
5	266	1
5	39	2
5	393	2
5	82	2
5	99	1
5	19	1
5	175	2
5	20	2
5	113	1
5	140	1
5	278	1
5	239	1
5	40	1
5	307	1
5	322	1
5	136	1
5	179	1
5	31	1
5	116	2
5	68	1
5	163	1
5	235	1
5	190	1
5	159	1
5	134	1
5	330	1
5	295	1
5	287	1
5	267	1
5	384	1
5	194	1
5	13	1
5	196	1
5	368	1
5	173	1
5	51	1
5	37	1
5	104	1
5	78	1
5	42	1
5	130	1
5	336	1
5	139	1
5	172	1
5	230	1
5	261	1
5	306	1
5	26	1
5	286	1
5	112	1
5	70	1
5	249	1
5	300	1
5	215	1
5	93	1
5	283	1
5	33	1
5	34	1
5	35	1
5	52	1
5	274	1
5	75	1
5	115	1
5	364	1
5	254	1
5	156	1
6	140	1
6	116	3
6	118	1
6	381	1
6	346	1
6	40	1
6	96	4
6	94	1
6	153	3
6	15	2
6	31	2
6	33	3
6	353	1
6	232	2
6	176	1
6	227	2
6	121	5
6	182	3
6	213	4
6	284	2
6	228	2
6	185	3
6	367	2
6	207	2
6	349	4
6	314	4
6	131	4
6	79	4
6	97	3
6	151	3
6	234	4
6	155	2
6	65	5
6	242	1
6	16	1
6	162	4
6	184	3
6	76	1
6	100	4
6	208	4
6	167	1
6	23	5
6	27	4
6	132	3
6	272	1
6	233	4
6	50	4
6	331	3
6	68	2
6	163	2
6	235	2
6	190	1
6	85	2
6	298	2
6	159	1
6	125	1
6	134	2
6	221	2
6	169	4
6	330	2
6	105	4
6	295	2
6	287	1
6	128	3
6	267	3
6	384	1
6	194	1
6	20	5
6	148	3
6	13	1
6	196	1
6	393	3
6	368	3
6	173	2
6	51	2
6	354	2
6	186	3
6	49	1
6	219	3
6	157	3
6	37	1
6	104	1
6	78	1
6	42	2
6	332	2
6	95	1
6	251	2
6	130	4
6	54	1
6	336	1
6	139	2
6	294	1
6	172	2
6	230	1
6	261	2
6	306	1
6	26	3
6	286	1
6	112	1
6	378	2
6	70	1
6	249	1
6	124	3
6	82	1
6	59	2
6	300	1
6	215	2
6	93	1
6	283	1
6	259	1
6	333	2
6	29	1
6	34	2
6	35	3
6	161	1
6	52	2
6	274	2
6	369	1
6	75	4
6	115	1
6	364	1
6	46	1
6	254	3
6	343	1
6	192	3
6	309	2
6	117	1
6	244	1
6	47	1
6	152	1
6	310	1
6	250	2
6	223	2
6	200	1
6	247	1
6	181	1
6	84	1
6	229	1
6	158	1
6	38	2
6	87	2
6	376	1
6	71	2
6	110	1
6	122	2
6	133	2
6	324	3
6	222	1
6	156	1
6	280	1
6	216	2
6	337	1
6	263	3
6	240	3
6	270	1
6	178	2
6	90	3
6	348	2
6	329	2
6	143	1
6	347	1
6	220	2
6	89	2
6	175	2
6	137	1
6	61	1
6	214	1
6	350	1
6	62	1
6	211	1
6	74	1
6	317	1
6	373	1
6	63	1
6	129	1
6	203	2
6	262	2
6	362	1
6	225	2
6	377	1
6	236	1
6	36	1
6	83	1
6	81	1
6	149	1
6	32	1
6	193	1
6	126	1
6	327	1
6	257	1
6	141	1
6	302	1
6	14	1
6	285	1
6	390	1
6	323	1
7	160	1
7	218	1
7	266	1
7	228	1
7	310	1
7	285	1
7	129	2
7	250	2
7	395	3
7	38	2
7	16	2
7	162	1
7	251	1
7	54	1
7	322	1
7	177	1
7	385	1
7	23	2
7	137	1
7	356	1
7	132	2
7	315	1
7	263	2
7	254	1
7	55	1
7	240	1
7	301	1
7	186	1
7	90	1
7	325	1
7	146	1
7	234	1
7	13	1
7	92	1
7	209	1
7	12	1
7	212	2
7	89	1
7	215	1
7	56	1
7	85	1
7	21	1
7	10	1
7	60	1
7	200	1
7	368	1
7	362	1
7	180	1
7	103	1
7	354	1
7	41	1
7	104	1
7	127	1
7	66	1
7	141	1
7	261	1
7	26	1
7	378	1
7	343	1
7	133	1
7	231	1
7	27	1
7	31	1
7	377	1
7	259	3
7	236	1
7	53	1
7	281	1
7	36	1
7	88	1
7	318	1
7	79	1
7	267	1
7	184	1
7	100	1
7	124	1
7	333	1
7	274	1
7	289	1
7	130	1
7	76	1
7	62	1
8	108	1
8	40	1
8	96	1
8	148	3
8	155	2
8	214	2
8	229	2
8	57	2
8	52	2
8	369	1
8	397	1
8	68	1
8	14	2
8	85	1
8	185	1
8	221	3
8	207	2
8	149	2
8	78	2
8	378	1
8	167	1
8	137	3
8	364	1
8	349	1
8	130	1
8	278	1
8	215	1
8	324	1
8	117	1
8	116	1
8	367	1
8	173	1
8	65	1
8	181	1
8	87	1
8	339	1
8	95	1
8	297	1
8	153	2
8	54	1
8	86	1
8	100	2
8	239	1
8	91	1
8	300	2
8	27	2
8	166	2
8	132	1
8	259	2
8	236	1
8	232	1
8	274	1
8	216	2
8	75	1
8	187	1
8	55	1
8	83	1
8	47	1
8	159	1
8	131	1
8	223	1
8	196	1
8	242	1
8	186	1
8	219	1
8	41	1
8	389	1
8	162	1
8	261	1
8	225	1
8	309	1
8	195	1
8	19	1
8	254	1
8	121	1
8	350	1
8	228	1
8	250	1
8	23	1
8	211	1
9	145	1
9	138	2
9	85	2
9	266	1
9	39	1
9	148	2
9	393	1
9	155	2
9	95	1
9	184	2
9	82	2
9	99	1
9	272	1
9	161	2
9	19	4
9	175	1
9	112	2
9	154	1
9	60	1
9	81	1
9	273	1
9	140	1
9	159	3
9	180	1
9	45	1
9	274	1
9	61	1
9	185	1
9	90	1
9	125	1
9	221	1
9	349	1
9	295	1
9	314	1
9	131	1
9	20	2
9	65	1
9	354	1
9	186	1
9	164	1
9	389	1
9	257	1
9	332	1
9	153	1
9	130	1
9	208	1
9	172	1
9	15	1
9	378	1
9	365	1
9	48	1
9	300	1
9	24	1
9	333	1
9	313	1
9	233	1
9	281	1
9	369	1
9	75	1
9	72	1
9	50	1
9	46	2
9	254	1
9	207	1
9	298	2
9	276	1
9	55	1
9	63	1
10	56	1
10	85	1
10	21	6
10	60	1
10	200	2
10	368	1
10	362	1
10	395	1
10	180	1
10	103	1
10	354	1
10	41	1
10	104	3
10	127	1
10	66	2
10	141	1
10	261	2
10	26	1
10	378	1
10	343	1
10	133	1
10	212	2
10	231	1
10	23	1
10	27	2
10	31	2
10	377	1
10	259	1
10	236	1
10	53	1
10	281	2
10	36	2
10	263	2
10	223	1
10	188	1
10	83	2
10	361	2
10	346	1
10	153	1
10	137	2
10	33	1
10	302	1
10	40	1
10	148	1
10	380	1
10	350	1
10	322	1
10	285	1
10	221	1
10	38	1
10	87	1
10	347	1
10	217	1
10	125	1
10	13	1
10	162	1
10	167	1
10	57	2
10	329	1
10	220	1
10	190	1
10	178	1
10	169	1
10	69	1
10	332	1
10	321	1
10	119	1
10	193	1
10	89	1
10	68	1
10	315	1
11	243	1
11	334	2
11	79	1
11	151	1
11	66	1
11	99	1
11	373	1
11	272	1
11	257	1
12	90	1
12	325	1
12	146	1
12	234	2
12	13	1
12	92	2
12	209	1
12	212	1
12	89	2
12	215	2
12	77	2
12	125	3
12	221	1
12	334	1
12	151	1
12	193	1
12	350	1
12	54	2
12	225	2
12	371	1
12	79	1
12	100	2
12	33	5
12	210	1
12	121	1
12	270	1
12	178	1
12	134	1
12	203	2
12	304	1
12	38	2
12	361	1
12	347	1
12	162	2
12	160	2
12	141	1
12	137	1
12	247	1
12	348	1
12	265	1
12	337	1
12	317	1
12	83	1
12	117	2
12	168	1
12	254	2
12	75	1
12	140	1
12	61	1
12	262	1
12	154	2
12	250	1
12	87	1
12	62	2
12	263	1
12	200	1
12	76	2
12	145	2
12	138	1
12	16	1
12	191	1
12	176	1
12	81	1
12	19	1
12	27	1
12	123	1
12	50	1
12	147	1
12	116	1
12	157	1
12	268	1
13	68	3
13	116	1
13	163	1
13	235	3
13	190	1
13	284	1
13	85	2
13	298	1
13	185	1
13	159	1
13	125	3
13	134	1
13	221	1
13	169	1
13	330	1
13	349	1
13	105	1
13	295	1
13	314	2
13	287	1
13	131	1
13	128	1
13	79	1
13	267	1
13	384	1
13	194	1
13	20	1
13	148	1
13	97	2
13	151	1
13	234	3
13	196	1
13	393	1
13	368	1
13	173	1
13	155	1
13	65	1
13	51	1
13	354	3
13	186	1
13	49	1
13	219	1
13	157	1
13	37	1
13	104	1
13	78	1
13	42	1
13	162	3
13	332	1
13	95	1
13	153	1
13	184	1
13	251	2
13	130	1
13	54	1
13	336	1
13	139	6
13	100	1
13	294	2
13	208	1
13	172	1
13	230	1
13	261	1
13	306	1
13	26	1
13	286	1
13	112	1
13	378	1
13	70	1
13	249	1
13	124	1
13	82	1
13	59	2
13	300	1
13	27	1
13	215	2
13	93	1
13	283	1
13	132	2
13	33	1
13	259	2
13	333	1
13	29	1
13	34	1
13	35	1
13	161	1
13	233	1
13	52	1
13	274	1
13	369	2
13	75	1
13	115	1
13	50	1
13	364	1
13	46	1
13	254	1
13	331	2
13	121	2
13	182	1
13	90	1
13	325	1
13	146	1
13	92	3
13	209	2
13	212	3
13	89	1
13	21	1
13	167	1
13	57	1
13	329	2
13	56	1
13	270	2
13	60	1
13	315	1
13	77	3
13	311	3
13	165	1
13	302	1
13	145	1
13	137	1
13	237	2
13	285	1
13	181	1
13	87	1
13	99	1
13	272	1
13	293	1
13	316	1
13	41	1
13	263	2
13	83	1
13	55	1
13	281	1
13	213	1
13	152	1
13	129	2
13	308	1
13	44	1
13	114	1
13	160	1
13	222	1
13	319	1
13	205	1
13	58	1
13	84	1
13	154	1
13	218	1
13	47	1
13	250	2
13	399	1
13	231	1
13	324	1
13	81	1
13	268	1
13	280	1
13	307	1
13	180	1
13	244	1
13	61	1
13	69	1
13	88	1
13	38	1
13	275	1
14	213	1
14	90	1
14	285	1
14	349	2
14	250	2
14	314	1
14	223	2
14	267	1
14	234	1
14	390	1
14	157	1
14	71	1
14	323	1
14	75	2
14	329	1
14	263	1
14	68	2
14	85	4
14	185	3
14	221	1
14	207	3
14	149	3
14	78	4
14	378	1
14	167	1
14	137	3
14	57	3
14	364	2
14	117	3
14	116	1
14	367	4
14	173	2
14	65	1
14	181	1
14	87	2
14	339	1
14	95	1
14	297	1
14	153	3
14	54	1
14	86	1
14	100	2
14	239	1
14	91	1
14	300	1
14	27	2
14	166	3
14	132	1
14	259	1
14	236	2
14	232	1
14	52	3
14	274	2
14	216	2
14	187	3
14	55	2
14	83	2
14	108	1
14	163	1
14	276	1
14	154	3
14	20	2
14	214	2
14	186	1
14	104	3
14	184	2
14	397	2
14	161	1
14	36	1
14	72	1
14	50	1
14	261	3
14	21	2
14	315	1
14	39	2
14	295	1
14	243	2
14	393	1
14	164	2
14	48	4
14	82	2
14	302	1
14	190	1
14	131	1
14	352	3
14	233	2
14	330	1
14	256	1
14	345	2
14	96	2
14	311	1
14	172	1
14	230	1
14	222	1
14	333	1
14	121	1
14	240	2
14	291	1
14	225	2
14	192	2
14	366	1
14	336	1
14	63	2
14	128	2
14	321	2
14	61	2
14	32	1
14	194	1
14	148	2
14	155	2
14	348	1
14	84	1
14	389	2
14	127	1
14	322	2
14	124	2
14	365	1
14	133	2
14	211	1
14	66	2
14	93	1
14	169	2
14	362	2
14	24	1
14	369	1
14	384	1
14	122	1
14	200	1
14	28	1
14	31	3
14	290	1
14	105	1
14	51	1
14	135	1
14	306	1
14	26	1
14	40	2
14	42	1
14	113	1
14	325	1
14	151	1
14	368	1
14	354	1
14	350	1
14	130	1
14	372	1
14	371	1
14	280	1
14	227	1
15	61	2
15	245	1
15	221	2
15	105	1
15	287	1
15	200	2
15	155	2
15	383	1
15	65	2
15	186	3
15	104	1
15	172	3
15	280	2
15	35	1
15	74	1
15	369	2
15	50	3
15	364	1
15	140	1
15	116	2
15	118	1
15	381	1
15	346	1
15	40	1
15	96	2
15	94	1
15	153	2
15	31	1
15	33	1
15	353	1
15	232	1
15	176	1
15	227	1
15	121	2
15	182	1
15	117	1
15	244	1
15	163	1
15	235	1
15	47	1
15	152	1
15	298	1
15	310	1
15	250	1
15	223	1
15	20	3
15	393	1
15	368	1
15	247	1
15	181	1
15	84	1
15	229	1
15	158	1
15	219	1
15	157	2
15	38	1
15	87	1
15	42	1
15	376	1
15	332	2
15	184	2
15	71	1
15	26	1
15	110	1
15	122	1
15	59	1
15	133	1
15	23	1
15	27	1
15	215	1
15	324	1
15	222	1
15	333	2
15	156	1
15	34	1
15	233	2
15	216	1
15	75	2
15	337	1
15	263	1
15	254	2
15	240	1
15	85	1
15	185	1
15	90	1
15	125	1
15	349	1
15	295	1
15	314	1
15	131	1
15	148	1
15	354	1
15	164	1
15	389	1
15	257	1
15	130	1
15	208	1
15	112	1
15	378	1
15	365	1
15	48	1
15	82	1
15	300	1
15	24	1
15	313	1
15	161	1
15	281	1
15	72	1
15	46	1
15	19	1
15	169	3
15	334	1
15	109	1
15	225	2
15	220	2
15	187	1
15	141	1
15	89	1
15	129	1
15	97	1
15	100	1
15	192	1
15	272	1
15	69	2
15	162	1
15	322	1
15	278	1
15	323	1
15	265	1
15	183	1
15	341	1
15	228	1
15	363	1
16	213	1
16	284	1
16	228	2
16	185	1
16	367	1
16	207	1
16	349	1
16	96	1
16	314	1
16	131	1
16	79	1
16	97	1
16	151	1
16	234	1
16	155	1
16	65	1
16	242	2
16	162	2
16	184	1
16	76	4
16	100	1
16	208	1
16	167	1
16	23	2
16	27	1
16	132	2
16	272	1
16	233	1
16	50	1
16	331	1
16	121	1
16	218	1
16	266	1
16	310	1
16	285	1
16	129	1
16	250	2
16	395	2
16	38	1
16	251	1
16	54	2
16	322	1
16	177	1
16	385	1
16	137	1
16	356	1
16	315	1
16	263	1
16	254	1
16	55	1
16	240	1
16	289	1
16	130	1
16	62	1
16	145	2
16	138	1
16	160	1
16	191	1
16	176	1
16	81	1
16	19	1
16	179	1
16	381	1
16	350	1
16	94	1
16	278	1
16	352	1
16	59	1
16	196	1
16	273	1
16	42	1
16	338	1
17	145	1
17	284	1
17	390	1
17	209	1
17	86	1
17	109	1
17	239	1
17	377	2
17	323	1
17	187	1
17	85	1
17	155	1
17	100	1
19	145	3
19	138	3
19	85	3
19	266	2
19	39	1
19	148	4
19	393	2
19	155	4
19	95	1
19	184	3
19	82	3
19	99	2
19	272	1
19	161	2
19	175	1
19	47	1
19	159	2
19	131	3
19	223	1
19	196	1
19	242	1
19	186	2
19	219	1
19	41	1
19	389	2
19	162	1
19	100	1
19	261	1
19	225	2
19	300	2
19	309	1
19	166	1
19	259	1
19	195	1
19	254	2
19	121	2
19	61	2
19	185	1
19	90	1
19	125	3
19	221	1
19	349	1
19	295	1
19	314	1
19	20	2
19	65	2
19	354	1
19	164	1
19	257	1
19	332	1
19	153	1
19	130	1
19	208	1
19	172	1
19	112	2
19	378	1
19	365	1
19	48	3
19	24	4
19	333	1
19	313	1
19	233	2
19	281	1
19	369	1
19	75	1
19	72	3
19	50	1
19	46	2
19	55	1
19	160	1
19	54	1
19	191	1
19	176	1
19	81	2
19	68	1
19	213	1
19	241	1
19	79	1
19	103	1
19	45	2
19	86	2
19	398	1
19	147	1
19	267	1
19	59	2
19	324	1
19	236	1
19	240	1
19	182	1
19	168	2
19	235	1
19	276	2
19	154	1
19	96	1
19	200	1
19	97	1
19	104	1
19	137	1
19	35	1
19	317	1
19	210	2
19	29	3
19	245	1
19	348	1
19	109	1
19	322	2
19	302	1
19	183	1
19	32	1
19	53	1
19	117	1
19	80	1
19	26	1
19	142	1
19	216	1
19	331	1
19	390	2
20	117	3
20	145	1
20	163	4
20	170	1
20	21	1
20	250	3
20	77	3
20	223	2
20	128	4
20	103	1
20	84	4
20	49	2
20	297	1
20	378	5
20	82	4
20	59	4
20	360	1
20	52	5
20	50	10
20	254	6
20	83	3
20	240	3
20	68	3
20	116	2
20	235	2
20	190	1
20	284	1
20	85	3
20	298	3
20	185	2
20	159	3
20	125	7
20	134	3
20	221	3
20	169	4
20	330	2
20	349	4
20	105	3
20	295	3
20	314	3
20	287	3
20	131	5
20	79	3
20	267	2
20	384	1
20	194	1
20	148	4
20	97	1
20	151	1
20	234	2
20	196	2
20	393	2
20	368	3
20	173	3
20	155	6
20	65	11
20	51	2
20	354	4
20	186	13
20	219	3
20	157	2
20	37	1
20	104	2
20	78	1
20	42	2
20	162	2
20	332	4
20	95	1
20	153	3
20	184	4
20	251	4
20	130	4
20	54	1
20	336	1
20	139	2
20	100	2
20	294	1
20	208	3
20	172	4
20	230	1
20	261	2
20	306	1
20	26	3
20	286	2
20	112	4
20	70	2
20	249	1
20	124	3
20	300	4
20	27	3
20	215	2
20	93	3
20	283	1
20	132	2
20	33	3
20	259	2
20	333	3
20	29	1
20	34	2
20	35	2
20	161	6
20	233	4
20	274	3
20	369	2
20	75	4
20	115	1
20	364	4
20	46	4
20	331	1
20	121	3
20	182	4
20	244	1
20	47	2
20	152	1
20	310	1
20	96	4
20	200	1
20	247	1
20	181	1
20	229	1
20	158	1
20	38	1
20	87	1
20	376	2
20	71	1
20	110	1
20	122	3
20	133	2
20	23	1
20	324	4
20	222	1
20	156	1
20	280	1
20	216	2
20	337	1
20	263	2
20	213	2
20	270	2
20	178	3
20	90	3
20	348	2
20	192	2
20	329	1
20	143	1
20	61	2
20	228	1
20	367	2
20	214	2
20	350	2
20	62	1
20	211	1
20	74	2
20	317	1
20	373	2
20	227	1
20	129	1
20	203	1
20	262	1
20	362	1
20	225	2
20	220	3
20	89	1
20	309	1
20	31	1
20	377	2
20	236	4
20	36	4
20	175	1
20	164	1
20	389	1
20	257	2
20	365	1
20	48	4
20	24	3
20	313	1
20	281	1
20	72	5
20	63	5
20	276	2
20	154	1
20	397	3
20	207	2
20	321	1
20	334	1
20	109	1
20	187	1
20	165	1
20	205	1
20	189	2
20	32	2
20	231	1
20	232	1
20	210	1
20	366	2
20	343	1
20	86	1
20	106	5
20	150	2
20	140	1
20	255	1
20	341	1
20	66	1
20	168	1
20	347	1
20	28	1
20	137	1
20	352	1
20	81	2
20	381	1
20	199	1
20	394	1
20	135	1
20	372	1
20	252	1
20	386	1
21	117	1
21	145	1
21	163	1
21	170	1
21	250	1
21	77	1
21	223	2
21	128	1
21	103	2
21	84	1
21	49	1
21	297	1
21	378	2
21	82	1
21	59	2
21	360	1
21	52	1
21	50	1
21	254	1
21	83	2
21	240	2
21	56	2
21	85	1
21	60	1
21	200	2
21	368	1
21	362	1
21	395	1
21	180	1
21	354	1
21	41	1
21	104	4
21	127	1
21	66	1
21	141	2
21	261	2
21	26	1
21	343	1
21	133	2
21	212	2
21	231	1
21	23	1
21	27	2
21	31	1
21	377	1
21	259	1
21	236	1
21	53	1
21	281	1
21	36	1
21	263	1
21	361	2
21	346	1
21	153	1
21	137	1
21	33	1
21	302	1
21	125	1
21	162	2
21	167	1
21	57	1
21	329	1
21	190	1
21	178	1
21	169	1
21	69	1
21	332	2
21	321	1
21	119	1
21	68	2
21	315	1
21	256	1
21	345	1
21	96	1
21	311	1
21	184	1
21	172	1
21	230	2
21	166	1
21	222	1
21	333	1
21	121	1
21	291	1
21	276	1
21	243	1
21	28	1
21	171	2
21	227	1
21	265	1
21	97	1
21	45	1
21	211	1
21	61	1
21	70	1
21	34	1
21	132	1
21	206	1
23	213	1
23	284	1
23	228	3
23	185	2
23	367	1
23	207	2
23	349	2
23	96	2
23	314	1
23	131	1
23	79	1
23	97	2
23	151	2
23	234	1
23	155	1
23	65	2
23	242	1
23	162	2
23	184	2
23	76	1
23	100	2
23	208	1
23	167	2
23	27	7
23	132	2
23	272	1
23	233	3
23	50	1
23	331	2
23	121	2
23	105	1
23	148	1
23	343	2
23	192	1
23	309	1
23	232	1
23	35	1
23	117	2
23	116	1
23	244	1
23	163	1
23	235	1
23	47	1
23	152	1
23	298	1
23	310	2
23	250	3
23	223	1
23	200	2
23	393	1
23	368	2
23	247	1
23	181	1
23	84	1
23	229	2
23	158	1
23	219	1
23	157	1
23	38	3
23	87	1
23	42	1
23	376	1
23	332	1
23	71	1
23	26	2
23	110	1
23	122	1
23	59	1
23	133	2
23	215	1
23	324	1
23	222	1
23	333	1
23	156	1
23	280	1
23	34	1
23	216	2
23	75	1
23	337	1
23	263	3
23	254	2
23	240	3
23	126	1
23	302	1
23	218	1
23	266	1
23	285	1
23	129	1
23	395	2
23	251	1
23	54	1
23	322	1
23	177	1
23	385	1
23	137	2
23	356	1
23	315	1
23	55	1
23	56	1
23	85	1
23	60	1
23	362	1
23	180	1
23	103	1
23	354	1
23	41	1
23	104	1
23	127	1
23	66	1
23	141	1
23	261	1
23	378	1
23	212	1
23	231	1
23	31	1
23	377	1
23	259	1
23	236	1
23	53	1
23	281	1
23	36	1
23	153	1
23	211	1
23	217	1
23	40	1
23	33	1
23	57	1
23	39	1
23	171	1
23	214	1
23	182	1
24	117	1
24	102	2
24	61	4
24	63	2
24	245	1
24	228	2
24	200	1
24	69	2
24	352	1
24	300	3
24	34	1
24	369	3
24	364	1
24	387	3
24	121	2
24	85	4
24	185	1
24	90	1
24	125	6
24	221	2
24	349	1
24	295	1
24	314	1
24	131	3
24	148	1
24	155	5
24	65	3
24	354	1
24	186	2
24	164	1
24	389	1
24	257	1
24	332	1
24	153	1
24	184	4
24	130	2
24	208	1
24	172	2
24	112	4
24	378	2
24	365	1
24	48	3
24	82	3
24	333	1
24	313	3
24	161	3
24	233	2
24	281	1
24	75	2
24	72	1
24	50	2
24	46	1
24	254	1
24	169	2
24	362	2
24	322	1
24	133	1
24	68	1
24	213	1
24	241	1
24	79	1
24	103	1
24	45	1
24	86	3
24	225	1
24	398	1
24	147	1
24	81	4
24	96	1
24	381	1
24	298	2
24	159	2
24	199	1
24	196	1
24	350	1
24	366	1
24	394	1
24	135	2
24	372	2
24	252	1
24	397	1
24	386	1
24	74	1
24	373	3
24	106	1
24	371	1
24	162	1
24	368	1
24	264	4
24	231	2
24	232	1
24	329	2
24	138	3
24	212	1
24	31	4
24	108	3
24	154	2
24	77	1
24	54	4
24	62	1
24	33	1
24	163	2
24	190	1
24	142	1
24	330	1
24	287	2
24	194	2
24	97	1
24	151	1
24	393	2
24	173	1
24	311	1
24	157	1
24	78	2
24	361	1
24	100	1
24	230	1
24	137	1
24	132	1
24	259	1
24	236	1
24	35	1
24	182	1
24	140	1
24	59	1
24	41	1
24	207	1
24	167	1
24	40	1
24	384	1
24	214	1
24	44	1
24	57	1
24	357	1
24	119	1
24	143	2
24	223	1
24	383	1
24	111	1
24	363	1
24	27	1
24	124	1
24	52	1
24	47	1
24	276	1
24	36	1
25	29	2
25	230	1
25	119	1
25	145	1
25	197	1
25	59	1
25	371	1
25	175	1
25	129	1
26	68	1
26	116	2
26	163	2
26	235	3
26	190	1
26	284	2
26	85	4
26	298	2
26	185	2
26	159	2
26	125	1
26	134	2
26	221	2
26	169	2
26	330	1
26	349	3
26	105	3
26	295	2
26	314	2
26	287	1
26	131	3
26	128	1
26	79	3
26	267	2
26	384	1
26	194	1
26	148	2
26	97	1
26	151	2
26	234	2
26	196	1
26	393	2
26	368	4
26	173	3
26	155	2
26	65	2
26	51	2
26	354	4
26	186	2
26	49	1
26	219	4
26	157	2
26	37	1
26	104	2
26	78	2
26	42	2
26	162	2
26	332	2
26	95	1
26	153	1
26	184	2
26	251	2
26	130	4
26	54	1
26	336	1
26	139	2
26	100	3
26	294	1
26	208	3
26	172	3
26	230	1
26	261	4
26	306	2
26	286	1
26	112	1
26	378	4
26	70	1
26	249	1
26	124	4
26	82	2
26	59	2
26	300	1
26	27	5
26	215	2
26	93	1
26	283	1
26	132	3
26	33	1
26	259	2
26	333	3
26	29	1
26	34	3
26	35	3
26	161	1
26	233	2
26	52	1
26	274	2
26	369	2
26	75	4
26	115	1
26	50	3
26	364	1
26	46	1
26	254	4
26	331	1
26	121	2
26	182	3
26	117	1
26	244	2
26	47	1
26	152	1
26	310	1
26	250	1
26	96	4
26	223	1
26	200	2
26	247	1
26	181	1
26	84	1
26	229	1
26	158	1
26	38	2
26	87	1
26	376	1
26	71	1
26	110	1
26	122	2
26	133	4
26	324	2
26	222	1
26	156	1
26	280	1
26	216	3
26	337	2
26	263	3
26	240	1
26	178	1
26	90	1
26	129	1
26	203	1
26	262	1
26	362	2
26	225	1
26	220	1
26	89	1
26	192	1
26	309	1
26	31	3
26	377	2
26	236	2
26	36	2
26	83	2
26	175	1
26	56	1
26	60	1
26	395	2
26	180	1
26	103	1
26	41	1
26	127	1
26	66	1
26	141	2
26	343	2
26	212	1
26	231	1
26	53	1
26	281	1
26	243	1
26	389	1
26	135	1
26	48	1
26	276	1
26	367	1
26	86	1
26	63	2
26	207	2
26	167	2
26	57	2
26	206	1
26	92	1
26	275	1
26	370	1
26	118	1
26	145	1
26	137	2
26	69	1
26	149	1
26	237	1
26	258	1
26	61	1
26	218	1
26	341	1
26	64	1
26	302	1
26	150	1
26	32	1
27	126	1
27	213	2
27	310	2
27	125	3
27	169	2
27	131	6
27	200	4
27	128	2
27	79	4
27	181	3
27	354	4
27	186	2
27	49	2
27	219	4
27	38	3
27	87	4
27	347	3
27	162	4
27	95	3
27	153	4
27	184	4
27	127	2
27	251	2
27	288	1
27	54	4
27	100	6
27	294	2
27	208	4
27	378	3
27	124	4
27	167	2
27	89	1
27	192	2
27	132	5
27	377	2
27	259	4
27	333	5
27	236	3
27	360	3
27	302	1
27	29	2
27	272	4
27	369	2
27	331	4
27	121	5
27	240	3
27	182	3
27	61	1
27	207	3
27	349	4
27	155	4
27	242	2
27	84	2
27	130	2
27	111	2
27	343	3
27	215	3
27	319	1
27	373	5
27	284	3
27	228	2
27	185	4
27	367	2
27	96	3
27	314	2
27	97	3
27	151	3
27	234	2
27	65	5
27	76	1
27	233	4
27	50	2
27	68	1
27	116	3
27	163	2
27	235	2
27	190	1
27	85	4
27	298	2
27	159	1
27	134	2
27	221	2
27	330	1
27	105	3
27	295	2
27	287	1
27	267	1
27	384	3
27	194	2
27	148	3
27	196	2
27	393	5
27	368	3
27	173	3
27	51	2
27	157	2
27	37	1
27	104	3
27	78	3
27	42	2
27	332	2
27	336	1
27	139	1
27	172	1
27	230	1
27	261	3
27	306	2
27	286	2
27	112	1
27	70	1
27	249	2
27	82	3
27	59	3
27	300	2
27	93	2
27	283	1
27	33	1
27	34	2
27	35	2
27	161	1
27	52	3
27	274	3
27	75	3
27	115	1
27	364	3
27	46	4
27	254	2
27	309	1
27	232	2
27	117	2
27	244	1
27	47	1
27	152	1
27	250	2
27	223	2
27	247	1
27	229	2
27	158	1
27	376	1
27	71	1
27	110	1
27	122	3
27	133	3
27	324	1
27	222	2
27	156	1
27	280	1
27	216	4
27	337	1
27	263	3
27	56	1
27	60	1
27	362	1
27	395	1
27	180	1
27	103	1
27	41	1
27	66	1
27	141	2
27	212	1
27	231	1
27	31	2
27	53	1
27	281	1
27	36	1
27	149	1
27	339	1
27	297	1
27	86	2
27	239	1
27	91	1
27	137	3
27	166	2
27	187	3
27	55	1
27	83	1
27	211	1
27	243	1
27	389	1
27	135	3
27	48	1
27	276	1
27	383	2
27	363	2
27	92	1
27	275	1
27	80	1
27	45	1
27	136	1
27	390	1
27	171	1
27	109	1
27	248	1
27	365	1
27	99	1
27	63	1
27	90	1
27	397	1
27	345	1
27	359	3
27	40	1
27	165	2
27	62	1
27	386	1
27	282	1
27	102	1
27	352	1
27	315	1
27	344	1
27	225	1
27	220	1
27	67	1
27	380	1
27	154	1
28	200	1
28	104	5
28	225	2
28	31	2
28	290	2
28	106	1
28	68	3
28	276	1
28	243	1
28	59	1
28	212	1
28	354	1
28	137	1
28	55	1
28	288	1
28	96	1
28	289	1
28	162	1
28	66	1
28	67	1
28	315	1
28	163	1
28	235	1
28	80	1
28	165	1
28	153	1
28	141	1
28	222	1
28	377	1
28	237	1
28	210	2
28	227	1
28	145	1
28	47	1
28	77	1
28	322	1
28	231	1
28	143	1
28	175	1
28	299	1
28	97	1
28	121	1
29	126	2
29	213	1
29	310	2
29	125	2
29	169	2
29	131	2
29	200	1
29	128	2
29	79	2
29	181	3
29	354	2
29	186	2
29	49	2
29	219	2
29	38	2
29	87	1
29	347	1
29	162	2
29	95	2
29	153	2
29	184	2
29	127	1
29	251	2
29	288	1
29	54	2
29	100	3
29	294	2
29	208	4
29	378	2
29	124	3
29	167	1
29	89	1
29	192	1
29	132	2
29	377	1
29	259	2
29	333	3
29	236	1
29	360	2
29	302	1
29	272	1
29	369	2
29	331	3
29	121	2
29	240	1
29	182	2
29	68	1
29	116	2
29	163	1
29	235	1
29	190	1
29	284	1
29	85	1
29	298	1
29	185	1
29	159	1
29	134	1
29	221	1
29	330	1
29	349	1
29	105	2
29	295	1
29	314	1
29	287	1
29	267	2
29	384	1
29	194	1
29	148	1
29	97	1
29	151	1
29	234	2
29	196	1
29	393	1
29	368	2
29	173	1
29	155	1
29	65	1
29	51	1
29	157	1
29	37	1
29	104	1
29	78	1
29	42	1
29	332	1
29	130	1
29	336	1
29	139	1
29	172	1
29	230	1
29	261	1
29	306	1
29	286	1
29	112	2
29	70	1
29	249	1
29	82	1
29	59	2
29	300	1
29	215	1
29	93	1
29	283	1
29	33	1
29	34	1
29	35	1
29	161	1
29	233	1
29	52	1
29	274	1
29	75	1
29	115	2
29	50	1
29	364	1
29	46	2
29	254	2
29	266	1
29	390	1
29	145	1
29	197	1
29	371	1
29	175	1
29	285	2
29	217	1
29	178	2
29	228	2
29	165	1
29	223	1
29	177	1
29	120	1
29	232	1
29	99	1
29	282	1
29	150	1
29	244	1
29	355	1
29	210	1
30	163	1
30	125	1
30	221	1
30	169	1
30	173	1
30	395	1
30	186	1
30	157	1
30	37	5
30	38	2
30	87	1
30	273	1
30	336	1
30	112	1
30	59	1
30	375	1
30	335	1
30	236	1
30	52	1
30	254	1
30	121	1
30	182	1
30	217	1
30	250	1
30	79	1
30	104	1
30	124	1
30	166	1
30	272	1
30	46	1
30	263	1
30	94	1
31	140	1
31	116	1
31	118	1
31	381	1
31	346	1
31	40	6
31	96	5
31	94	1
31	153	2
31	33	4
31	353	1
31	232	1
31	176	1
31	227	1
31	121	2
31	182	2
31	102	3
31	298	1
31	39	2
31	97	3
31	307	1
31	180	2
31	347	2
31	322	1
31	100	5
31	136	1
31	179	1
31	212	7
31	178	1
31	90	1
31	129	1
31	134	1
31	203	1
31	262	1
31	221	2
31	169	1
31	105	3
31	295	1
31	314	2
31	131	2
31	79	1
31	267	1
31	234	1
31	368	2
31	362	2
31	173	2
31	65	1
31	354	2
31	186	1
31	219	1
31	162	1
31	251	2
31	130	3
31	139	1
31	208	1
31	172	2
31	261	3
31	378	2
31	124	3
31	225	3
31	220	1
31	133	2
31	89	1
31	192	1
31	309	1
31	324	2
31	132	1
31	377	2
31	236	2
31	35	1
31	274	1
31	36	3
31	216	1
31	75	1
31	50	1
31	254	1
31	83	1
31	175	2
31	56	1
31	85	8
31	60	2
31	200	2
31	395	1
31	103	2
31	41	2
31	104	2
31	127	1
31	66	2
31	141	2
31	343	1
31	231	5
31	259	1
31	53	1
31	281	1
31	263	1
31	137	3
31	57	6
31	290	2
31	185	2
31	243	3
31	155	3
31	51	1
31	389	1
31	78	2
31	135	2
31	306	2
31	48	2
31	82	4
31	61	4
31	138	2
31	125	4
31	264	5
31	387	3
31	108	6
31	154	2
31	77	2
31	184	1
31	54	4
31	112	2
31	62	2
31	373	3
31	228	1
31	207	3
31	86	2
31	167	1
31	47	2
31	276	2
31	81	2
31	143	3
31	299	1
31	266	1
31	223	1
31	148	1
31	45	1
31	191	2
31	195	1
31	224	2
31	117	4
31	271	1
31	63	1
31	213	1
31	214	1
31	204	1
31	42	1
31	339	1
31	331	2
31	92	2
31	55	4
31	333	1
31	284	1
31	349	3
31	350	1
31	397	1
31	52	2
31	114	1
31	87	1
31	379	1
31	398	1
31	399	1
31	99	1
31	365	1
31	151	1
31	245	1
31	336	1
31	250	3
31	197	1
31	67	1
31	313	1
31	244	1
31	80	1
31	165	1
31	319	1
31	166	1
31	325	1
31	280	2
31	145	1
31	364	1
32	193	1
32	130	1
32	324	1
32	117	1
32	61	1
32	63	3
32	207	4
32	154	1
32	128	1
32	194	2
32	148	2
32	155	1
32	348	1
32	214	2
32	84	1
32	389	1
32	127	1
32	322	1
32	124	1
32	365	2
32	321	1
32	133	2
32	236	1
32	211	1
32	57	2
32	52	3
32	240	1
32	53	1
32	47	2
32	189	5
32	125	1
32	77	1
32	82	1
32	220	1
32	231	1
32	33	2
32	232	1
32	210	1
32	178	1
32	284	1
32	134	1
32	162	1
32	286	1
32	242	3
32	245	1
32	264	1
32	66	2
32	143	2
32	349	1
32	314	1
32	227	1
32	302	1
32	138	1
32	384	1
32	395	1
32	54	1
32	278	1
32	137	1
32	387	1
32	65	1
32	250	1
32	372	1
32	386	1
32	281	1
32	49	1
32	295	1
32	341	1
32	397	1
33	140	2
33	116	4
33	118	1
33	381	1
33	346	3
33	40	2
33	96	1
33	94	1
33	153	4
33	353	1
33	232	2
33	176	1
33	227	2
33	121	4
33	182	2
33	68	2
33	163	1
33	235	1
33	190	1
33	284	1
33	85	3
33	298	1
33	185	1
33	159	1
33	125	4
33	134	1
33	221	1
33	169	1
33	330	2
33	349	1
33	105	2
33	295	1
33	314	1
33	287	2
33	131	1
33	128	1
33	79	2
33	267	1
33	384	1
33	194	1
33	148	2
33	97	2
33	151	1
33	234	3
33	196	1
33	393	1
33	368	1
33	173	1
33	155	2
33	65	2
33	51	1
33	354	2
33	186	1
33	49	1
33	219	1
33	157	2
33	37	3
33	104	2
33	78	1
33	42	1
33	162	2
33	332	1
33	95	1
33	184	2
33	251	1
33	130	2
33	54	3
33	336	1
33	139	1
33	100	2
33	294	1
33	208	1
33	172	3
33	230	1
33	261	1
33	306	1
33	286	1
33	112	2
33	378	1
33	70	1
33	249	1
33	124	1
33	82	3
33	59	3
33	300	1
33	215	2
33	93	1
33	283	1
33	132	2
33	259	1
33	333	1
33	34	1
33	35	1
33	161	1
33	233	1
33	52	2
33	274	1
33	369	1
33	75	2
33	115	1
33	50	2
33	364	1
33	46	1
33	254	2
33	331	1
33	61	3
33	228	1
33	367	1
33	214	1
33	350	1
33	122	1
33	62	13
33	211	1
33	74	1
33	317	1
33	373	2
33	137	2
33	302	2
33	210	2
33	38	2
33	203	1
33	262	2
33	154	3
33	250	3
33	87	2
33	225	3
33	263	1
33	200	1
33	145	2
33	92	2
33	268	1
33	47	1
33	189	1
33	77	2
33	220	2
33	231	2
33	57	5
33	138	2
33	108	2
33	387	1
33	243	1
33	347	1
33	212	1
33	55	1
33	175	1
33	39	1
33	224	1
33	166	1
33	143	2
33	372	1
33	386	1
33	281	1
33	191	3
33	63	1
33	285	1
33	181	1
33	289	1
33	164	1
33	236	1
33	123	1
33	53	1
33	397	1
33	117	2
33	271	1
33	245	2
33	41	1
33	83	1
33	348	1
33	361	1
34	117	2
34	102	1
34	61	4
34	63	1
34	245	2
34	228	1
34	200	2
34	69	1
34	352	1
34	300	2
34	369	3
34	364	2
34	387	1
34	121	3
34	68	1
34	116	2
34	163	2
34	235	2
34	190	1
34	284	1
34	85	1
34	298	2
34	185	1
34	159	2
34	125	1
34	134	1
34	221	1
34	169	1
34	330	1
34	349	1
34	105	2
34	295	1
34	314	2
34	287	1
34	131	1
34	128	1
34	79	1
34	267	1
34	384	1
34	194	1
34	148	1
34	97	2
34	151	1
34	234	1
34	196	1
34	393	2
34	368	2
34	173	1
34	155	2
34	65	2
34	51	1
34	354	1
34	186	1
34	49	1
34	219	2
34	157	2
34	37	2
34	104	1
34	78	1
34	42	2
34	162	1
34	332	3
34	95	1
34	153	4
34	184	2
34	251	1
34	130	2
34	54	1
34	336	1
34	139	1
34	100	1
34	294	1
34	208	1
34	172	2
34	230	2
34	261	3
34	306	1
34	286	1
34	112	1
34	378	2
34	70	4
34	249	1
34	124	3
34	82	1
34	59	2
34	215	2
34	93	1
34	283	1
34	132	1
34	259	1
34	333	2
34	35	1
34	161	1
34	233	2
34	52	1
34	274	2
34	75	2
34	115	1
34	50	1
34	46	1
34	254	3
34	331	1
34	182	1
34	244	1
34	47	1
34	152	1
34	310	1
34	250	1
34	96	1
34	223	1
34	247	1
34	181	1
34	84	1
34	229	1
34	158	1
34	38	1
34	87	1
34	376	1
34	71	1
34	110	1
34	122	1
34	133	2
34	324	1
34	222	1
34	156	1
34	280	1
34	216	1
34	337	1
34	263	1
34	240	1
34	171	1
34	218	1
34	341	1
34	395	1
34	167	1
34	64	1
34	302	1
34	150	1
34	83	1
34	243	1
34	391	1
34	285	1
34	343	2
34	89	1
34	137	1
34	36	6
34	180	2
34	53	1
34	40	1
34	199	1
34	392	1
35	61	3
35	245	1
35	221	4
35	105	4
35	287	3
35	200	2
35	155	3
35	383	1
35	65	5
35	186	5
35	104	3
35	172	4
35	280	1
35	74	2
35	369	2
35	50	8
35	364	2
35	68	1
35	116	1
35	163	2
35	235	4
35	190	2
35	284	5
35	85	1
35	298	3
35	185	2
35	159	3
35	125	2
35	134	3
35	169	3
35	330	2
35	349	2
35	295	2
35	314	2
35	131	4
35	128	1
35	79	4
35	267	2
35	384	1
35	194	2
35	148	2
35	97	4
35	151	3
35	234	2
35	196	1
35	393	2
35	368	2
35	173	3
35	51	1
35	354	2
35	49	1
35	219	2
35	157	3
35	37	1
35	78	3
35	42	4
35	162	3
35	332	1
35	95	1
35	153	1
35	184	3
35	251	2
35	130	4
35	54	2
35	336	1
35	139	2
35	100	6
35	294	1
35	208	3
35	230	2
35	261	3
35	306	1
35	286	1
35	112	2
35	378	3
35	70	1
35	249	1
35	124	2
35	82	2
35	59	1
35	300	2
35	215	1
35	93	2
35	283	1
35	132	4
35	259	2
35	333	1
35	161	2
35	233	3
35	52	1
35	274	2
35	75	3
35	115	1
35	46	3
35	254	2
35	331	2
35	121	4
35	182	4
35	207	1
35	343	1
35	192	3
35	309	2
35	232	1
35	178	1
35	90	1
35	129	1
35	203	1
35	262	2
35	96	3
35	362	1
35	225	1
35	220	3
35	133	1
35	89	1
35	324	1
35	377	1
35	236	2
35	36	1
35	216	1
35	83	1
35	175	1
35	168	1
35	276	1
35	154	1
35	137	3
35	317	1
35	63	1
35	142	1
35	311	2
35	361	1
35	313	1
35	329	2
35	367	1
35	86	1
35	140	1
35	316	2
35	164	3
35	98	1
35	239	1
35	285	1
35	80	1
35	87	1
35	240	1
35	76	1
35	66	1
35	291	1
35	365	1
35	248	1
35	228	1
35	310	1
35	346	1
35	242	1
35	264	1
36	178	1
36	90	1
36	129	1
36	134	2
36	203	1
36	262	1
36	221	1
36	169	1
36	105	2
36	295	1
36	96	1
36	314	1
36	131	1
36	79	1
36	267	1
36	234	1
36	368	2
36	362	2
36	173	2
36	65	3
36	354	2
36	186	3
36	219	1
36	162	1
36	251	1
36	130	2
36	139	1
36	100	1
36	208	1
36	172	1
36	261	5
36	378	2
36	124	1
36	225	1
36	220	1
36	133	2
36	89	2
36	192	1
36	309	1
36	324	2
36	132	1
36	377	2
36	236	3
36	274	3
36	216	1
36	75	1
36	50	3
36	254	2
36	83	5
36	175	1
36	182	1
36	56	1
36	85	1
36	60	1
36	200	1
36	395	1
36	180	2
36	103	1
36	41	1
36	104	2
36	127	1
36	66	3
36	141	1
36	343	2
36	212	1
36	231	1
36	259	1
36	53	1
36	281	2
36	263	1
36	223	1
36	188	1
36	163	1
36	276	2
36	154	1
36	250	1
36	214	1
36	184	1
36	397	1
36	161	1
36	72	1
36	255	1
36	68	1
36	125	2
36	341	1
36	148	1
36	257	1
36	112	1
36	70	3
36	108	1
36	47	1
36	264	1
36	81	1
36	143	1
36	137	1
36	77	1
36	38	1
36	183	1
36	113	1
36	168	2
36	87	1
36	78	1
36	332	1
36	59	2
36	99	1
37	68	1
37	116	1
37	163	2
37	235	1
37	190	1
37	284	1
37	85	1
37	298	1
37	185	1
37	159	2
37	125	2
37	134	1
37	221	2
37	169	2
37	330	1
37	349	1
37	105	1
37	295	1
37	314	1
37	287	1
37	131	1
37	128	1
37	79	4
37	267	1
37	384	1
37	194	1
37	148	1
37	97	1
37	151	1
37	234	1
37	196	1
37	393	1
37	368	1
37	173	2
37	155	1
37	65	1
37	51	2
37	354	1
37	186	2
37	49	2
37	219	1
37	157	2
37	104	2
37	78	1
37	42	1
37	162	2
37	332	1
37	95	1
37	153	6
37	184	1
37	251	2
37	130	3
37	54	2
37	336	2
37	139	1
37	100	2
37	294	1
37	208	1
37	172	1
37	230	1
37	261	1
37	306	1
37	286	1
37	112	2
37	378	1
37	70	1
37	249	1
37	124	3
37	82	1
37	59	4
37	300	1
37	215	2
37	93	1
37	283	1
37	132	1
37	259	1
37	333	1
37	161	1
37	233	1
37	52	3
37	274	2
37	369	1
37	75	1
37	115	1
37	50	1
37	364	2
37	46	2
37	254	3
37	331	1
37	121	2
37	182	3
37	395	1
37	38	9
37	87	2
37	273	1
37	375	1
37	335	1
37	236	3
37	250	1
37	166	1
37	272	1
37	263	1
37	94	1
37	63	2
37	285	1
37	181	1
37	289	1
37	164	2
37	123	1
37	53	1
37	62	2
37	61	2
37	40	4
37	291	1
37	360	1
37	72	2
37	240	1
37	127	1
37	171	1
37	290	1
37	142	1
37	276	2
37	48	2
37	264	1
37	60	1
37	165	1
37	309	1
37	119	1
38	126	2
38	213	1
38	310	3
38	125	5
38	169	2
38	131	2
38	200	2
38	128	1
38	79	2
38	181	4
38	354	2
38	186	2
38	49	2
38	219	2
38	87	10
38	347	3
38	162	5
38	95	1
38	153	3
38	184	2
38	127	2
38	251	2
38	288	1
38	54	3
38	100	2
38	294	1
38	208	3
38	378	2
38	124	1
38	167	1
38	89	2
38	192	1
38	132	2
38	377	2
38	259	2
38	333	4
38	236	2
38	360	1
38	302	1
38	272	2
38	369	2
38	331	3
38	121	3
38	240	3
38	182	2
38	117	3
38	116	1
38	244	1
38	163	2
38	235	1
38	47	1
38	152	1
38	298	1
38	250	2
38	96	2
38	223	1
38	393	1
38	368	3
38	247	1
38	84	1
38	229	1
38	158	1
38	157	2
38	42	1
38	376	2
38	332	1
38	71	1
38	110	1
38	122	2
38	59	3
38	133	1
38	215	2
38	324	1
38	222	1
38	156	1
38	280	1
38	233	3
38	216	3
38	75	2
38	337	2
38	263	4
38	254	3
38	81	1
38	218	1
38	266	1
38	228	1
38	285	4
38	129	1
38	395	2
38	322	1
38	177	1
38	385	1
38	137	2
38	356	1
38	315	1
38	55	1
38	221	2
38	217	2
38	270	1
38	178	1
38	134	1
38	203	1
38	304	1
38	361	1
38	160	1
38	141	3
38	88	2
38	173	2
38	92	2
38	261	1
38	275	2
38	267	3
38	273	1
38	336	1
38	112	1
38	375	1
38	335	1
38	52	1
38	62	1
38	77	1
38	183	1
38	171	2
38	264	1
38	274	1
38	242	1
38	307	1
38	103	1
38	289	1
38	319	1
38	63	1
38	348	1
38	262	1
38	271	1
38	118	1
38	90	1
38	314	1
38	164	1
38	366	1
38	150	1
38	146	1
38	191	1
38	80	1
39	145	1
39	138	2
39	85	3
39	266	1
39	148	3
39	393	2
39	155	2
39	95	1
39	184	1
39	82	2
39	99	1
39	272	1
39	161	1
39	175	1
39	102	1
39	298	1
39	40	2
39	97	2
39	307	1
39	180	1
39	347	1
39	322	1
39	100	1
39	136	1
39	179	1
39	212	1
39	153	1
39	117	4
39	171	1
39	224	1
39	166	1
39	143	1
39	68	1
39	273	1
39	378	2
39	199	1
39	151	1
39	383	1
39	214	2
39	109	1
39	365	1
39	357	1
39	187	1
39	373	1
39	200	1
39	104	1
39	168	3
39	84	1
39	122	2
39	313	1
39	237	1
39	355	1
39	113	1
39	63	1
39	169	1
39	349	2
39	154	1
39	384	1
39	196	1
39	350	1
39	78	1
39	372	1
39	280	1
39	233	1
39	74	1
39	50	1
39	55	1
39	61	1
40	61	5
40	185	2
40	349	3
40	104	2
40	74	2
40	108	1
40	96	3
40	148	5
40	155	2
40	214	4
40	229	1
40	57	11
40	52	2
40	369	1
40	140	1
40	116	1
40	118	1
40	381	1
40	346	1
40	94	1
40	153	2
40	353	1
40	232	1
40	176	2
40	227	2
40	121	1
40	182	2
40	102	2
40	298	1
40	97	4
40	307	2
40	180	1
40	347	1
40	322	2
40	100	2
40	136	1
40	179	1
40	212	1
40	380	3
40	350	5
40	117	3
40	113	1
40	169	2
40	154	4
40	325	1
40	151	4
40	368	1
40	362	1
40	354	2
40	87	2
40	78	4
40	130	3
40	66	1
40	261	1
40	352	2
40	192	2
40	137	4
40	372	2
40	371	1
40	280	2
40	364	4
40	55	2
40	83	1
40	131	2
40	384	2
40	194	1
40	54	1
40	44	1
40	313	1
40	357	1
40	119	1
40	221	2
40	165	2
40	393	2
40	135	1
40	284	1
40	243	1
40	48	3
40	397	1
40	92	2
40	231	2
40	63	3
40	79	2
40	51	1
40	276	2
40	309	1
40	138	1
40	196	1
40	122	1
40	82	1
40	233	4
40	50	1
40	162	1
40	235	1
40	341	1
40	69	1
40	133	1
40	304	1
40	160	4
40	226	4
40	143	1
40	223	1
40	300	1
40	387	1
40	383	1
40	258	1
40	90	1
40	224	1
40	186	1
40	184	1
40	288	1
40	172	1
40	220	1
40	333	1
40	72	1
40	175	2
41	56	2
41	85	1
41	60	1
41	200	1
41	368	1
41	362	1
41	395	1
41	180	1
41	103	2
41	354	2
41	104	1
41	127	1
41	66	1
41	141	2
41	261	2
41	378	1
41	343	1
41	133	1
41	212	1
41	231	1
41	377	1
41	259	2
41	236	1
41	53	1
41	281	1
41	263	3
41	47	1
41	159	1
41	131	1
41	223	1
41	148	3
41	196	1
41	155	1
41	242	1
41	186	1
41	219	1
41	389	1
41	162	1
41	100	2
41	225	3
41	300	1
41	309	1
41	166	1
41	195	1
41	254	1
41	121	1
41	270	1
41	311	2
41	132	1
41	329	2
41	83	2
41	287	1
41	69	1
41	325	1
41	280	1
41	87	1
41	62	2
41	61	1
41	326	1
41	172	1
41	134	1
41	237	2
41	274	1
41	221	1
41	88	1
41	218	1
41	113	1
41	251	1
41	71	1
42	68	1
42	116	2
42	163	2
42	235	3
42	190	1
42	284	1
42	85	1
42	298	2
42	185	1
42	159	4
42	125	2
42	134	2
42	221	1
42	169	1
42	330	1
42	349	1
42	105	1
42	295	1
42	314	1
42	287	1
42	131	3
42	128	1
42	79	1
42	267	1
42	384	1
42	194	2
42	148	1
42	97	1
42	151	1
42	234	1
42	196	2
42	393	2
42	368	2
42	173	1
42	155	1
42	65	1
42	51	1
42	354	1
42	186	2
42	49	1
42	219	2
42	157	3
42	104	1
42	78	2
42	162	2
42	332	2
42	95	1
42	153	2
42	184	2
42	251	1
42	130	1
42	54	2
42	336	1
42	139	1
42	100	1
42	294	1
42	208	1
42	172	1
42	230	1
42	261	2
42	306	1
42	286	1
42	112	1
42	378	2
42	70	1
42	249	1
42	124	2
42	82	2
42	59	2
42	300	1
42	215	2
42	93	2
42	283	1
42	132	1
42	259	1
42	333	2
42	161	1
42	233	2
42	52	2
42	274	1
42	369	1
42	75	2
42	115	1
42	50	3
42	364	1
42	46	1
42	254	2
42	331	2
42	121	3
42	182	2
42	117	3
42	244	1
42	47	1
42	152	1
42	310	1
42	250	1
42	96	2
42	223	2
42	200	1
42	247	1
42	181	1
42	84	1
42	229	1
42	158	1
42	87	1
42	376	1
42	71	1
42	110	1
42	122	1
42	133	3
42	324	2
42	222	1
42	156	1
42	280	1
42	216	1
42	337	1
42	263	1
42	240	1
42	242	2
42	273	1
42	338	1
42	271	1
42	61	2
42	63	1
42	213	1
42	276	1
42	214	1
42	204	1
42	339	1
42	231	1
42	164	4
42	98	1
42	220	1
42	236	1
42	90	1
42	127	1
42	365	1
42	89	1
42	67	1
42	123	1
42	272	1
42	316	1
42	187	1
42	317	1
42	285	1
42	72	1
42	325	1
42	257	1
42	397	1
42	83	1
43	224	2
43	210	2
43	154	1
43	287	1
43	398	1
43	128	1
43	114	1
43	59	1
44	235	1
44	213	1
44	152	2
44	129	1
44	234	1
44	308	1
44	131	1
44	384	1
44	194	1
44	214	1
44	78	1
44	54	1
44	313	1
44	57	1
44	357	1
44	119	1
44	239	3
44	169	1
44	75	3
44	179	1
45	140	1
45	159	1
45	180	1
45	274	1
45	68	1
45	213	1
45	241	1
45	79	1
45	103	2
45	86	1
45	225	1
45	398	1
45	147	1
45	81	3
45	210	1
45	56	1
45	97	1
45	162	1
45	141	1
45	211	1
45	80	1
45	122	1
45	266	1
45	60	1
45	223	1
45	148	1
45	212	1
45	191	1
45	195	1
45	244	1
45	117	1
45	271	1
45	112	1
45	372	1
45	276	1
45	90	1
45	380	1
45	365	1
45	167	1
45	309	1
45	371	1
45	280	1
45	221	1
46	68	2
46	116	1
46	163	1
46	235	1
46	190	1
46	284	3
46	85	2
46	298	1
46	185	2
46	159	1
46	125	4
46	134	1
46	221	3
46	169	1
46	330	1
46	349	2
46	105	1
46	295	2
46	314	2
46	287	1
46	131	4
46	128	1
46	79	3
46	267	1
46	384	1
46	194	1
46	148	2
46	97	1
46	151	1
46	234	1
46	196	2
46	393	1
46	368	1
46	173	1
46	155	3
46	65	4
46	51	1
46	354	2
46	186	3
46	49	1
46	219	2
46	157	2
46	104	3
46	78	2
46	162	1
46	332	2
46	95	1
46	153	2
46	184	3
46	251	1
46	130	3
46	54	1
46	336	1
46	139	1
46	100	1
46	294	1
46	208	4
46	172	3
46	230	1
46	261	1
46	306	1
46	286	1
46	112	2
46	378	2
46	70	1
46	249	1
46	124	2
46	82	2
46	59	4
46	300	2
46	215	1
46	93	1
46	283	1
46	132	2
46	259	1
46	333	5
46	161	3
46	233	3
46	52	3
46	274	2
46	369	2
46	75	2
46	115	2
46	50	4
46	364	1
46	254	2
46	331	1
46	121	1
46	182	1
46	61	1
46	90	1
46	164	2
46	389	2
46	257	1
46	365	1
46	48	1
46	313	1
46	281	1
46	72	2
46	63	1
46	322	2
46	302	1
46	183	1
46	99	1
46	166	2
46	347	1
46	222	1
46	360	2
46	272	3
46	285	1
46	250	1
46	140	1
46	220	1
46	316	2
46	74	1
46	262	1
46	89	1
46	212	1
46	213	2
46	373	1
46	171	1
46	377	1
46	118	1
46	252	1
46	324	1
46	335	1
47	117	3
47	116	1
47	244	1
47	163	1
47	235	2
47	152	2
47	298	1
47	310	1
47	250	3
47	96	1
47	223	2
47	200	1
47	393	1
47	368	1
47	247	1
47	181	1
47	84	2
47	229	1
47	158	1
47	219	2
47	157	1
47	87	1
47	376	1
47	332	2
47	184	1
47	71	1
47	110	1
47	122	1
47	59	2
47	133	1
47	215	1
47	324	2
47	222	1
47	333	1
47	156	1
47	280	1
47	233	1
47	216	1
47	75	1
47	337	1
47	263	1
47	254	2
47	121	2
47	240	1
47	159	1
47	131	2
47	148	1
47	196	1
47	155	1
47	242	2
47	186	1
47	389	1
47	162	1
47	100	2
47	261	1
47	225	2
47	300	1
47	309	2
47	166	1
47	259	1
47	195	1
47	218	1
47	125	3
47	77	4
47	399	1
47	231	4
47	81	3
47	189	1
47	82	1
47	220	1
47	232	2
47	210	1
47	108	1
47	276	1
47	264	1
47	143	2
47	145	1
47	322	1
47	54	1
47	197	1
47	62	1
47	67	1
47	313	1
47	55	1
47	170	3
47	169	2
47	58	1
47	64	1
47	83	1
47	150	2
47	204	1
47	286	1
47	171	1
47	175	1
47	344	1
47	85	1
47	178	1
47	284	1
47	241	1
47	165	1
47	146	1
47	302	1
47	279	1
47	331	1
47	248	1
47	66	1
47	69	1
47	205	1
47	89	2
47	329	1
47	68	1
48	61	3
48	85	5
48	185	3
48	90	2
48	125	4
48	221	2
48	349	2
48	295	1
48	314	1
48	131	2
48	148	1
48	155	4
48	65	2
48	354	1
48	186	2
48	164	2
48	389	2
48	257	1
48	332	1
48	153	1
48	184	1
48	130	3
48	208	1
48	172	2
48	112	1
48	378	1
48	365	1
48	82	3
48	300	1
48	333	1
48	313	1
48	161	2
48	233	2
48	281	1
48	369	2
48	75	1
48	72	5
48	50	2
48	254	1
48	367	2
48	243	3
48	393	1
48	302	1
48	352	2
48	169	1
48	362	1
48	322	1
48	133	1
48	105	1
48	96	2
48	51	1
48	78	2
48	135	1
48	100	2
48	306	1
48	124	1
48	159	2
48	267	1
48	59	1
48	324	2
48	236	3
48	240	1
48	182	2
48	251	2
48	81	1
48	364	1
48	84	1
48	397	2
48	52	2
48	106	1
48	117	1
48	284	1
48	154	1
48	350	1
48	137	1
48	57	1
48	276	2
48	165	1
48	309	1
48	99	1
48	64	1
49	126	1
49	213	1
49	310	1
49	125	3
49	169	2
49	131	2
49	200	1
49	128	4
49	79	3
49	181	1
49	354	2
49	186	2
49	219	2
49	87	1
49	347	1
49	162	2
49	95	2
49	153	2
49	184	2
49	127	1
49	251	4
49	288	1
49	54	2
49	100	2
49	294	2
49	208	2
49	378	3
49	124	3
49	167	1
49	89	1
49	192	1
49	132	2
49	377	1
49	259	2
49	333	2
49	236	2
49	360	4
49	302	1
49	272	1
49	369	2
49	331	2
49	121	2
49	240	3
49	182	4
49	117	1
49	145	1
49	163	2
49	170	1
49	250	2
49	77	1
49	223	1
49	103	1
49	84	2
49	297	1
49	82	2
49	59	3
49	52	3
49	50	2
49	254	3
49	83	1
49	68	1
49	116	1
49	235	1
49	190	1
49	284	1
49	85	2
49	298	1
49	185	1
49	159	2
49	134	2
49	221	1
49	330	1
49	349	2
49	105	1
49	295	1
49	314	1
49	287	1
49	267	1
49	384	1
49	194	2
49	148	1
49	97	1
49	151	2
49	234	1
49	196	1
49	393	1
49	368	1
49	173	1
49	155	1
49	65	1
49	51	1
49	157	1
49	104	1
49	78	1
49	332	1
49	130	2
49	336	1
49	139	1
49	172	1
49	230	1
49	261	1
49	306	1
49	286	1
49	112	1
49	70	1
49	249	1
49	300	1
49	215	1
49	93	1
49	283	1
49	161	1
49	233	1
49	274	1
49	75	1
49	115	1
49	364	1
49	63	1
49	207	2
49	214	1
49	133	1
49	72	1
49	119	1
49	143	2
49	154	1
50	117	3
50	145	1
50	163	4
50	170	1
50	250	2
50	77	2
50	223	2
50	128	3
50	103	1
50	84	1
50	297	1
50	378	7
50	82	6
50	59	3
50	360	1
50	52	11
50	254	5
50	83	3
50	240	1
50	61	4
50	245	1
50	221	5
50	105	4
50	287	3
50	200	1
50	155	8
50	383	1
50	65	9
50	186	16
50	104	4
50	172	5
50	280	2
50	74	4
50	369	4
50	364	5
50	213	1
50	284	6
50	228	4
50	185	4
50	367	4
50	207	3
50	349	6
50	96	3
50	314	5
50	131	8
50	79	6
50	97	4
50	151	4
50	234	3
50	242	1
50	162	5
50	184	6
50	76	1
50	100	7
50	208	4
50	167	2
50	132	5
50	272	2
50	233	6
50	331	4
50	121	4
50	68	3
50	116	2
50	235	2
50	190	2
50	85	4
50	298	4
50	159	4
50	125	7
50	134	5
50	169	5
50	330	3
50	295	3
50	267	2
50	384	2
50	194	3
50	148	5
50	196	4
50	393	4
50	368	3
50	173	4
50	51	1
50	354	5
50	219	3
50	157	5
50	78	3
50	332	2
50	95	1
50	153	4
50	251	3
50	130	8
50	54	2
50	336	1
50	139	2
50	294	1
50	230	2
50	261	2
50	306	1
50	286	1
50	112	5
50	70	2
50	249	2
50	124	3
50	300	3
50	215	1
50	93	1
50	283	1
50	259	2
50	333	2
50	161	6
50	274	3
50	75	4
50	115	1
50	182	5
50	214	4
50	350	2
50	122	3
50	62	1
50	211	1
50	317	2
50	373	1
50	227	2
50	178	2
50	90	3
50	129	1
50	203	1
50	262	2
50	362	2
50	225	3
50	220	2
50	133	1
50	89	2
50	192	1
50	309	1
50	324	2
50	377	2
50	236	6
50	216	1
50	175	1
50	164	5
50	389	1
50	257	2
50	365	3
50	313	3
50	281	1
50	72	3
50	123	3
50	276	2
50	154	2
50	397	1
50	363	1
50	366	1
50	376	1
50	343	1
50	150	1
50	341	1
50	66	1
50	81	1
50	63	4
50	142	1
50	311	1
50	361	1
50	137	1
50	329	1
50	57	1
50	206	1
50	316	2
50	138	1
50	372	1
50	55	1
50	127	1
50	67	1
50	187	2
50	118	1
50	158	1
50	156	1
50	241	1
50	232	1
50	204	1
50	171	1
51	68	1
51	116	1
51	163	1
51	235	1
51	190	1
51	284	1
51	85	3
51	298	1
51	185	2
51	159	1
51	125	1
51	134	2
51	221	1
51	169	2
51	330	1
51	349	1
51	105	3
51	295	1
51	314	1
51	287	2
51	131	1
51	128	1
51	79	3
51	267	1
51	384	1
51	194	1
51	148	1
51	97	1
51	151	1
51	234	1
51	196	1
51	393	2
51	368	1
51	173	1
51	155	3
51	65	1
51	354	1
51	186	2
51	219	1
51	157	1
51	104	1
51	78	2
51	162	1
51	332	1
51	95	1
51	153	1
51	184	1
51	251	1
51	130	1
51	54	1
51	336	1
51	139	1
51	100	2
51	294	1
51	208	1
51	172	1
51	230	1
51	261	1
51	306	2
51	286	1
51	112	1
51	378	1
51	70	1
51	249	1
51	124	2
51	82	2
51	59	1
51	300	1
51	215	1
51	93	2
51	283	1
51	132	1
51	259	2
51	333	1
51	161	2
51	233	1
51	52	1
51	274	1
51	369	1
51	75	1
51	115	1
51	364	1
51	254	1
51	331	1
51	121	1
51	182	1
51	262	1
51	243	1
51	96	2
51	389	1
51	135	1
51	270	1
51	122	1
51	150	1
51	63	1
51	86	1
51	187	1
51	117	1
51	154	1
51	74	1
51	357	1
51	57	1
51	391	1
52	117	6
52	145	1
52	163	3
52	170	1
52	250	2
52	77	1
52	223	2
52	128	4
52	103	1
52	84	3
52	297	2
52	378	4
52	82	3
52	59	3
52	360	1
52	254	3
52	83	2
52	240	2
52	108	1
52	96	2
52	148	5
52	155	5
52	214	6
52	229	1
52	57	3
52	369	2
52	68	3
52	116	2
52	235	1
52	190	1
52	284	2
52	85	3
52	298	1
52	185	3
52	159	3
52	125	3
52	134	2
52	221	3
52	169	2
52	330	2
52	349	5
52	105	1
52	295	1
52	314	2
52	287	1
52	131	2
52	79	2
52	267	1
52	384	1
52	194	3
52	97	1
52	151	1
52	234	2
52	196	1
52	393	1
52	368	1
52	173	3
52	65	5
52	354	2
52	186	4
52	219	1
52	157	4
52	104	1
52	78	4
52	162	2
52	332	1
52	95	2
52	153	4
52	184	1
52	251	2
52	130	2
52	54	3
52	336	3
52	139	1
52	100	4
52	294	1
52	208	1
52	172	1
52	230	1
52	261	1
52	306	2
52	286	1
52	112	2
52	70	1
52	249	2
52	124	3
52	300	2
52	215	1
52	93	1
52	283	1
52	132	2
52	259	2
52	333	1
52	161	2
52	233	1
52	274	3
52	75	2
52	115	1
52	364	2
52	331	3
52	121	3
52	182	3
52	61	3
52	228	2
52	367	3
52	350	2
52	122	2
52	62	2
52	211	2
52	74	1
52	317	2
52	373	3
52	227	2
52	181	1
52	149	1
52	87	2
52	339	1
52	86	1
52	239	1
52	91	1
52	137	2
52	166	1
52	236	3
52	232	2
52	216	1
52	187	4
52	55	1
52	63	3
52	207	5
52	321	2
52	154	2
52	348	1
52	389	1
52	127	2
52	322	1
52	365	2
52	133	2
52	324	1
52	397	3
52	72	1
52	106	1
52	359	1
52	363	1
52	395	1
52	273	1
52	375	1
52	335	1
52	243	1
52	90	1
52	164	3
52	89	1
52	67	1
52	123	2
52	272	2
52	316	1
52	213	2
52	156	1
52	241	1
52	225	1
52	150	1
52	257	1
52	109	1
52	245	1
52	242	1
52	280	1
52	175	1
52	178	1
53	56	1
53	85	1
53	60	1
53	200	1
53	368	1
53	362	1
53	395	1
53	180	1
53	103	1
53	354	1
53	104	1
53	127	1
53	66	1
53	141	1
53	261	1
53	378	1
53	343	2
53	133	1
53	212	2
53	231	1
53	377	1
53	259	1
53	236	2
53	281	1
53	263	1
53	63	1
53	285	1
53	181	1
53	289	2
53	164	1
53	59	2
53	123	2
53	245	1
53	168	1
53	244	1
53	144	1
53	77	1
53	314	1
53	268	1
53	68	6
53	65	1
53	162	1
53	111	1
53	230	1
53	83	1
53	234	1
53	186	1
53	157	1
53	177	2
53	363	1
53	108	1
53	316	3
53	142	1
53	251	1
53	216	1
53	119	1
53	87	1
54	126	1
54	213	2
54	310	2
54	125	6
54	169	3
54	131	4
54	200	1
54	128	2
54	79	2
54	181	2
54	354	2
54	186	3
54	219	2
54	87	2
54	347	1
54	162	4
54	95	3
54	153	4
54	184	4
54	127	1
54	251	3
54	288	2
54	100	4
54	294	2
54	208	2
54	378	4
54	124	2
54	167	1
54	89	1
54	192	1
54	132	5
54	377	1
54	259	4
54	333	2
54	236	3
54	360	1
54	302	1
54	272	1
54	369	2
54	331	3
54	121	4
54	240	2
54	182	3
54	68	1
54	116	2
54	163	2
54	235	1
54	190	2
54	284	1
54	85	3
54	298	2
54	185	1
54	159	1
54	134	1
54	221	3
54	330	2
54	349	2
54	105	1
54	295	1
54	314	1
54	287	2
54	267	1
54	384	3
54	194	3
54	148	1
54	97	2
54	151	3
54	234	1
54	196	1
54	393	3
54	368	1
54	173	3
54	155	3
54	65	3
54	157	2
54	104	1
54	78	5
54	332	1
54	130	2
54	336	1
54	139	1
54	172	2
54	230	2
54	261	2
54	306	1
54	286	1
54	112	3
54	70	1
54	249	1
54	82	4
54	59	1
54	300	2
54	215	1
54	93	1
54	283	1
54	161	2
54	233	2
54	274	2
54	75	3
54	115	1
54	364	1
54	254	2
54	218	1
54	266	1
54	228	1
54	285	1
54	129	1
54	250	3
54	395	2
54	322	1
54	177	1
54	385	1
54	137	4
54	356	1
54	315	1
54	263	1
54	55	3
54	117	4
54	367	1
54	149	1
54	339	2
54	297	1
54	86	1
54	239	1
54	91	1
54	166	1
54	232	1
54	216	1
54	187	1
54	83	1
54	334	1
54	193	1
54	350	1
54	225	2
54	371	1
54	145	1
54	138	3
54	160	1
54	191	1
54	176	1
54	81	1
54	108	1
54	154	1
54	77	2
54	231	3
54	62	3
54	373	2
54	387	2
54	63	2
54	142	1
54	311	1
54	361	1
54	313	3
54	329	1
54	214	2
54	57	1
54	357	1
54	119	1
54	223	1
54	383	1
54	111	1
54	363	2
54	271	1
54	61	3
54	276	1
54	96	1
54	204	1
54	197	1
54	67	1
54	207	1
54	242	1
54	278	1
54	241	1
54	290	1
55	245	2
55	125	2
55	218	1
55	266	1
55	228	1
55	310	1
55	285	1
55	129	1
55	250	3
55	395	1
55	162	1
55	251	1
55	322	1
55	177	1
55	385	1
55	137	7
55	356	1
55	132	2
55	315	1
55	263	1
55	254	1
55	240	1
55	117	5
55	116	1
55	367	1
55	173	1
55	65	1
55	181	1
55	149	1
55	87	2
55	78	3
55	339	1
55	95	1
55	297	1
55	153	3
55	86	1
55	100	1
55	239	1
55	91	1
55	300	1
55	166	1
55	259	1
55	236	1
55	232	1
55	274	1
55	216	1
55	75	1
55	187	1
55	83	2
55	113	1
55	169	2
55	154	3
55	325	1
55	148	3
55	151	1
55	368	1
55	362	1
55	354	2
55	350	2
55	104	2
55	130	2
55	66	1
55	261	1
55	352	1
55	192	1
55	372	2
55	371	1
55	280	2
55	57	2
55	364	1
55	227	1
55	108	1
55	243	1
55	97	3
55	92	1
55	347	1
55	212	3
55	175	1
55	331	1
55	77	2
55	225	1
55	197	1
55	231	1
55	62	1
55	67	1
55	313	1
55	244	2
55	102	1
55	85	2
55	80	1
55	165	1
55	138	1
55	63	1
55	349	1
55	384	1
55	196	1
55	393	1
55	155	1
55	214	1
55	122	1
55	82	2
55	233	1
55	74	1
55	304	2
55	307	1
55	264	2
55	387	3
55	256	1
55	229	1
55	369	1
55	136	1
55	171	1
55	258	1
55	275	1
55	200	1
55	68	1
55	61	1
55	180	1
55	288	1
55	399	1
55	81	1
55	213	1
55	241	1
55	257	1
56	85	1
56	60	3
56	200	1
56	368	1
56	362	1
56	395	1
56	180	8
56	103	1
56	354	1
56	104	1
56	127	1
56	66	1
56	141	2
56	261	2
56	378	1
56	343	1
56	133	1
56	212	2
56	231	1
56	377	1
56	259	2
56	236	1
56	281	2
56	263	2
56	270	1
56	315	1
56	97	2
56	162	1
56	211	2
56	239	1
56	83	3
56	250	1
56	369	1
56	332	1
56	89	1
56	337	1
56	170	1
56	98	1
56	218	1
56	237	1
56	129	1
56	192	1
56	216	1
56	143	1
56	213	1
56	358	1
56	67	1
56	165	1
56	148	1
56	92	1
56	171	1
56	352	1
56	166	1
56	57	1
57	108	3
57	96	2
57	148	4
57	155	4
57	214	3
57	229	1
57	369	1
57	68	1
57	85	2
57	185	3
57	221	3
57	207	5
57	149	2
57	78	3
57	378	1
57	167	3
57	137	6
57	364	3
57	125	1
57	162	1
57	212	3
57	329	1
57	117	4
57	61	2
57	63	2
57	154	3
57	128	1
57	194	2
57	348	1
57	84	1
57	389	2
57	127	1
57	322	1
57	124	2
57	365	1
57	321	1
57	133	1
57	236	1
57	211	1
57	240	1
57	113	1
57	169	1
57	325	1
57	151	2
57	368	1
57	362	1
57	354	3
57	350	3
57	87	1
57	104	1
57	153	1
57	130	3
57	66	1
57	261	2
57	352	2
57	192	1
57	372	2
57	371	1
57	280	2
57	227	1
57	83	1
57	131	1
57	384	1
57	313	1
57	357	1
57	119	1
57	349	2
57	219	1
57	206	1
57	182	1
57	224	1
57	243	2
57	97	1
57	92	3
57	347	1
57	175	2
57	284	1
57	397	1
57	250	1
57	386	1
57	281	1
57	143	1
57	346	1
57	223	2
57	231	1
57	226	1
57	233	1
57	258	1
57	165	1
57	171	2
57	166	1
57	332	1
57	309	1
57	80	1
57	252	1
57	163	1
57	336	1
57	141	1
57	74	2
57	381	1
57	82	1
57	102	1
57	299	1
57	276	1
58	84	4
58	235	1
58	170	2
58	169	1
58	64	1
58	83	1
58	174	1
58	393	1
58	323	1
58	96	1
59	117	3
59	145	3
59	163	4
59	170	1
59	250	4
59	77	3
59	223	2
59	128	2
59	103	1
59	84	2
59	297	1
59	378	2
59	82	5
59	360	3
59	254	4
59	83	1
59	240	4
59	332	3
59	187	1
59	68	2
59	116	2
59	235	2
59	190	1
59	284	2
59	85	2
59	298	2
59	185	1
59	159	4
59	125	8
59	134	1
59	221	2
59	169	3
59	330	1
59	349	1
59	105	1
59	295	1
59	314	3
59	287	1
59	131	2
59	79	1
59	267	2
59	384	1
59	194	1
59	148	1
59	97	1
59	151	1
59	234	2
59	196	1
59	393	2
59	368	3
59	173	2
59	155	1
59	65	1
59	354	2
59	186	4
59	219	3
59	157	4
59	104	2
59	78	1
59	162	2
59	95	1
59	153	1
59	184	2
59	251	1
59	130	1
59	336	2
59	139	2
59	100	1
59	294	2
59	208	1
59	172	3
59	230	1
59	261	1
59	306	1
59	286	1
59	112	2
59	70	1
59	249	2
59	124	2
59	300	2
59	215	2
59	93	1
59	283	1
59	132	2
59	259	1
59	333	2
59	161	1
59	233	2
59	274	1
59	369	1
59	75	2
59	115	1
59	364	1
59	331	1
59	121	4
59	182	5
59	244	1
59	152	1
59	310	1
59	96	1
59	200	1
59	247	1
59	181	2
59	229	1
59	158	1
59	87	3
59	376	1
59	71	1
59	110	1
59	122	1
59	133	1
59	324	3
59	222	2
59	156	1
59	280	2
59	216	1
59	337	1
59	263	1
59	218	2
59	399	2
59	231	1
59	81	1
59	381	1
59	350	1
59	94	1
59	278	2
59	352	1
59	236	4
59	72	2
59	138	10
59	245	1
59	348	1
59	150	1
59	276	1
59	243	1
59	197	1
59	371	2
59	175	2
59	347	2
59	272	2
59	395	1
59	273	1
59	375	1
59	335	1
59	63	1
59	285	1
59	289	1
59	164	3
59	123	1
59	302	1
59	127	1
59	171	2
59	89	1
59	322	1
59	177	1
59	363	1
59	343	1
59	195	1
59	362	1
59	311	1
59	119	1
59	307	2
59	213	2
59	257	1
59	252	1
59	146	1
59	140	1
59	102	1
59	160	1
59	387	1
59	60	1
59	86	1
59	237	1
59	228	1
59	214	1
59	264	1
59	99	2
59	210	1
59	232	1
59	389	1
60	85	1
60	200	1
60	368	1
60	362	1
60	395	1
60	180	2
60	103	2
60	354	1
60	104	1
60	127	1
60	66	1
60	141	1
60	261	1
60	378	1
60	343	1
60	133	1
60	212	3
60	231	1
60	377	1
60	259	1
60	236	1
60	281	1
60	263	1
60	138	2
60	154	2
60	81	5
60	270	1
60	315	1
60	266	1
60	223	1
60	148	1
60	191	1
60	195	1
60	83	1
60	250	3
60	117	1
60	304	1
60	225	2
60	102	1
60	80	1
60	107	1
60	399	1
61	117	6
61	102	2
61	63	3
61	245	4
61	228	4
61	200	2
61	69	2
61	352	1
61	300	2
61	369	4
61	364	3
61	387	1
61	121	4
61	185	2
61	349	6
61	104	2
61	74	3
61	207	5
61	155	6
61	242	3
61	84	2
61	130	4
61	111	1
61	124	4
61	343	1
61	215	1
61	360	1
61	319	1
61	373	2
61	221	2
61	105	2
61	287	1
61	383	2
61	65	3
61	186	2
61	172	3
61	280	1
61	154	4
61	68	3
61	85	5
61	367	2
61	330	1
61	148	4
61	214	3
61	350	1
61	153	2
61	122	1
61	62	4
61	211	2
61	317	1
61	227	1
61	90	1
61	125	2
61	295	1
61	314	1
61	131	1
61	354	1
61	164	2
61	389	2
61	257	1
61	332	1
61	184	1
61	208	1
61	112	1
61	378	2
61	365	2
61	82	2
61	333	1
61	313	1
61	161	1
61	233	1
61	281	1
61	75	1
61	72	1
61	254	2
61	140	1
61	203	1
61	262	3
61	250	2
61	87	2
61	162	1
61	225	3
61	263	1
61	244	2
61	128	1
61	194	1
61	348	1
61	127	1
61	322	1
61	321	1
61	133	2
61	236	1
61	240	1
61	86	1
61	167	3
61	218	1
61	341	1
61	395	1
61	64	2
61	302	1
61	150	1
61	83	1
61	271	1
61	213	1
61	276	2
61	96	1
61	204	1
61	339	1
61	261	1
61	231	1
61	331	1
61	78	1
61	234	1
61	243	2
61	311	2
61	220	1
61	93	1
61	165	1
61	100	1
61	309	1
61	175	2
61	241	1
61	106	1
61	181	1
61	272	1
61	315	1
61	251	1
61	151	1
61	182	1
61	113	1
61	170	1
61	77	1
61	212	1
61	159	1
61	318	1
61	307	1
61	107	1
61	193	1
61	301	1
61	94	1
62	178	1
62	241	1
62	148	2
62	107	1
62	86	2
62	212	1
62	68	2
62	85	2
62	228	1
62	367	1
62	330	1
62	214	1
62	65	1
62	350	1
62	153	1
62	122	1
62	211	1
62	74	1
62	317	1
62	373	2
62	227	1
62	121	1
62	250	3
62	395	1
62	289	1
62	130	1
62	76	1
62	140	1
62	125	4
62	203	2
62	262	2
62	154	3
62	87	3
62	162	1
62	225	5
62	263	1
62	200	1
62	138	1
62	108	1
62	77	2
62	155	1
62	184	1
62	172	1
62	112	1
62	82	1
62	231	2
62	387	1
62	117	2
62	197	1
62	67	1
62	313	1
62	397	1
62	234	1
62	145	1
62	287	1
62	132	1
62	83	1
62	245	1
62	348	1
62	361	1
62	72	1
62	364	1
62	257	1
62	109	1
62	92	2
62	344	1
62	304	1
62	160	2
62	254	2
62	256	1
62	134	1
62	294	1
62	105	1
63	117	4
63	102	1
63	245	1
63	228	1
63	200	1
63	69	1
63	352	1
63	300	1
63	369	2
63	364	1
63	387	1
63	121	3
63	240	2
63	207	4
63	349	3
63	128	2
63	321	3
63	154	2
63	194	4
63	148	2
63	155	3
63	348	2
63	214	4
63	84	1
63	389	1
63	127	1
63	322	1
63	124	1
63	365	1
63	133	2
63	236	3
63	211	1
63	125	3
63	137	2
63	163	1
63	190	1
63	298	2
63	221	1
63	142	1
63	169	2
63	330	1
63	287	1
63	131	2
63	97	2
63	151	2
63	393	2
63	173	1
63	65	1
63	186	2
63	311	1
63	157	1
63	78	2
63	361	1
63	184	1
63	130	5
63	100	1
63	230	1
63	112	1
63	378	1
63	82	3
63	132	3
63	259	1
63	313	1
63	161	1
63	233	2
63	75	1
63	329	1
63	182	2
63	85	1
63	219	1
63	167	1
63	206	1
63	90	1
63	134	2
63	122	2
63	397	3
63	271	1
63	213	1
63	276	1
63	96	1
63	204	1
63	339	1
63	261	1
63	231	1
63	331	1
63	285	1
63	181	1
63	289	1
63	164	1
63	123	1
63	79	1
63	171	1
63	138	1
63	384	1
63	196	1
63	350	1
63	372	1
63	280	1
63	74	1
63	380	1
63	87	1
63	162	1
63	116	1
63	284	2
63	158	1
63	197	1
63	67	1
63	254	1
63	153	1
63	118	1
63	175	1
63	239	1
63	193	1
64	218	1
64	341	1
64	395	1
64	172	1
64	378	2
64	124	1
64	167	1
64	133	1
64	302	1
64	150	2
64	369	1
64	254	1
64	83	2
64	235	1
64	170	2
64	169	1
64	84	1
64	90	1
64	161	1
64	113	1
64	77	2
64	242	1
64	364	1
64	233	1
64	155	1
64	96	1
64	162	1
64	126	1
64	85	1
64	276	1
64	223	1
64	128	1
64	307	1
64	249	1
64	82	1
64	93	1
64	67	1
64	397	1
64	280	1
64	253	1
65	245	2
65	221	6
65	105	5
65	287	3
65	200	1
65	155	6
65	383	1
65	186	8
65	104	2
65	172	4
65	280	2
65	74	3
65	369	3
65	364	3
65	213	2
65	284	2
65	228	2
65	185	4
65	367	4
65	207	4
65	349	6
65	96	3
65	314	4
65	131	8
65	79	4
65	97	4
65	151	4
65	234	4
65	242	3
65	162	4
65	184	4
65	76	1
65	100	5
65	208	4
65	167	1
65	132	5
65	272	1
65	233	6
65	331	3
65	121	4
65	68	4
65	116	2
65	163	2
65	235	1
65	190	3
65	85	3
65	298	3
65	159	2
65	125	4
65	134	3
65	169	3
65	330	3
65	295	3
65	128	1
65	267	2
65	384	1
65	194	2
65	148	6
65	196	2
65	393	2
65	368	2
65	173	5
65	354	3
65	219	2
65	157	3
65	78	3
65	332	2
65	95	2
65	153	4
65	251	3
65	130	5
65	336	1
65	139	2
65	294	1
65	230	3
65	261	2
65	306	2
65	286	1
65	112	5
65	378	6
65	70	2
65	249	1
65	124	3
65	82	3
65	300	4
65	215	1
65	93	1
65	283	1
65	259	3
65	333	3
65	161	4
65	274	8
65	75	5
65	115	1
65	254	4
65	182	4
65	343	2
65	192	2
65	309	2
65	232	2
65	214	1
65	350	2
65	122	1
65	211	1
65	317	1
65	373	2
65	227	1
65	178	2
65	90	2
65	129	1
65	203	1
65	262	1
65	362	1
65	225	1
65	220	1
65	133	1
65	89	1
65	324	3
65	377	1
65	236	5
65	216	2
65	83	3
65	175	2
65	117	1
65	181	1
65	149	1
65	87	1
65	339	1
65	297	1
65	86	1
65	239	1
65	91	1
65	137	2
65	166	1
65	187	1
65	164	2
65	389	2
65	257	2
65	365	2
65	313	2
65	281	1
65	72	2
65	322	1
65	302	1
65	183	1
65	99	1
65	366	2
65	376	1
65	341	3
65	66	2
65	77	1
65	381	1
65	199	1
65	394	1
65	135	1
65	372	1
65	252	1
65	397	2
65	386	1
65	81	1
65	106	2
65	84	1
65	142	1
65	311	1
65	361	1
65	329	1
65	111	1
65	360	1
66	340	1
66	85	1
66	200	1
66	368	2
66	362	2
66	395	1
66	180	1
66	103	1
66	354	2
66	104	2
66	127	1
66	141	2
66	261	3
66	378	1
66	343	1
66	133	1
66	212	1
66	231	1
66	377	2
66	259	1
66	236	2
66	281	2
66	263	1
66	223	1
66	188	1
66	83	3
66	243	1
66	334	2
66	79	1
66	151	2
66	99	1
66	373	1
66	185	1
66	164	1
66	93	1
66	233	1
66	117	1
66	113	1
66	169	1
66	154	1
66	325	2
66	148	2
66	350	1
66	87	1
66	78	1
66	153	1
66	130	2
66	352	1
66	192	1
66	137	1
66	372	1
66	371	1
66	280	1
66	364	1
66	227	1
66	68	4
66	125	1
66	134	2
66	105	1
66	341	1
66	173	1
66	186	1
66	257	1
66	112	1
66	70	1
66	324	1
66	274	1
66	254	2
66	96	3
66	289	2
66	162	1
66	290	1
66	67	1
66	315	2
66	245	1
66	207	1
66	264	1
66	143	1
66	170	1
66	131	2
66	248	2
66	360	1
66	302	2
66	381	1
66	74	1
66	187	1
66	129	1
66	311	1
66	183	1
66	119	1
66	150	1
66	276	1
66	383	1
66	389	1
66	184	1
66	394	1
66	175	1
66	239	1
67	344	1
67	347	1
67	162	3
67	100	1
67	225	3
67	220	1
67	272	2
67	68	1
67	96	1
67	289	2
67	290	1
67	315	1
67	117	3
67	250	1
67	77	1
67	197	2
67	231	1
67	313	1
67	90	1
67	159	1
67	125	2
67	134	2
67	131	1
67	223	2
67	186	2
67	164	1
67	157	1
67	153	1
67	127	1
67	124	2
67	365	1
67	89	1
67	123	1
67	316	1
67	187	1
67	317	1
67	182	1
67	83	2
67	321	1
67	397	2
67	254	1
67	126	1
67	85	1
67	276	1
67	128	1
67	307	2
67	378	1
67	249	1
67	82	1
67	93	1
67	280	1
67	150	1
67	253	1
67	294	2
67	147	1
67	167	1
67	309	2
67	368	1
67	324	1
67	88	1
67	228	1
67	107	1
67	139	1
67	137	1
67	319	1
67	216	1
67	152	1
67	346	1
67	285	1
67	301	1
67	354	1
67	188	1
68	116	2
68	163	2
68	235	2
68	190	1
68	284	1
68	85	20
68	298	1
68	185	2
68	159	1
68	125	2
68	134	2
68	221	2
68	169	1
68	330	2
68	349	1
68	105	2
68	295	1
68	314	1
68	287	1
68	131	2
68	128	1
68	79	2
68	267	1
68	384	1
68	194	1
68	148	5
68	97	1
68	151	1
68	234	3
68	196	1
68	393	1
68	368	2
68	173	2
68	155	1
68	354	2
68	186	2
68	219	1
68	157	2
68	104	3
68	78	2
68	162	2
68	332	1
68	95	1
68	153	3
68	184	1
68	251	1
68	130	2
68	336	1
68	139	1
68	100	1
68	294	1
68	208	1
68	172	1
68	230	1
68	261	1
68	306	2
68	286	1
68	112	2
68	378	4
68	70	2
68	249	1
68	124	1
68	82	1
68	300	1
68	215	1
68	93	1
68	283	1
68	132	1
68	259	1
68	333	1
68	161	1
68	233	1
68	274	3
68	369	1
68	75	1
68	115	1
68	364	2
68	254	2
68	331	1
68	121	2
68	182	1
68	228	1
68	367	2
68	214	1
68	350	1
68	122	1
68	211	2
68	74	1
68	317	1
68	373	1
68	227	2
68	207	1
68	149	1
68	167	1
68	137	1
68	315	3
68	165	2
68	213	1
68	241	1
68	103	1
68	86	1
68	225	1
68	398	1
68	147	1
68	81	1
68	341	1
68	257	1
68	324	1
68	236	1
68	83	1
68	276	1
68	243	1
68	96	3
68	289	1
68	290	1
68	80	1
68	141	2
68	222	1
68	377	1
68	237	1
68	210	1
68	273	1
68	245	1
68	242	1
68	164	1
68	280	1
68	175	1
68	123	1
68	216	2
68	119	2
68	244	1
68	212	2
68	92	1
68	360	1
68	302	1
68	107	2
68	322	2
68	77	1
68	218	1
68	250	1
68	362	1
68	316	1
69	117	1
69	102	1
69	245	1
69	228	1
69	200	1
69	352	2
69	300	1
69	369	1
69	364	2
69	387	1
69	121	1
69	190	1
69	178	1
69	169	2
69	361	1
69	332	1
69	321	1
69	119	1
69	244	1
69	162	1
69	322	1
69	278	1
69	225	1
69	323	1
69	287	1
69	148	1
69	149	1
69	122	1
69	137	2
69	237	1
69	258	1
69	235	1
69	154	1
69	341	1
69	133	1
69	205	1
69	89	1
69	329	1
69	77	1
70	116	1
70	163	2
70	235	1
70	190	1
70	284	1
70	85	1
70	298	1
70	185	1
70	159	1
70	125	2
70	134	2
70	221	1
70	169	1
70	330	1
70	349	1
70	105	2
70	295	1
70	314	2
70	287	1
70	131	1
70	128	1
70	79	1
70	267	1
70	384	1
70	194	1
70	148	2
70	97	1
70	151	1
70	234	1
70	196	1
70	393	1
70	368	1
70	173	2
70	155	1
70	354	1
70	186	2
70	219	1
70	157	1
70	104	1
70	78	1
70	162	1
70	332	2
70	95	1
70	153	2
70	184	1
70	251	1
70	130	2
70	336	1
70	139	1
70	100	1
70	294	1
70	208	1
70	172	1
70	230	2
70	261	2
70	306	1
70	286	1
70	112	2
70	378	1
70	249	1
70	124	1
70	82	1
70	300	1
70	215	1
70	93	1
70	283	1
70	132	1
70	259	1
70	333	1
70	161	1
70	233	1
70	274	3
70	369	1
70	75	1
70	115	1
70	364	1
70	254	2
70	331	1
70	121	1
70	182	1
70	341	1
70	257	1
70	324	1
70	236	1
70	83	1
70	171	1
70	168	2
70	89	1
70	212	1
70	137	1
71	117	1
71	116	1
71	244	1
71	163	1
71	235	1
71	152	2
71	298	1
71	310	1
71	250	2
71	96	1
71	223	2
71	200	1
71	393	1
71	368	1
71	247	1
71	181	1
71	84	1
71	229	1
71	158	1
71	219	1
71	157	2
71	87	1
71	376	1
71	332	1
71	184	1
71	110	1
71	122	1
71	133	1
71	215	1
71	324	1
71	222	1
71	333	1
71	156	1
71	280	1
71	233	1
71	216	1
71	75	2
71	337	1
71	263	2
71	254	1
71	121	2
71	240	1
71	213	1
71	90	1
71	285	1
71	349	1
71	314	1
71	267	1
71	234	1
71	390	1
71	323	1
71	329	1
71	88	1
71	218	1
71	113	1
71	251	1
71	237	1
71	77	2
71	220	1
71	300	1
71	230	1
71	291	1
71	175	1
72	85	1
72	185	1
72	90	2
72	125	5
72	221	1
72	349	1
72	295	1
72	314	1
72	131	3
72	148	1
72	155	2
72	354	1
72	186	4
72	164	1
72	389	1
72	257	1
72	332	1
72	153	1
72	184	3
72	130	1
72	208	1
72	172	3
72	112	1
72	378	1
72	365	1
72	82	1
72	300	1
72	333	2
72	313	1
72	161	2
72	233	2
72	281	1
72	369	1
72	75	1
72	254	2
72	163	1
72	276	1
72	154	1
72	250	1
72	214	1
72	104	1
72	397	2
72	159	4
72	267	1
72	324	3
72	236	4
72	240	2
72	182	4
72	138	1
72	245	1
72	348	1
72	251	3
72	81	1
72	364	2
72	84	1
72	106	1
72	79	2
72	360	2
72	87	1
72	224	1
72	288	1
72	220	2
72	192	1
72	175	2
72	285	1
72	133	1
72	157	1
72	109	1
72	299	1
73	108	1
73	114	2
73	210	1
73	337	1
73	396	2
73	128	1
73	224	1
73	302	1
73	256	1
74	185	1
74	349	2
74	104	2
74	245	2
74	221	2
74	105	1
74	287	1
74	200	1
74	155	3
74	383	1
74	186	1
74	172	2
74	280	2
74	369	1
74	364	1
74	85	2
74	228	1
74	367	1
74	330	1
74	148	2
74	214	2
74	350	3
74	153	1
74	122	2
74	211	1
74	317	1
74	373	2
74	227	1
74	121	1
74	381	2
74	298	1
74	159	1
74	199	1
74	196	3
74	366	1
74	394	1
74	135	1
74	112	1
74	300	1
74	372	2
74	252	1
74	397	2
74	386	2
74	161	1
74	81	1
74	106	1
74	140	2
74	79	1
74	78	3
74	130	1
74	208	1
74	220	2
74	316	1
74	117	3
74	138	2
74	169	2
74	154	2
74	384	1
74	97	1
74	393	1
74	82	1
74	233	2
74	276	1
74	368	1
74	362	1
74	204	1
74	164	1
74	225	1
74	377	1
74	141	1
74	207	1
74	137	1
74	334	1
74	248	1
74	187	1
74	91	1
74	163	1
74	363	1
74	215	1
74	226	1
75	116	4
75	163	3
75	235	2
75	190	2
75	284	1
75	85	2
75	298	3
75	185	2
75	159	1
75	125	3
75	134	2
75	221	4
75	169	3
75	330	2
75	349	3
75	105	2
75	295	3
75	314	4
75	287	2
75	131	4
75	128	1
75	79	2
75	267	3
75	384	1
75	194	2
75	148	2
75	97	2
75	151	2
75	234	3
75	196	1
75	393	3
75	368	3
75	173	4
75	155	3
75	354	3
75	186	4
75	219	3
75	157	4
75	104	1
75	78	3
75	162	2
75	332	3
75	95	2
75	153	3
75	184	4
75	251	2
75	130	4
75	336	1
75	139	2
75	100	4
75	294	1
75	208	3
75	172	3
75	230	2
75	261	3
75	306	1
75	286	1
75	112	3
75	378	4
75	249	1
75	124	2
75	82	3
75	300	3
75	215	2
75	93	1
75	283	2
75	132	4
75	259	3
75	333	3
75	161	3
75	233	4
75	274	3
75	369	2
75	115	1
75	364	1
75	254	4
75	331	1
75	121	3
75	182	3
75	117	2
75	244	1
75	152	2
75	310	1
75	250	2
75	96	4
75	223	2
75	200	1
75	247	1
75	181	2
75	84	1
75	229	1
75	158	1
75	87	2
75	376	1
75	110	1
75	122	1
75	133	3
75	324	2
75	222	1
75	156	2
75	280	1
75	216	3
75	337	1
75	263	2
75	240	1
75	178	1
75	90	3
75	129	1
75	203	1
75	262	1
75	362	1
75	225	1
75	220	1
75	89	1
75	192	1
75	309	1
75	377	2
75	236	3
75	83	2
75	175	1
75	213	1
75	285	1
75	390	1
75	323	1
75	329	2
75	367	1
75	149	1
75	339	1
75	297	1
75	86	1
75	239	3
75	91	1
75	137	3
75	166	1
75	232	1
75	187	1
75	164	1
75	389	1
75	257	1
75	365	1
75	313	2
75	281	1
75	142	1
75	311	1
75	361	1
75	145	1
75	179	1
75	160	1
75	335	1
76	213	1
76	284	1
76	228	1
76	185	1
76	367	1
76	207	1
76	349	1
76	96	1
76	314	1
76	131	1
76	79	1
76	97	1
76	151	1
76	234	1
76	155	1
76	242	1
76	162	1
76	184	1
76	100	1
76	208	1
76	167	1
76	132	1
76	272	1
76	233	1
76	331	1
76	121	1
76	250	1
76	395	1
76	289	1
76	130	1
76	300	1
76	177	1
77	117	2
77	145	2
77	163	1
77	170	2
77	250	4
77	223	1
77	128	2
77	103	2
77	84	1
77	297	1
77	378	1
77	82	4
77	360	1
77	254	1
77	83	2
77	240	1
77	123	1
77	218	1
77	125	4
77	399	3
77	231	5
77	324	1
77	81	1
77	189	1
77	220	1
77	232	1
77	210	2
77	138	3
77	108	1
77	85	2
77	154	1
77	155	1
77	184	1
77	172	1
77	112	1
77	373	1
77	387	1
77	322	3
77	143	1
77	225	1
77	197	1
77	313	1
77	183	1
77	244	1
77	144	2
77	314	1
77	268	1
77	180	3
77	264	1
77	288	3
77	212	2
77	182	1
77	113	1
77	242	1
77	364	1
77	233	1
77	152	1
77	230	1
77	121	1
77	291	1
77	178	2
77	263	2
77	224	1
77	114	1
77	127	1
77	302	1
77	202	1
77	328	1
77	86	1
77	171	1
77	192	1
77	132	1
77	160	1
77	274	1
78	116	2
78	163	3
78	235	1
78	190	2
78	284	1
78	85	4
78	298	2
78	185	3
78	159	1
78	125	2
78	134	1
78	221	3
78	169	4
78	330	2
78	349	5
78	105	2
78	295	1
78	314	1
78	287	2
78	131	3
78	128	1
78	79	2
78	267	1
78	384	3
78	194	3
78	148	3
78	97	3
78	151	3
78	234	1
78	196	2
78	393	3
78	368	2
78	173	3
78	155	5
78	354	2
78	186	2
78	219	1
78	157	2
78	104	2
78	162	1
78	332	2
78	95	2
78	153	3
78	184	2
78	251	1
78	130	4
78	336	1
78	139	1
78	100	4
78	294	1
78	208	2
78	172	2
78	230	2
78	261	2
78	306	2
78	286	1
78	112	2
78	378	3
78	249	1
78	124	2
78	82	4
78	300	2
78	215	2
78	93	1
78	283	1
78	132	3
78	259	3
78	333	1
78	161	2
78	233	3
78	274	2
78	369	1
78	115	1
78	364	3
78	254	1
78	331	1
78	121	2
78	182	2
78	207	3
78	149	2
78	167	1
78	137	4
78	117	4
78	367	1
78	181	2
78	87	3
78	339	1
78	297	1
78	86	1
78	239	1
78	91	1
78	166	1
78	236	2
78	232	1
78	216	1
78	187	1
78	83	3
78	243	1
78	96	1
78	389	1
78	135	1
78	113	1
78	154	2
78	325	1
78	362	1
78	350	2
78	352	1
78	192	1
78	372	2
78	371	1
78	280	2
78	227	1
78	142	1
78	311	1
78	361	1
78	313	2
78	329	1
78	214	3
78	357	1
78	119	1
78	250	1
78	140	1
78	220	1
78	316	1
78	138	1
78	122	1
78	387	2
78	213	1
78	304	1
78	191	1
78	209	1
78	252	1
78	237	1
78	289	1
79	142	1
79	312	1
79	191	1
79	126	1
79	213	3
79	310	1
79	125	2
79	169	4
79	131	7
79	200	1
79	128	2
79	181	1
79	354	4
79	186	5
79	219	3
79	87	1
79	347	2
79	162	5
79	95	2
79	153	2
79	184	6
79	127	1
79	251	4
79	288	2
79	100	8
79	294	2
79	208	7
79	378	5
79	124	6
79	167	2
79	89	3
79	192	3
79	132	5
79	377	2
79	259	3
79	333	5
79	236	3
79	360	2
79	302	1
79	272	4
79	369	2
79	331	4
79	121	4
79	240	2
79	182	5
79	284	3
79	228	1
79	185	2
79	367	1
79	207	1
79	349	2
79	96	4
79	314	4
79	97	3
79	151	3
79	234	3
79	155	3
79	242	1
79	233	2
79	116	1
79	163	1
79	235	1
79	190	1
79	85	2
79	298	1
79	159	1
79	134	3
79	221	2
79	330	1
79	105	2
79	295	2
79	287	1
79	267	3
79	384	1
79	194	1
79	148	1
79	196	1
79	393	2
79	368	2
79	173	3
79	157	1
79	104	2
79	332	1
79	130	4
79	336	1
79	139	2
79	172	5
79	230	1
79	261	3
79	306	1
79	286	1
79	112	1
79	249	1
79	82	1
79	300	4
79	215	1
79	93	1
79	283	1
79	161	2
79	274	3
79	115	1
79	364	3
79	254	2
79	220	5
79	175	3
79	178	2
79	90	2
79	129	2
79	203	1
79	262	1
79	362	1
79	225	2
79	133	1
79	309	1
79	324	1
79	216	3
79	83	1
79	88	1
79	318	1
79	243	2
79	334	1
79	99	1
79	373	1
79	210	1
79	241	1
79	103	1
79	86	2
79	398	1
79	147	1
79	81	1
79	92	1
79	141	1
79	263	1
79	275	1
79	250	1
79	166	1
79	140	1
79	316	1
79	264	1
79	224	1
79	156	1
79	165	1
79	382	1
79	244	1
79	289	1
79	301	1
79	197	1
79	255	1
79	340	1
79	379	1
79	365	1
80	117	2
80	168	1
80	122	2
80	163	1
80	235	1
80	165	2
80	104	1
80	153	1
80	141	1
80	222	1
80	377	1
80	237	1
80	210	1
80	227	1
80	244	1
80	102	1
80	85	1
80	285	1
80	87	2
80	240	1
80	182	1
80	267	1
80	378	1
80	233	1
80	331	1
80	275	1
80	250	1
80	107	1
80	399	1
80	138	1
80	154	1
80	350	1
80	160	1
80	329	1
80	309	1
80	196	1
81	138	3
81	154	1
81	145	1
81	160	1
81	191	2
81	176	1
81	218	1
81	125	4
81	250	1
81	399	2
81	231	2
81	324	1
81	213	1
81	241	1
81	103	2
81	86	1
81	225	3
81	398	2
81	147	1
81	131	1
81	155	2
81	186	1
81	251	1
81	172	1
81	236	1
81	233	1
81	364	1
81	381	1
81	298	1
81	159	1
81	199	1
81	196	1
81	350	1
81	366	1
81	394	1
81	135	1
81	112	2
81	300	1
81	372	1
81	252	1
81	397	1
81	386	1
81	161	1
81	373	1
81	106	1
81	108	1
81	276	1
81	264	1
81	143	1
81	266	1
81	223	1
81	148	1
81	212	1
81	195	1
81	168	1
81	107	1
81	102	1
81	175	1
81	301	1
82	117	4
82	145	2
82	163	3
82	170	1
82	250	2
82	223	2
82	128	3
82	103	2
82	84	1
82	297	1
82	378	6
82	360	1
82	254	3
82	83	1
82	240	1
82	138	6
82	85	11
82	266	1
82	148	4
82	393	5
82	155	7
82	95	2
82	184	5
82	99	3
82	272	1
82	161	4
82	175	1
82	116	1
82	235	1
82	190	2
82	284	1
82	298	2
82	185	3
82	159	1
82	125	7
82	134	1
82	221	4
82	169	3
82	330	2
82	349	3
82	105	2
82	295	2
82	314	2
82	287	2
82	131	3
82	267	1
82	384	2
82	194	2
82	97	3
82	151	2
82	234	1
82	196	2
82	368	1
82	173	2
82	354	2
82	186	3
82	219	1
82	157	2
82	104	1
82	162	1
82	332	2
82	153	2
82	251	1
82	130	3
82	336	2
82	139	1
82	100	3
82	294	1
82	208	2
82	172	3
82	230	2
82	261	2
82	306	2
82	286	1
82	112	4
82	249	2
82	124	2
82	300	2
82	215	1
82	93	2
82	283	1
82	132	2
82	259	2
82	333	2
82	233	4
82	274	1
82	369	2
82	115	1
82	364	1
82	331	2
82	121	3
82	182	3
82	90	1
82	164	2
82	389	3
82	257	1
82	365	2
82	313	2
82	281	1
82	367	2
82	243	2
82	302	1
82	96	2
82	135	1
82	142	2
82	189	1
82	220	1
82	231	4
82	232	1
82	210	1
82	108	1
82	154	2
82	373	2
82	387	3
82	311	1
82	361	1
82	137	1
82	236	1
82	329	1
82	248	1
82	271	1
82	213	1
82	276	3
82	214	2
82	204	1
82	339	1
82	264	2
82	319	1
82	350	1
82	122	1
82	372	1
82	280	2
82	241	1
82	304	1
82	307	2
82	381	1
82	399	1
82	278	1
82	126	1
82	397	3
82	150	1
82	253	1
82	114	1
82	91	1
82	207	1
82	87	1
82	366	1
82	359	1
82	352	1
83	117	3
83	145	1
83	163	1
83	170	2
83	250	1
83	223	2
83	128	1
83	103	1
83	84	2
83	297	2
83	378	4
83	360	2
83	254	4
83	240	1
83	178	1
83	90	1
83	129	1
83	134	2
83	203	1
83	262	1
83	221	1
83	169	3
83	105	2
83	295	1
83	96	1
83	314	1
83	131	1
83	267	1
83	234	1
83	368	2
83	362	2
83	173	3
83	354	2
83	186	3
83	219	1
83	162	1
83	251	1
83	130	3
83	139	2
83	100	2
83	208	1
83	172	2
83	261	4
83	124	2
83	225	2
83	220	1
83	133	3
83	89	2
83	192	2
83	309	1
83	324	3
83	132	3
83	377	1
83	236	4
83	274	4
83	216	2
83	175	1
83	182	1
83	116	2
83	367	1
83	181	1
83	149	1
83	87	3
83	339	1
83	95	1
83	153	3
83	86	1
83	239	1
83	91	1
83	300	1
83	137	2
83	166	1
83	259	2
83	232	1
83	187	1
83	188	1
83	281	1
83	361	1
83	348	1
83	265	1
83	337	1
83	317	1
83	270	1
83	311	1
83	329	1
83	263	1
83	113	2
83	154	1
83	325	2
83	148	2
83	151	1
83	350	1
83	104	1
83	352	1
83	372	1
83	371	1
83	280	1
83	364	1
83	227	1
83	125	1
83	341	2
83	257	2
83	112	1
83	218	1
83	395	1
83	167	1
83	302	1
83	150	1
83	369	1
83	397	1
83	235	1
83	289	1
83	180	2
83	97	1
83	143	1
83	349	1
83	144	1
83	174	1
83	386	1
84	117	3
84	145	1
84	163	2
84	170	2
84	250	2
84	223	2
84	128	3
84	103	1
84	297	1
84	378	1
84	360	3
84	254	2
84	240	4
84	207	2
84	349	1
84	155	2
84	242	1
84	130	1
84	111	1
84	124	3
84	343	1
84	215	2
84	319	1
84	373	1
84	116	1
84	244	1
84	235	2
84	152	1
84	298	1
84	310	1
84	96	1
84	200	1
84	393	1
84	368	2
84	247	1
84	181	1
84	229	1
84	158	1
84	219	1
84	157	1
84	87	2
84	376	1
84	332	1
84	184	1
84	110	1
84	122	3
84	133	2
84	324	2
84	222	2
84	333	1
84	156	1
84	280	1
84	233	1
84	216	1
84	337	1
84	263	1
84	121	1
84	154	1
84	194	1
84	148	2
84	348	2
84	214	1
84	389	1
84	127	2
84	322	1
84	365	1
84	321	1
84	236	2
84	211	1
84	251	2
84	397	1
84	106	1
84	286	1
84	168	1
84	313	1
84	169	2
84	119	1
84	182	2
84	129	1
84	241	1
84	89	1
84	100	1
84	144	1
85	213	2
85	154	3
85	96	4
85	128	3
85	214	4
85	248	1
85	145	1
85	138	2
85	266	1
85	148	5
85	393	4
85	155	12
85	95	2
85	184	4
85	99	2
85	272	1
85	161	3
85	175	1
85	116	2
85	163	1
85	235	2
85	190	1
85	284	1
85	298	1
85	185	4
85	159	1
85	125	4
85	134	1
85	221	3
85	169	2
85	330	2
85	349	5
85	105	3
85	295	2
85	314	4
85	287	1
85	131	2
85	267	1
85	384	1
85	194	1
85	97	2
85	151	3
85	234	1
85	196	1
85	368	2
85	173	2
85	354	4
85	186	2
85	219	2
85	157	1
85	104	3
85	162	1
85	332	3
85	153	4
85	251	1
85	130	5
85	336	1
85	139	1
85	100	5
85	294	1
85	208	2
85	172	3
85	230	1
85	261	2
85	306	3
85	286	1
85	112	3
85	378	7
85	249	2
85	124	3
85	300	3
85	215	1
85	93	2
85	283	1
85	132	1
85	259	2
85	333	2
85	233	2
85	274	1
85	369	3
85	115	1
85	364	3
85	254	2
85	331	2
85	121	3
85	182	2
85	228	1
85	367	2
85	350	1
85	122	2
85	211	1
85	317	1
85	373	3
85	227	1
85	200	2
85	362	2
85	395	1
85	180	1
85	103	1
85	127	1
85	141	1
85	343	1
85	133	2
85	212	3
85	231	2
85	377	3
85	236	1
85	281	2
85	263	1
85	207	4
85	149	1
85	167	3
85	137	1
85	90	1
85	164	2
85	389	3
85	257	1
85	365	3
85	313	1
85	165	3
85	243	3
85	302	1
85	322	1
85	135	3
85	108	1
85	387	2
85	206	1
85	102	2
85	359	1
85	352	1
85	315	2
85	87	1
85	379	1
85	86	1
85	398	1
85	399	1
85	324	1
85	244	2
85	250	1
85	264	2
85	319	1
85	273	1
85	309	2
85	143	1
85	117	2
85	290	1
85	304	1
85	307	2
85	195	1
85	126	1
85	276	1
85	223	1
85	397	1
85	280	1
85	150	1
85	253	1
85	107	1
85	220	2
85	279	1
85	323	1
85	348	1
85	229	1
85	187	2
86	178	2
86	241	2
86	148	2
86	107	1
86	212	1
86	102	1
86	180	1
86	117	1
86	116	1
86	367	2
86	173	2
86	181	1
86	149	1
86	87	2
86	339	1
86	95	1
86	297	1
86	153	1
86	100	2
86	239	2
86	91	1
86	300	1
86	137	1
86	166	1
86	132	2
86	259	1
86	236	1
86	232	2
86	274	2
86	216	2
86	187	2
86	145	1
86	284	2
86	390	1
86	209	1
86	109	1
86	377	1
86	323	1
86	213	1
86	103	2
86	225	1
86	398	2
86	147	1
86	276	1
86	93	1
86	240	1
86	182	1
86	368	1
86	362	1
86	264	1
86	135	1
86	231	1
86	329	1
86	228	1
86	207	1
86	167	1
86	235	1
86	159	1
86	96	1
86	314	1
86	379	1
86	130	1
86	399	2
86	324	1
86	99	1
86	373	2
86	134	1
86	125	1
86	307	1
86	237	1
86	154	1
86	322	1
86	391	1
86	92	1
86	245	1
86	270	1
86	346	1
86	122	1
87	234	1
87	126	1
87	213	1
87	310	2
87	125	4
87	169	3
87	131	1
87	200	2
87	128	1
87	181	5
87	354	2
87	186	2
87	219	2
87	347	2
87	162	4
87	95	2
87	153	3
87	184	2
87	127	1
87	251	1
87	288	1
87	100	3
87	294	1
87	208	2
87	378	2
87	124	1
87	167	2
87	89	1
87	192	2
87	132	2
87	377	1
87	259	2
87	333	2
87	236	3
87	360	1
87	302	1
87	272	3
87	369	1
87	331	2
87	121	4
87	240	3
87	182	3
87	117	3
87	116	2
87	244	2
87	163	2
87	235	1
87	152	1
87	298	1
87	250	2
87	96	1
87	223	1
87	393	2
87	368	2
87	247	1
87	229	1
87	158	1
87	157	2
87	376	2
87	332	3
87	110	1
87	122	2
87	133	1
87	215	2
87	324	2
87	222	1
87	156	1
87	280	2
87	233	2
87	216	2
87	337	1
87	263	2
87	254	2
87	348	1
87	327	1
87	257	1
87	141	1
87	367	1
87	173	3
87	149	1
87	339	1
87	297	1
87	239	1
87	91	1
87	300	1
87	137	2
87	166	1
87	232	1
87	274	1
87	187	1
87	285	4
87	221	3
87	217	1
87	140	1
87	203	1
87	262	2
87	154	2
87	225	2
87	139	1
87	99	3
87	113	1
87	325	1
87	148	1
87	151	1
87	362	1
87	350	1
87	104	1
87	130	2
87	261	1
87	352	1
87	372	1
87	371	1
87	364	3
87	227	1
87	359	2
87	386	1
87	282	1
87	395	1
87	273	1
87	336	1
87	112	1
87	375	1
87	335	1
87	314	2
87	379	1
87	398	1
87	399	1
87	373	1
87	267	2
87	90	1
87	164	1
87	366	2
87	150	1
87	275	1
87	380	1
87	276	1
87	207	1
87	231	1
87	210	1
87	197	1
88	318	1
88	129	1
88	267	1
88	184	1
88	100	1
88	124	1
88	132	1
88	259	1
88	333	2
88	274	1
88	354	1
88	162	1
88	369	1
88	331	1
88	117	1
88	271	1
88	118	1
88	181	1
88	153	1
88	218	1
88	113	1
88	251	1
88	237	1
88	270	1
88	358	1
88	349	1
88	165	2
88	96	1
88	217	1
88	244	1
88	222	1
89	126	1
89	213	1
89	310	1
89	125	3
89	169	4
89	131	4
89	200	1
89	128	1
89	181	1
89	354	2
89	186	3
89	219	3
89	347	3
89	162	4
89	95	1
89	153	2
89	184	1
89	127	3
89	251	3
89	288	1
89	100	4
89	294	1
89	208	2
89	378	2
89	124	3
89	167	1
89	192	2
89	132	2
89	377	2
89	259	1
89	333	1
89	236	3
89	360	2
89	302	1
89	272	2
89	369	1
89	331	2
89	121	1
89	240	2
89	182	4
89	220	2
89	175	2
89	178	2
89	90	3
89	129	1
89	134	3
89	203	2
89	262	1
89	221	1
89	105	1
89	295	1
89	96	1
89	314	1
89	267	1
89	234	2
89	368	1
89	362	1
89	173	1
89	130	2
89	139	1
89	172	1
89	261	1
89	225	1
89	133	1
89	309	1
89	324	1
89	274	3
89	216	1
89	254	1
89	325	1
89	146	1
89	92	1
89	209	1
89	212	1
89	215	1
89	193	1
89	270	2
89	304	1
89	361	1
89	160	1
89	141	3
89	137	2
89	113	1
89	117	1
89	159	1
89	223	1
89	164	2
89	157	1
89	365	1
89	123	1
89	316	1
89	187	1
89	317	1
89	205	1
89	329	1
89	332	2
89	163	1
89	168	1
89	144	1
89	328	1
89	97	1
89	290	1
89	275	1
89	284	1
89	174	1
89	318	1
89	301	1
90	213	4
90	270	1
90	178	2
90	128	1
90	348	1
90	192	4
90	329	3
90	263	2
90	143	1
90	129	1
90	134	3
90	203	1
90	262	1
90	221	2
90	169	1
90	105	1
90	295	2
90	96	2
90	314	4
90	131	4
90	267	2
90	234	3
90	368	1
90	362	1
90	173	1
90	354	3
90	186	4
90	219	1
90	162	2
90	251	2
90	130	2
90	139	1
90	100	2
90	208	3
90	172	3
90	261	1
90	378	2
90	124	2
90	225	1
90	220	2
90	133	1
90	309	2
90	324	1
90	132	1
90	377	1
90	236	2
90	274	2
90	216	1
90	254	2
90	175	2
90	182	4
90	285	1
90	349	2
90	250	2
90	223	2
90	390	1
90	157	2
90	323	1
90	325	1
90	146	1
90	92	1
90	209	1
90	212	1
90	215	2
90	185	1
90	125	2
90	148	1
90	155	1
90	164	3
90	389	1
90	257	1
90	332	3
90	153	4
90	184	2
90	112	1
90	365	3
90	300	1
90	333	2
90	313	1
90	161	2
90	233	1
90	281	1
90	369	1
90	122	1
90	397	1
90	366	1
90	376	1
90	272	3
90	150	1
90	224	1
90	288	1
90	117	1
90	159	1
90	127	1
90	123	1
90	316	1
90	187	1
90	317	1
90	276	1
90	380	1
90	167	1
90	371	1
90	280	1
90	391	1
90	163	1
90	171	1
90	302	1
90	318	1
90	229	1
90	222	1
90	360	1
90	240	1
90	235	1
90	165	1
90	341	1
91	117	1
91	116	1
91	367	2
91	173	1
91	181	1
91	149	1
91	339	1
91	95	1
91	297	1
91	153	1
91	100	1
91	239	1
91	300	1
91	137	1
91	166	1
91	132	1
91	259	1
91	236	1
91	232	1
91	274	1
91	216	1
91	187	1
91	397	1
91	205	1
91	332	1
91	233	1
91	354	1
91	182	1
92	325	1
92	146	2
92	234	2
92	209	1
92	212	2
92	215	2
92	116	1
92	145	1
92	154	1
92	157	1
92	268	1
92	254	1
92	114	1
92	160	1
92	139	1
92	222	1
92	263	2
92	131	1
92	173	1
92	208	1
92	141	2
92	261	2
92	333	1
92	216	2
92	275	1
92	108	1
92	243	1
92	97	1
92	347	1
92	130	1
92	137	1
92	175	1
92	151	1
92	231	2
92	368	1
92	191	1
92	337	1
92	300	1
92	165	1
92	148	1
92	171	1
92	352	1
92	166	1
92	276	1
92	155	1
92	389	1
92	124	1
92	250	1
92	227	1
92	168	1
92	354	1
93	116	1
93	163	1
93	235	1
93	190	1
93	284	1
93	298	1
93	185	2
93	159	1
93	125	1
93	134	1
93	221	1
93	169	1
93	330	1
93	349	1
93	105	1
93	295	1
93	314	1
93	287	1
93	131	2
93	128	2
93	267	1
93	384	1
93	194	1
93	148	1
93	97	1
93	151	1
93	234	1
93	196	1
93	393	1
93	368	1
93	173	1
93	155	1
93	354	1
93	186	2
93	219	1
93	157	1
93	104	1
93	162	1
93	332	1
93	95	1
93	153	1
93	184	1
93	251	1
93	130	1
93	336	1
93	139	1
93	100	1
93	294	1
93	208	1
93	172	1
93	230	1
93	261	1
93	306	1
93	286	1
93	112	1
93	378	2
93	249	2
93	124	1
93	300	1
93	215	1
93	283	1
93	132	1
93	259	1
93	333	1
93	161	1
93	233	2
93	274	1
93	369	1
93	115	1
93	364	1
93	254	1
93	331	1
93	121	1
93	182	2
93	164	3
93	276	2
93	240	1
93	242	1
93	220	1
93	96	1
93	187	1
93	126	1
93	223	1
93	307	1
93	397	1
93	280	1
93	150	1
93	253	1
94	140	1
94	116	1
94	118	1
94	381	2
94	346	1
94	96	1
94	153	1
94	353	1
94	232	1
94	176	1
94	227	1
94	121	1
94	182	1
94	145	1
94	350	1
94	278	1
94	352	1
94	117	1
94	301	1
94	167	1
94	285	1
94	261	1
94	255	1
94	304	1
94	130	1
95	126	1
95	213	1
95	310	1
95	125	2
95	169	3
95	131	2
95	200	2
95	128	2
95	181	2
95	354	2
95	186	2
95	219	2
95	347	1
95	162	2
95	153	3
95	184	3
95	127	1
95	251	2
95	288	1
95	100	3
95	294	2
95	208	2
95	378	2
95	124	2
95	167	1
95	192	1
95	132	3
95	377	1
95	259	3
95	333	2
95	236	2
95	360	1
95	302	1
95	272	2
95	369	2
95	331	2
95	121	2
95	240	1
95	182	2
95	145	1
95	138	1
95	266	1
95	148	2
95	393	2
95	155	2
95	99	1
95	161	2
95	175	1
95	116	2
95	163	1
95	235	1
95	190	1
95	284	1
95	298	1
95	185	1
95	159	1
95	134	1
95	221	1
95	330	1
95	349	1
95	105	1
95	295	1
95	314	1
95	287	1
95	267	1
95	384	1
95	194	1
95	97	1
95	151	1
95	234	1
95	196	1
95	368	1
95	173	2
95	157	1
95	104	1
95	332	1
95	130	1
95	336	1
95	139	1
95	172	1
95	230	1
95	261	1
95	306	1
95	286	1
95	112	1
95	249	1
95	300	3
95	215	1
95	283	1
95	233	1
95	274	2
95	115	1
95	364	1
95	254	1
95	117	1
95	367	1
95	149	1
95	339	1
95	297	1
95	239	1
95	137	1
95	166	1
95	232	1
95	216	1
95	187	1
95	320	1
95	141	1
95	263	1
95	243	1
96	213	3
96	154	3
96	128	1
96	214	4
96	248	1
96	108	1
96	148	1
96	155	4
96	229	2
96	369	1
96	140	1
96	116	4
96	118	1
96	381	1
96	346	1
96	153	1
96	353	1
96	232	1
96	176	1
96	227	1
96	121	6
96	182	2
96	284	4
96	228	1
96	185	4
96	367	2
96	207	2
96	349	4
96	314	2
96	131	2
96	97	3
96	151	1
96	234	2
96	242	1
96	162	5
96	184	3
96	100	3
96	208	2
96	167	1
96	132	3
96	272	2
96	233	2
96	331	2
96	117	4
96	244	1
96	163	1
96	235	3
96	152	1
96	298	1
96	310	1
96	250	1
96	223	3
96	200	2
96	393	3
96	368	2
96	247	1
96	181	1
96	158	1
96	219	2
96	157	1
96	376	2
96	332	1
96	110	1
96	122	1
96	133	2
96	215	1
96	324	2
96	222	2
96	333	2
96	156	2
96	280	1
96	216	3
96	337	1
96	263	1
96	254	3
96	240	2
96	178	4
96	129	3
96	134	2
96	203	1
96	262	1
96	221	2
96	169	1
96	105	3
96	295	1
96	267	1
96	362	1
96	173	2
96	354	2
96	186	3
96	251	1
96	130	2
96	139	1
96	172	3
96	261	2
96	378	2
96	124	2
96	225	1
96	220	3
96	192	2
96	309	1
96	377	3
96	236	1
96	274	1
96	175	1
96	256	1
96	345	1
96	311	3
96	230	2
96	166	1
96	291	1
96	243	3
96	389	1
96	135	2
96	306	1
96	168	1
96	276	2
96	104	1
96	137	2
96	317	1
96	366	1
96	343	1
96	159	1
96	289	2
96	290	1
96	315	2
96	271	2
96	204	1
96	339	1
96	231	1
96	350	1
96	397	1
96	187	1
96	170	1
96	325	1
96	302	1
96	183	1
96	283	1
96	335	1
96	365	1
96	300	1
96	165	7
96	217	1
96	149	1
96	241	1
96	99	1
96	382	1
96	194	1
96	125	1
96	249	1
96	127	1
97	213	2
97	298	4
97	221	3
97	105	3
97	151	13
97	155	6
97	313	2
97	161	3
97	233	6
97	284	4
97	228	1
97	185	3
97	367	1
97	207	2
97	349	4
97	314	2
97	131	3
97	234	2
97	242	1
97	162	3
97	184	3
97	100	5
97	208	3
97	167	1
97	132	3
97	272	2
97	331	3
97	121	4
97	102	1
97	307	2
97	180	2
97	347	2
97	322	1
97	136	2
97	179	1
97	212	2
97	116	1
97	163	2
97	235	2
97	190	2
97	159	1
97	125	2
97	134	2
97	169	4
97	330	2
97	295	1
97	287	2
97	128	1
97	267	1
97	384	2
97	194	2
97	148	3
97	196	2
97	393	4
97	368	1
97	173	2
97	354	2
97	186	3
97	219	1
97	157	2
97	104	3
97	332	1
97	153	1
97	251	2
97	130	3
97	336	1
97	139	1
97	294	1
97	172	1
97	230	2
97	261	1
97	306	1
97	286	1
97	112	2
97	378	2
97	249	1
97	124	1
97	300	2
97	215	1
97	283	1
97	259	2
97	333	1
97	274	1
97	369	1
97	115	1
97	364	1
97	254	1
97	182	2
97	343	1
97	192	2
97	309	1
97	232	1
97	168	1
97	276	1
97	154	3
97	200	1
97	137	4
97	317	1
97	141	1
97	211	1
97	142	1
97	311	1
97	361	1
97	236	1
97	329	1
97	299	1
97	108	1
97	243	2
97	175	1
97	199	2
97	392	2
97	117	1
97	138	1
97	214	2
97	350	1
97	122	1
97	372	1
97	280	2
97	383	1
97	226	1
97	171	1
97	387	1
97	258	1
97	275	1
97	143	1
97	365	1
97	220	2
97	270	1
97	290	1
97	377	1
97	166	1
97	209	1
98	164	1
99	145	1
99	138	2
99	266	1
99	148	1
99	393	1
99	155	1
99	184	1
99	272	3
99	161	1
99	175	3
99	243	1
99	334	1
99	151	1
99	373	3
99	285	1
99	181	1
99	139	1
99	121	1
99	131	1
99	322	1
99	302	1
99	183	1
99	233	1
99	248	1
99	365	1
99	116	1
99	178	1
99	228	2
99	310	2
99	165	1
99	223	1
99	177	2
99	120	1
99	208	1
99	232	1
99	282	1
99	254	1
99	314	1
99	173	1
99	379	1
99	130	1
99	100	2
99	398	1
99	399	1
99	324	1
99	214	1
99	264	1
99	389	2
99	332	1
99	167	1
99	108	1
99	354	1
99	159	1
99	125	1
99	134	1
99	160	1
99	109	1
99	239	1
100	126	1
100	213	3
100	310	1
100	125	4
100	169	6
100	131	7
100	200	1
100	128	2
100	181	2
100	354	4
100	186	6
100	219	4
100	347	5
100	162	9
100	153	4
100	184	6
100	127	1
100	251	3
100	288	1
100	294	2
100	208	5
100	378	4
100	124	6
100	167	3
100	192	3
100	132	7
100	377	3
100	259	7
100	333	3
100	236	4
100	360	3
100	302	2
100	272	4
100	369	2
100	331	4
100	121	7
100	240	1
100	182	4
100	284	2
100	228	3
100	185	3
100	367	2
100	207	1
100	349	2
100	314	6
100	151	3
100	234	4
100	155	7
100	242	2
100	233	3
100	102	1
100	298	4
100	307	1
100	180	1
100	322	1
100	136	1
100	179	1
100	212	1
100	116	2
100	163	3
100	235	3
100	190	2
100	159	2
100	134	3
100	221	3
100	330	2
100	105	5
100	295	2
100	287	2
100	267	3
100	384	1
100	194	2
100	148	2
100	196	3
100	393	2
100	368	2
100	173	6
100	157	2
100	104	1
100	332	1
100	130	6
100	336	1
100	139	2
100	172	2
100	230	2
100	261	3
100	306	3
100	286	2
100	112	2
100	249	1
100	300	4
100	215	1
100	283	1
100	161	2
100	274	5
100	115	2
100	364	1
100	254	4
100	220	4
100	175	2
100	178	3
100	129	2
100	203	2
100	262	1
100	362	1
100	225	3
100	133	1
100	309	3
100	324	2
100	216	2
100	318	1
100	117	1
100	149	1
100	339	1
100	297	1
100	239	1
100	137	3
100	166	2
100	232	2
100	187	1
100	223	1
100	389	2
100	195	2
100	210	1
100	270	1
100	304	1
100	361	2
100	160	1
100	141	1
100	243	1
100	135	2
100	142	1
100	311	1
100	313	1
100	329	1
100	344	1
100	150	2
100	379	1
100	398	1
100	399	1
100	373	1
100	164	2
100	276	1
100	165	1
100	156	1
100	122	1
100	171	1
100	108	1
100	217	1
100	366	1
100	123	1
100	205	1
100	340	1
102	117	1
102	245	1
102	228	1
102	200	1
102	352	2
102	300	2
102	369	1
102	364	2
102	387	1
102	121	1
102	180	3
102	298	1
102	307	2
102	347	1
102	322	1
102	136	1
102	179	1
102	212	1
102	140	1
102	125	2
102	154	1
102	165	2
102	135	1
102	359	1
102	315	1
102	244	2
102	160	1
102	299	4
102	231	1
102	132	1
102	138	1
102	270	1
102	167	1
103	117	1
103	145	1
103	163	1
103	170	1
103	250	1
103	223	2
103	128	1
103	297	1
103	378	2
103	360	1
103	254	1
103	240	1
103	200	1
103	368	1
103	362	1
103	395	1
103	180	1
103	354	1
103	104	1
103	127	1
103	141	1
103	261	1
103	343	1
103	133	1
103	212	3
103	231	1
103	377	2
103	259	2
103	236	1
103	281	1
103	263	1
103	213	1
103	241	1
103	225	1
103	398	1
103	147	1
103	266	1
103	148	2
103	191	1
103	195	2
103	289	1
103	153	1
103	319	2
103	326	1
103	178	1
103	322	1
103	138	1
103	105	1
103	325	1
103	255	2
104	185	2
104	349	2
104	245	1
104	221	2
104	105	2
104	287	2
104	200	11
104	155	2
104	383	1
104	186	3
104	172	2
104	280	2
104	369	2
104	364	4
104	116	1
104	163	3
104	235	3
104	190	1
104	284	1
104	298	1
104	159	1
104	125	1
104	134	1
104	169	2
104	330	1
104	295	1
104	314	1
104	131	1
104	128	1
104	267	1
104	384	1
104	194	1
104	148	2
104	151	2
104	234	1
104	196	1
104	393	1
104	368	3
104	173	1
104	354	4
104	219	1
104	157	1
104	162	1
104	332	1
104	153	4
104	184	2
104	251	1
104	130	2
104	336	1
104	139	1
104	294	1
104	208	1
104	230	1
104	261	3
104	306	1
104	286	1
104	112	1
104	378	3
104	249	1
104	124	2
104	300	1
104	215	1
104	283	1
104	132	1
104	259	2
104	333	1
104	161	2
104	233	1
104	274	1
104	115	1
104	254	1
104	331	1
104	121	2
104	182	1
104	362	2
104	395	1
104	180	1
104	127	1
104	141	2
104	343	1
104	133	1
104	212	1
104	231	1
104	377	3
104	236	1
104	281	1
104	263	1
104	346	1
104	137	5
104	302	1
104	276	3
104	154	3
104	250	2
104	214	1
104	397	1
104	225	1
104	290	1
104	117	1
104	113	1
104	325	1
104	350	1
104	352	1
104	192	1
104	372	1
104	371	1
104	227	2
104	168	1
104	317	1
104	243	1
104	165	1
104	222	1
104	237	1
104	210	1
104	175	1
104	166	1
104	272	1
104	118	1
104	392	1
104	289	1
104	199	2
104	319	1
104	216	1
105	245	1
105	221	4
105	287	2
105	200	1
105	155	5
105	383	2
105	186	4
105	172	3
105	280	1
105	369	2
105	364	2
105	213	1
105	298	2
105	151	3
105	313	1
105	161	2
105	233	3
105	116	1
105	163	1
105	235	1
105	190	1
105	284	1
105	185	3
105	159	2
105	125	3
105	134	3
105	169	3
105	330	1
105	349	2
105	295	2
105	314	2
105	131	2
105	128	1
105	267	2
105	384	1
105	194	1
105	148	3
105	234	3
105	196	1
105	393	1
105	368	2
105	173	3
105	354	2
105	219	2
105	157	1
105	162	3
105	332	1
105	153	1
105	184	1
105	251	2
105	130	3
105	336	1
105	139	2
105	294	1
105	208	2
105	230	1
105	261	2
105	306	3
105	286	1
105	112	2
105	378	2
105	249	1
105	124	4
105	300	1
105	215	2
105	283	1
105	132	2
105	259	1
105	333	1
105	274	3
105	115	1
105	254	4
105	331	3
105	121	1
105	182	2
105	207	1
105	343	2
105	192	2
105	309	2
105	232	1
105	178	1
105	129	1
105	203	1
105	262	2
105	362	1
105	225	1
105	220	1
105	133	1
105	324	2
105	377	1
105	236	2
105	216	1
105	175	1
105	243	1
105	389	1
105	135	2
105	341	1
105	257	1
105	228	1
105	360	1
105	150	1
105	191	1
105	391	1
105	285	1
105	165	1
105	382	1
105	397	1
105	316	1
105	367	1
105	214	1
105	252	1
105	334	1
105	317	1
106	300	2
106	381	1
106	298	1
106	159	1
106	199	1
106	196	1
106	155	1
106	350	1
106	366	1
106	394	1
106	135	1
106	112	1
106	372	1
106	252	1
106	397	2
106	386	1
106	161	1
106	373	1
106	251	1
106	324	1
106	150	1
106	167	1
107	178	1
107	241	1
107	148	2
107	212	2
107	250	1
107	399	1
107	307	1
107	117	1
107	228	1
107	139	1
107	124	1
107	309	1
107	137	1
107	319	1
107	216	1
107	322	2
107	138	1
107	125	1
107	166	1
108	114	2
108	148	1
108	155	2
108	214	1
108	229	1
108	369	1
108	138	1
108	125	2
108	154	1
108	184	1
108	172	1
108	112	1
108	231	1
108	373	1
108	387	1
108	264	2
108	124	1
108	276	1
108	143	2
108	243	1
108	347	1
108	130	1
108	212	3
108	137	1
108	175	1
108	191	1
108	354	1
108	206	1
108	166	1
108	314	1
108	165	1
108	232	2
108	344	1
108	280	1
108	315	1
109	169	1
109	334	1
109	225	1
109	220	1
109	187	3
109	145	1
109	284	1
109	390	4
109	209	1
109	239	1
109	377	1
109	323	1
109	199	1
109	151	1
109	383	1
109	214	1
109	365	1
109	357	1
109	373	1
109	257	1
109	157	1
109	254	1
109	389	1
109	160	1
109	175	1
109	134	1
109	355	1
109	196	1
109	326	1
109	303	1
110	117	1
110	116	1
110	244	1
110	163	1
110	235	1
110	152	1
110	298	1
110	310	1
110	250	1
110	223	1
110	200	1
110	393	1
110	368	1
110	247	1
110	181	1
110	229	1
110	158	1
110	219	1
110	157	1
110	376	2
110	332	1
110	184	1
110	122	1
110	133	1
110	215	1
110	324	1
110	222	1
110	333	1
110	156	1
110	280	1
110	233	1
110	216	1
110	337	1
110	263	1
110	254	1
110	121	1
110	240	1
110	128	1
110	363	1
110	136	1
110	348	2
110	312	1
110	225	1
111	207	1
111	349	1
111	155	1
111	242	1
111	130	1
111	124	1
111	343	1
111	215	1
111	360	1
111	319	1
111	373	2
111	223	1
111	393	1
111	383	1
111	363	3
111	162	1
111	230	1
111	175	1
111	268	1
112	116	1
112	163	3
112	235	1
112	190	3
112	284	1
112	298	3
112	185	2
112	159	3
112	125	7
112	134	2
112	221	4
112	169	3
112	330	2
112	349	3
112	295	3
112	314	2
112	287	2
112	131	3
112	128	1
112	267	1
112	384	1
112	194	2
112	148	3
112	151	2
112	234	1
112	196	2
112	393	2
112	368	1
112	173	4
112	155	5
112	354	2
112	186	5
112	219	1
112	157	3
112	162	1
112	332	2
112	153	2
112	184	4
112	251	1
112	130	4
112	336	2
112	139	1
112	294	1
112	208	2
112	172	3
112	230	2
112	261	1
112	306	1
112	286	1
112	378	3
112	249	1
112	124	1
112	300	3
112	215	1
112	283	1
112	132	2
112	259	2
112	333	2
112	161	4
112	233	3
112	274	2
112	369	2
112	115	1
112	364	1
112	254	4
112	331	1
112	121	3
112	182	3
112	164	1
112	389	1
112	257	2
112	365	1
112	313	2
112	281	1
112	390	1
112	341	1
112	324	1
112	236	4
112	381	1
112	199	1
112	350	1
112	366	1
112	394	1
112	135	1
112	372	1
112	252	1
112	397	1
112	386	1
112	373	2
112	138	1
112	154	1
112	231	1
112	387	1
112	142	1
112	311	1
112	361	1
112	137	1
112	329	1
112	395	1
112	273	1
112	375	1
112	335	1
112	117	1
112	271	1
112	247	1
112	127	1
113	125	1
113	175	1
113	117	1
113	169	1
113	154	1
113	325	1
113	148	1
113	151	1
113	368	2
113	362	1
113	354	1
113	350	1
113	153	1
113	130	1
113	261	1
113	352	1
113	192	1
113	137	1
113	372	1
113	371	1
113	280	1
113	364	2
113	227	1
113	168	1
113	218	1
113	251	1
113	237	1
113	170	1
113	242	1
113	289	1
113	309	1
113	254	1
113	177	2
114	193	1
114	376	1
114	127	2
114	210	3
114	337	1
114	160	1
114	139	1
114	222	1
114	263	1
114	212	1
114	191	1
114	128	2
114	224	2
114	302	1
114	336	1
114	311	1
114	144	1
114	391	1
114	137	1
114	175	1
114	276	1
115	116	1
115	163	1
115	235	1
115	190	1
115	284	1
115	298	1
115	185	1
115	159	1
115	125	1
115	134	1
115	221	1
115	169	1
115	330	1
115	349	1
115	295	1
115	314	2
115	287	1
115	131	1
115	128	1
115	267	1
115	384	1
115	194	1
115	148	1
115	151	1
115	234	1
115	196	2
115	393	1
115	368	1
115	173	2
115	155	1
115	354	1
115	186	1
115	219	1
115	157	1
115	162	1
115	332	1
115	153	1
115	184	1
115	251	1
115	130	2
115	336	1
115	139	1
115	294	1
115	208	2
115	172	1
115	230	1
115	261	1
115	306	1
115	286	1
115	378	1
115	249	1
115	124	1
115	300	1
115	215	1
115	283	1
115	132	1
115	259	1
115	333	2
115	161	1
115	233	1
115	274	1
115	369	1
115	364	1
115	254	2
115	331	1
115	121	1
115	182	1
115	285	1
115	366	1
115	360	1
115	150	1
116	140	1
116	118	1
116	381	1
116	346	1
116	153	3
116	353	1
116	232	3
116	176	1
116	227	1
116	121	3
116	182	2
116	242	1
116	163	2
116	235	2
116	190	1
116	284	2
116	298	3
116	185	1
116	159	1
116	125	2
116	134	2
116	221	1
116	169	1
116	330	1
116	349	1
116	295	1
116	314	1
116	287	1
116	131	2
116	128	1
116	267	1
116	384	1
116	194	2
116	148	1
116	151	1
116	234	2
116	196	1
116	393	2
116	368	2
116	173	2
116	155	1
116	354	1
116	186	3
116	219	2
116	157	3
116	162	1
116	332	2
116	184	2
116	251	1
116	130	2
116	336	1
116	139	1
116	294	1
116	208	2
116	172	1
116	230	1
116	261	1
116	306	1
116	286	1
116	378	1
116	249	1
116	124	1
116	300	2
116	215	3
116	283	2
116	132	3
116	259	2
116	333	2
116	161	1
116	233	2
116	274	2
116	369	2
116	364	1
116	254	4
116	331	1
116	117	2
116	244	1
116	152	1
116	310	2
116	250	1
116	223	2
116	200	1
116	247	1
116	181	2
116	229	1
116	158	2
116	376	1
116	122	2
116	133	1
116	324	1
116	222	1
116	156	2
116	280	1
116	216	2
116	337	1
116	263	1
116	240	1
116	367	1
116	149	1
116	339	1
116	297	1
116	239	1
116	137	1
116	166	1
116	236	1
116	187	1
116	145	1
116	154	1
116	268	1
116	178	1
116	228	1
116	165	1
116	177	1
116	120	1
116	282	1
116	377	1
116	335	1
116	391	1
116	123	1
117	145	1
117	163	3
117	170	1
117	250	5
117	223	3
117	128	2
117	297	2
117	378	1
117	360	1
117	254	3
117	240	3
117	245	1
117	228	2
117	200	2
117	352	2
117	300	2
117	369	1
117	364	2
117	387	2
117	121	3
117	244	1
117	235	1
117	152	1
117	298	1
117	310	1
117	393	2
117	368	2
117	247	1
117	181	3
117	229	1
117	158	1
117	219	1
117	157	2
117	376	1
117	332	3
117	184	1
117	122	2
117	133	2
117	215	1
117	324	1
117	222	1
117	333	2
117	156	1
117	280	4
117	233	4
117	216	3
117	337	1
117	263	1
117	367	1
117	173	1
117	149	1
117	339	2
117	153	4
117	239	1
117	137	4
117	166	1
117	132	1
117	259	1
117	236	2
117	232	2
117	274	1
117	187	2
117	168	13
117	207	3
117	154	5
117	194	1
117	148	3
117	155	3
117	348	1
117	214	3
117	389	1
117	127	2
117	322	1
117	124	3
117	365	2
117	321	1
117	211	1
117	169	2
117	325	1
117	151	1
117	362	1
117	354	1
117	350	3
117	130	1
117	261	2
117	192	1
117	372	2
117	371	1
117	227	1
117	347	1
117	171	2
117	271	9
117	213	1
117	276	1
117	204	1
117	231	2
117	331	1
117	284	1
117	185	2
117	221	1
117	349	3
117	243	1
117	397	1
117	225	2
117	197	1
117	313	1
117	220	1
117	262	1
117	234	1
117	125	2
117	242	1
117	118	1
117	138	1
117	384	1
117	196	1
117	159	1
117	134	1
117	131	1
117	186	1
117	164	1
117	162	1
117	123	1
117	272	1
117	316	1
117	317	1
117	182	1
117	304	2
117	307	1
117	264	1
117	336	2
117	218	1
117	301	1
117	167	1
117	139	2
117	309	1
117	319	1
117	165	1
117	230	2
117	180	1
117	142	1
117	237	1
118	140	1
118	381	1
118	346	1
118	153	2
118	353	1
118	232	1
118	176	1
118	227	1
118	121	1
118	182	1
118	354	1
118	271	1
118	181	2
118	333	1
118	132	1
118	160	1
118	152	1
118	309	1
118	335	1
118	186	1
118	288	1
119	190	1
119	178	1
119	169	2
119	361	2
119	332	1
119	321	1
119	131	1
119	384	1
119	194	1
119	214	1
119	313	1
119	357	1
119	230	1
119	153	1
119	128	1
119	251	1
119	124	1
119	182	2
119	123	1
119	216	1
119	368	2
119	362	2
119	311	1
119	347	1
119	162	1
119	139	1
119	171	1
119	121	2
119	240	1
119	218	1
119	250	1
119	354	1
119	127	1
119	249	1
119	122	1
119	343	1
119	391	1
120	178	1
120	228	1
120	310	1
120	165	1
120	223	1
120	177	1
120	208	1
120	232	1
120	282	1
120	254	1
121	126	1
121	213	3
121	310	2
121	125	4
121	169	5
121	131	5
121	200	4
121	128	2
121	181	3
121	354	2
121	186	5
121	219	4
121	347	2
121	162	5
121	153	5
121	184	6
121	127	1
121	251	2
121	288	1
121	294	2
121	208	3
121	378	3
121	124	2
121	167	2
121	192	1
121	132	4
121	377	1
121	259	4
121	333	4
121	236	3
121	360	1
121	302	1
121	272	3
121	369	3
121	331	4
121	240	6
121	182	6
121	245	1
121	228	3
121	352	1
121	300	4
121	364	2
121	387	1
121	140	1
121	381	1
121	346	1
121	353	1
121	232	1
121	176	1
121	227	2
121	284	2
121	185	4
121	367	2
121	207	1
121	349	2
121	314	2
121	151	3
121	234	2
121	155	4
121	242	2
121	233	4
121	163	4
121	235	3
121	190	2
121	298	3
121	159	2
121	134	1
121	221	3
121	330	3
121	295	1
121	287	2
121	267	1
121	384	1
121	194	2
121	148	3
121	196	2
121	393	3
121	368	3
121	173	3
121	157	4
121	332	2
121	130	2
121	336	2
121	139	3
121	172	3
121	230	5
121	261	3
121	306	1
121	286	1
121	249	1
121	215	2
121	283	1
121	161	2
121	274	1
121	254	4
121	244	1
121	152	1
121	250	1
121	223	3
121	247	1
121	229	1
121	158	1
121	376	1
121	122	2
121	133	1
121	324	1
121	222	2
121	156	1
121	280	1
121	216	1
121	337	1
121	263	1
121	214	2
121	350	1
121	211	1
121	317	2
121	373	1
121	389	1
121	225	1
121	309	1
121	166	3
121	195	1
121	210	3
121	285	1
121	256	1
121	345	1
121	311	7
121	291	4
121	168	1
121	276	2
121	154	2
121	137	2
121	142	1
121	361	1
121	313	1
121	329	1
121	395	1
121	273	1
121	375	1
121	335	1
121	271	1
121	204	1
121	339	1
121	231	1
121	362	1
121	171	1
121	217	1
121	203	1
122	244	1
122	163	1
122	235	1
122	152	1
122	298	1
122	310	1
122	250	1
122	223	1
122	200	1
122	393	2
122	368	1
122	247	1
122	181	1
122	229	1
122	158	1
122	219	1
122	157	1
122	376	1
122	332	1
122	184	1
122	133	1
122	215	1
122	324	1
122	222	2
122	333	1
122	156	1
122	280	2
122	233	3
122	216	1
122	337	1
122	263	1
122	254	1
122	240	1
122	228	1
122	367	1
122	330	1
122	148	4
122	214	3
122	350	2
122	153	1
122	211	1
122	317	1
122	373	1
122	227	2
122	270	1
122	287	1
122	155	3
122	186	1
122	259	1
122	161	2
122	150	1
122	149	1
122	137	1
122	237	2
122	258	1
122	134	1
122	397	1
122	267	1
122	378	1
122	331	2
122	275	1
122	168	1
122	313	1
122	138	1
122	169	1
122	349	1
122	154	1
122	384	1
122	196	1
122	372	1
122	354	1
122	364	1
122	346	1
122	343	1
122	127	1
122	309	2
123	285	1
123	181	1
123	289	1
123	164	3
123	236	1
123	159	1
123	125	1
123	134	1
123	131	1
123	223	1
123	186	1
123	157	1
123	162	2
123	153	2
123	127	1
123	124	1
123	365	1
123	272	1
123	316	1
123	187	1
123	317	1
123	182	1
123	216	1
123	208	1
123	286	1
123	165	1
123	234	1
123	249	1
123	366	1
124	126	1
124	213	3
124	310	1
124	125	3
124	169	3
124	131	4
124	200	1
124	128	4
124	181	2
124	354	3
124	186	6
124	219	4
124	347	1
124	162	5
124	153	4
124	184	3
124	127	3
124	251	4
124	288	1
124	294	2
124	208	3
124	378	5
124	167	2
124	192	2
124	132	4
124	377	2
124	259	3
124	333	3
124	236	3
124	360	2
124	302	2
124	272	3
124	369	3
124	331	2
124	240	2
124	182	5
124	207	2
124	349	2
124	155	7
124	242	1
124	130	4
124	343	1
124	215	2
124	319	2
124	373	1
124	163	1
124	235	1
124	190	1
124	284	1
124	298	1
124	185	3
124	159	2
124	134	3
124	221	2
124	330	1
124	295	2
124	314	2
124	287	1
124	267	3
124	384	1
124	194	2
124	148	2
124	151	1
124	234	2
124	196	1
124	393	1
124	368	2
124	173	2
124	157	2
124	332	1
124	336	1
124	139	3
124	172	3
124	230	1
124	261	2
124	306	3
124	286	1
124	249	1
124	300	1
124	283	1
124	161	1
124	233	1
124	274	3
124	364	2
124	254	3
124	178	1
124	129	2
124	203	2
124	262	1
124	362	1
124	225	1
124	220	1
124	133	3
124	309	2
124	324	1
124	216	3
124	175	1
124	318	1
124	154	1
124	348	1
124	214	1
124	389	3
124	322	1
124	365	2
124	321	1
124	211	1
124	243	2
124	135	2
124	264	1
124	218	1
124	341	1
124	395	1
124	150	1
124	217	1
124	250	1
124	166	1
124	223	1
124	164	1
124	316	2
124	187	1
124	317	1
124	276	2
124	228	1
124	137	1
124	244	1
125	245	2
125	126	1
125	213	1
125	310	1
125	169	4
125	131	8
125	200	1
125	128	2
125	181	1
125	354	3
125	186	10
125	219	3
125	347	3
125	162	6
125	153	4
125	184	5
125	127	3
125	251	3
125	288	1
125	294	3
125	208	3
125	378	4
125	167	2
125	192	1
125	132	5
125	377	1
125	259	3
125	333	3
125	236	7
125	360	2
125	302	1
125	272	3
125	369	4
125	331	2
125	240	2
125	182	7
125	175	1
125	163	3
125	235	1
125	190	2
125	284	3
125	298	3
125	185	2
125	159	6
125	134	28
125	221	5
125	330	2
125	349	2
125	295	2
125	314	2
125	287	2
125	267	2
125	384	1
125	194	3
125	148	3
125	151	3
125	234	1
125	196	1
125	393	2
125	368	1
125	173	4
125	155	5
125	157	4
125	332	2
125	130	5
125	336	2
125	139	1
125	172	5
125	230	2
125	261	1
125	306	1
125	286	1
125	249	1
125	300	2
125	215	1
125	283	1
125	161	3
125	233	5
125	274	3
125	364	2
125	254	6
125	164	2
125	389	1
125	257	2
125	365	2
125	313	2
125	281	1
125	212	2
125	329	2
125	334	1
125	193	1
125	350	1
125	225	2
125	371	1
125	270	1
125	178	1
125	203	5
125	304	1
125	361	2
125	160	2
125	141	1
125	137	4
125	140	2
125	262	2
125	154	3
125	250	4
125	263	1
125	218	1
125	399	1
125	231	4
125	324	4
125	138	5
125	348	1
125	189	1
125	220	1
125	232	1
125	210	1
125	341	1
125	264	3
125	387	3
125	373	1
125	142	1
125	311	1
125	276	3
125	143	2
125	222	1
125	395	1
125	273	1
125	375	1
125	335	1
125	319	1
125	242	2
125	223	1
125	316	1
125	187	1
125	317	1
125	158	1
125	278	1
125	307	1
125	237	1
125	166	1
125	386	1
125	197	1
125	391	1
125	202	1
126	213	1
126	310	1
126	169	1
126	131	1
126	200	1
126	128	2
126	181	2
126	354	1
126	186	1
126	219	1
126	347	1
126	162	1
126	153	1
126	184	1
126	127	1
126	251	1
126	288	1
126	294	1
126	208	1
126	378	2
126	167	1
126	192	1
126	132	1
126	377	1
126	259	1
126	333	1
126	236	1
126	360	1
126	302	1
126	272	1
126	369	1
126	331	1
126	240	2
126	182	1
126	285	1
126	267	1
126	368	1
126	276	1
126	223	1
126	307	1
126	249	1
126	397	1
126	280	1
126	150	1
126	253	1
126	144	1
127	193	1
127	376	1
127	213	1
127	310	1
127	169	2
127	131	2
127	200	2
127	128	3
127	181	1
127	354	2
127	186	2
127	219	1
127	347	1
127	162	2
127	153	2
127	184	1
127	251	1
127	288	2
127	294	1
127	208	1
127	378	2
127	167	1
127	192	1
127	132	1
127	377	2
127	259	2
127	333	1
127	236	4
127	360	2
127	302	2
127	272	2
127	369	1
127	331	1
127	240	4
127	182	5
127	368	2
127	362	1
127	395	1
127	180	1
127	141	1
127	261	1
127	343	1
127	133	2
127	212	1
127	231	1
127	281	1
127	263	1
127	207	1
127	154	1
127	194	1
127	148	1
127	155	1
127	348	1
127	214	1
127	389	1
127	322	1
127	365	2
127	321	1
127	211	2
127	171	1
127	159	1
127	134	1
127	223	1
127	164	1
127	157	1
127	316	1
127	187	1
127	317	1
127	224	1
127	210	1
127	173	1
127	190	2
127	349	1
127	295	1
127	247	1
127	249	1
127	309	1
127	237	1
127	318	2
127	265	1
127	370	1
128	213	3
128	310	1
128	169	2
128	131	2
128	200	1
128	181	1
128	354	2
128	186	2
128	219	2
128	347	1
128	162	2
128	153	2
128	184	2
128	251	3
128	288	1
128	294	2
128	208	2
128	378	4
128	167	1
128	192	2
128	132	2
128	377	1
128	259	2
128	333	3
128	236	2
128	360	2
128	302	3
128	272	1
128	369	2
128	331	2
128	240	3
128	182	4
128	154	2
128	214	2
128	248	1
128	145	1
128	163	2
128	170	1
128	250	1
128	223	2
128	297	1
128	254	2
128	235	1
128	190	1
128	284	1
128	298	1
128	185	1
128	159	1
128	134	1
128	221	1
128	330	1
128	349	2
128	295	1
128	314	1
128	287	1
128	267	1
128	384	1
128	194	2
128	148	2
128	151	1
128	234	1
128	196	1
128	393	1
128	368	1
128	173	1
128	155	2
128	157	1
128	332	1
128	130	2
128	336	1
128	139	1
128	172	1
128	230	1
128	261	1
128	306	1
128	286	1
128	249	2
128	300	1
128	215	1
128	283	1
128	161	1
128	233	1
128	274	1
128	364	1
128	270	1
128	178	1
128	348	2
128	329	1
128	263	1
128	143	1
128	207	2
128	321	2
128	389	1
128	322	1
128	365	1
128	133	1
128	211	1
128	224	4
128	210	2
128	276	1
128	307	1
128	397	1
128	280	1
128	150	1
128	253	1
128	363	1
128	136	1
128	195	1
129	178	1
129	134	1
129	203	1
129	262	1
129	221	1
129	169	1
129	295	1
129	314	1
129	131	1
129	267	2
129	234	2
129	368	1
129	362	1
129	173	1
129	354	1
129	186	1
129	219	1
129	162	2
129	251	2
129	130	1
129	139	1
129	208	1
129	172	1
129	261	1
129	378	1
129	225	1
129	220	2
129	133	1
129	192	2
129	309	1
129	324	1
129	132	3
129	377	2
129	236	1
129	274	2
129	216	2
129	254	2
129	175	1
129	182	1
129	218	1
129	266	1
129	228	1
129	310	1
129	285	1
129	250	1
129	395	1
129	322	1
129	177	1
129	385	1
129	137	1
129	356	1
129	315	3
129	263	1
129	240	1
129	318	1
129	184	1
129	259	1
129	333	1
129	235	1
129	213	1
129	152	1
129	308	1
129	325	1
129	289	1
129	311	1
129	302	1
129	183	1
129	241	1
129	195	1
129	242	1
130	207	5
130	349	7
130	155	6
130	242	1
130	343	2
130	215	2
130	360	2
130	319	1
130	373	2
130	163	2
130	235	1
130	190	2
130	284	4
130	298	4
130	185	2
130	159	1
130	134	4
130	221	4
130	169	4
130	330	2
130	295	3
130	314	5
130	287	2
130	131	6
130	267	2
130	384	1
130	194	3
130	148	4
130	151	5
130	234	2
130	196	3
130	393	2
130	368	3
130	173	7
130	354	4
130	186	7
130	219	4
130	157	2
130	162	2
130	332	2
130	153	4
130	184	3
130	251	2
130	336	1
130	139	2
130	294	1
130	208	4
130	172	5
130	230	2
130	261	3
130	306	1
130	286	1
130	378	4
130	249	1
130	300	2
130	283	1
130	132	4
130	259	2
130	333	2
130	161	3
130	233	3
130	274	3
130	369	3
130	364	2
130	254	6
130	331	1
130	182	4
130	178	2
130	203	1
130	262	1
130	362	2
130	225	1
130	220	2
130	133	1
130	192	2
130	309	2
130	324	4
130	377	1
130	236	3
130	216	2
130	175	2
130	193	2
130	250	1
130	395	1
130	289	1
130	164	2
130	389	1
130	257	2
130	365	1
130	313	2
130	281	1
130	154	1
130	325	1
130	350	1
130	352	1
130	137	3
130	372	1
130	371	1
130	280	1
130	227	1
130	341	1
130	142	1
130	311	1
130	361	1
130	329	1
130	167	1
130	206	1
130	370	1
130	243	2
130	347	1
130	212	1
130	379	1
130	398	1
130	399	1
130	140	1
130	316	1
130	276	2
130	165	1
130	143	1
130	158	1
130	171	1
130	366	1
130	150	1
130	310	1
130	299	1
131	213	2
131	310	2
131	169	5
131	200	1
131	181	1
131	354	4
131	186	12
131	219	5
131	347	4
131	162	6
131	153	5
131	184	6
131	251	4
131	288	2
131	294	2
131	208	6
131	378	5
131	167	2
131	192	3
131	132	7
131	377	3
131	259	4
131	333	5
131	236	5
131	360	4
131	302	3
131	272	4
131	369	4
131	331	3
131	240	1
131	182	7
131	284	4
131	228	1
131	185	3
131	367	1
131	207	1
131	349	3
131	314	4
131	151	3
131	234	3
131	155	6
131	242	2
131	233	7
131	163	2
131	235	1
131	190	3
131	298	3
131	159	3
131	134	4
131	221	4
131	330	2
131	295	3
131	287	2
131	267	2
131	384	2
131	194	5
131	148	3
131	196	4
131	393	2
131	368	2
131	173	4
131	157	3
131	332	2
131	336	1
131	139	2
131	172	5
131	230	2
131	261	4
131	306	1
131	286	1
131	249	1
131	300	3
131	215	1
131	283	1
131	161	3
131	274	4
131	364	2
131	254	5
131	220	3
131	175	3
131	178	1
131	203	1
131	262	1
131	362	1
131	225	2
131	133	1
131	309	2
131	324	1
131	216	2
131	223	2
131	389	2
131	166	1
131	195	1
131	164	3
131	257	1
131	365	2
131	313	3
131	281	1
131	352	1
131	322	1
131	183	1
131	142	1
131	311	1
131	361	1
131	137	1
131	329	1
131	214	1
131	357	1
131	141	3
131	263	1
131	275	1
131	222	1
131	224	1
131	316	1
131	187	1
131	317	1
131	170	1
131	248	1
131	158	1
131	341	1
131	211	1
132	213	2
132	310	2
132	169	4
132	200	1
132	181	2
132	354	3
132	186	5
132	219	4
132	347	2
132	162	5
132	153	3
132	184	5
132	251	4
132	288	1
132	294	2
132	208	4
132	378	4
132	167	2
132	192	3
132	377	2
132	259	5
132	333	3
132	236	4
132	360	2
132	302	1
132	272	3
132	369	3
132	331	3
132	240	3
132	182	4
132	284	5
132	228	2
132	185	2
132	367	3
132	207	1
132	349	2
132	314	3
132	151	3
132	234	3
132	155	3
132	242	1
132	233	3
132	163	2
132	235	2
132	190	2
132	298	3
132	159	2
132	134	3
132	221	3
132	330	2
132	295	2
132	287	3
132	267	3
132	384	1
132	194	3
132	148	1
132	196	1
132	393	2
132	368	2
132	173	4
132	157	2
132	332	1
132	336	1
132	139	2
132	172	2
132	230	2
132	261	2
132	306	1
132	286	1
132	249	1
132	300	2
132	215	1
132	283	1
132	161	2
132	274	4
132	364	1
132	254	3
132	178	1
132	203	1
132	262	1
132	362	1
132	225	1
132	220	1
132	133	1
132	309	1
132	324	1
132	216	2
132	175	1
132	218	1
132	266	1
132	285	1
132	250	1
132	395	1
132	322	1
132	177	1
132	385	1
132	137	3
132	356	1
132	315	1
132	263	2
132	318	1
132	149	1
132	339	1
132	297	1
132	239	1
132	166	1
132	232	1
132	187	1
132	270	1
132	311	2
132	329	2
132	206	1
132	142	1
132	361	1
132	313	1
132	222	1
132	145	1
132	158	1
132	180	2
132	212	1
132	244	1
132	372	1
133	244	1
133	163	1
133	235	2
133	152	1
133	298	1
133	310	1
133	250	1
133	223	1
133	200	2
133	393	1
133	368	3
133	247	1
133	181	1
133	229	1
133	158	1
133	219	2
133	157	1
133	376	1
133	332	1
133	184	1
133	215	1
133	324	3
133	222	1
133	333	1
133	156	1
133	280	1
133	233	1
133	216	2
133	337	1
133	263	3
133	254	3
133	240	2
133	178	1
133	134	1
133	203	1
133	262	1
133	221	1
133	169	2
133	295	1
133	314	1
133	267	1
133	234	1
133	362	3
133	173	1
133	354	2
133	186	1
133	162	1
133	251	1
133	139	1
133	208	1
133	172	3
133	261	4
133	378	3
133	225	1
133	220	1
133	192	1
133	309	1
133	377	2
133	236	3
133	274	1
133	175	1
133	182	1
133	395	2
133	180	1
133	141	1
133	343	1
133	212	1
133	231	1
133	259	1
133	281	1
133	207	2
133	154	2
133	194	2
133	148	1
133	155	1
133	348	1
133	214	2
133	389	1
133	322	2
133	365	1
133	321	1
133	211	1
133	369	2
133	265	1
133	218	1
133	341	2
133	167	1
133	302	1
133	150	1
133	352	1
133	137	1
133	364	1
133	285	1
133	159	1
133	325	1
133	257	1
133	397	1
133	171	1
134	163	1
134	235	1
134	190	1
134	284	4
134	298	2
134	185	1
134	159	4
134	221	2
134	169	2
134	330	1
134	349	1
134	295	2
134	314	2
134	287	1
134	267	2
134	384	1
134	194	2
134	148	2
134	151	1
134	234	2
134	196	1
134	393	1
134	368	2
134	173	3
134	155	1
134	354	2
134	186	6
134	219	4
134	157	2
134	162	5
134	332	1
134	153	2
134	184	1
134	251	2
134	336	1
134	139	2
134	294	2
134	208	2
134	172	2
134	230	1
134	261	2
134	306	1
134	286	2
134	378	2
134	249	1
134	300	1
134	215	1
134	283	1
134	259	1
134	333	1
134	161	1
134	233	1
134	274	3
134	369	2
134	364	1
134	254	4
134	331	1
134	182	3
134	178	3
134	203	5
134	262	1
134	362	1
134	225	1
134	220	1
134	192	1
134	309	1
134	324	2
134	377	1
134	236	2
134	216	1
134	175	1
134	270	1
134	304	1
134	361	1
134	347	1
134	160	2
134	141	1
134	137	1
134	341	1
134	257	1
134	397	1
134	223	1
134	164	1
134	365	1
134	272	1
134	316	1
134	187	1
134	317	1
134	250	1
134	143	1
134	158	1
134	197	1
134	276	1
134	149	1
134	170	1
135	185	1
135	243	1
135	155	3
135	389	1
135	306	2
135	381	1
135	298	1
135	159	1
135	199	1
135	196	1
135	350	1
135	366	1
135	394	1
135	300	1
135	372	1
135	252	1
135	397	1
135	386	1
135	161	1
135	373	1
135	368	1
135	362	1
135	264	1
135	231	1
135	232	1
135	329	1
135	221	1
135	165	2
135	148	1
135	393	2
135	354	1
135	137	1
135	364	2
135	359	1
135	352	1
135	315	1
135	214	1
135	149	1
135	378	1
135	192	1
135	291	1
136	298	1
136	307	1
136	180	1
136	347	1
136	322	1
136	179	2
136	212	1
136	154	1
136	171	1
136	387	1
136	258	1
136	275	1
136	363	2
136	313	1
137	218	1
137	266	1
137	228	3
137	310	1
137	285	1
137	250	2
137	395	2
137	162	2
137	251	1
137	322	1
137	177	1
137	385	1
137	356	1
137	315	1
137	263	1
137	254	1
137	240	1
137	185	2
137	221	4
137	207	2
137	149	3
137	378	2
137	167	1
137	364	4
137	367	1
137	173	2
137	181	1
137	339	1
137	297	1
137	153	4
137	239	1
137	300	1
137	166	1
137	259	2
137	236	2
137	232	1
137	274	1
137	216	3
137	187	1
137	229	1
137	211	1
137	346	1
137	302	1
137	270	2
137	178	1
137	203	1
137	304	1
137	361	2
137	347	3
137	160	1
137	141	1
137	237	9
137	169	2
137	154	4
137	325	1
137	148	3
137	151	2
137	368	1
137	362	1
137	354	3
137	350	2
137	261	1
137	352	3
137	192	2
137	372	1
137	371	1
137	280	2
137	227	1
137	168	1
137	235	2
137	276	2
137	200	2
137	317	1
137	163	1
137	190	1
137	298	1
137	142	1
137	330	1
137	287	1
137	194	1
137	393	3
137	155	1
137	186	1
137	311	1
137	157	1
137	184	2
137	230	1
137	313	1
137	161	1
137	233	1
137	329	2
137	182	1
137	145	1
137	258	1
137	165	1
137	243	3
137	212	1
137	175	2
137	284	1
137	349	1
137	397	1
137	138	1
137	384	1
137	242	1
137	278	1
137	387	1
137	341	1
137	139	1
137	309	1
137	319	1
137	290	1
137	213	1
137	171	1
138	145	2
138	266	1
138	148	2
138	393	2
138	155	3
138	184	2
138	272	1
138	161	1
138	175	1
138	154	3
138	160	1
138	191	1
138	176	1
138	245	2
138	348	1
138	264	1
138	212	1
138	387	4
138	172	1
138	231	1
138	373	1
138	159	1
138	384	2
138	395	1
138	242	1
138	278	2
138	250	1
138	169	1
138	349	1
138	196	1
138	214	1
138	350	1
138	372	1
138	280	1
138	233	1
138	140	2
138	399	1
138	182	1
138	389	1
138	213	1
138	363	1
138	270	1
138	166	1
139	163	1
139	235	1
139	190	1
139	284	1
139	298	1
139	185	1
139	159	1
139	221	2
139	169	3
139	330	1
139	349	1
139	295	2
139	314	2
139	287	1
139	267	2
139	384	1
139	194	1
139	148	1
139	151	1
139	234	2
139	196	1
139	393	1
139	368	3
139	173	2
139	155	1
139	354	2
139	186	2
139	219	2
139	157	1
139	162	4
139	332	1
139	153	1
139	184	1
139	251	2
139	336	1
139	294	1
139	208	2
139	172	2
139	230	1
139	261	2
139	306	1
139	286	1
139	378	2
139	249	1
139	300	1
139	215	1
139	283	1
139	259	2
139	333	1
139	161	1
139	233	1
139	274	3
139	369	1
139	364	1
139	254	2
139	331	1
139	182	3
139	178	1
139	203	1
139	262	1
139	362	2
139	225	1
139	220	1
139	192	1
139	309	2
139	324	1
139	377	2
139	236	1
139	216	2
139	175	1
139	311	2
139	302	3
139	285	1
139	181	1
139	272	1
139	281	1
139	160	1
139	222	1
139	263	1
139	347	1
139	171	1
139	240	1
139	228	1
139	319	2
139	174	1
139	168	1
139	237	1
139	241	1
139	288	1
140	381	1
140	346	1
140	153	1
140	353	1
140	232	1
140	176	1
140	227	1
140	182	1
140	278	1
140	159	1
140	180	1
140	274	1
140	203	1
140	262	1
140	154	2
140	250	1
140	162	1
140	225	1
140	263	1
140	208	1
140	172	1
140	220	1
140	316	1
140	363	1
141	393	1
141	348	1
141	327	1
141	257	1
141	162	4
141	200	2
141	368	2
141	362	2
141	395	1
141	180	1
141	354	1
141	261	2
141	378	1
141	343	1
141	212	1
141	231	1
141	377	2
141	259	1
141	236	1
141	281	1
141	263	2
141	270	1
141	178	1
141	203	1
141	304	1
141	361	1
141	347	2
141	160	1
141	211	1
141	173	1
141	208	1
141	333	1
141	216	1
141	275	1
141	163	1
141	235	1
141	165	1
141	153	1
141	222	1
141	237	2
141	210	1
141	227	1
141	325	1
141	280	1
141	146	1
141	191	1
141	337	1
141	221	1
141	360	1
141	302	1
141	174	2
141	169	1
141	143	1
141	358	1
141	213	1
141	154	1
141	239	1
142	312	1
142	191	1
142	163	1
142	190	1
142	298	1
142	221	1
142	169	1
142	330	1
142	287	1
142	194	1
142	151	1
142	393	1
142	173	1
142	155	1
142	186	1
142	311	1
142	157	3
142	361	1
142	184	1
142	230	1
142	378	1
142	259	1
142	236	1
142	313	1
142	161	1
142	233	1
142	329	1
142	182	1
142	336	1
142	216	1
142	295	1
142	168	1
143	213	1
143	270	1
143	178	1
143	348	1
143	192	1
143	329	1
143	263	1
143	276	1
143	264	2
143	145	1
143	322	1
143	231	1
143	224	1
143	166	1
143	245	1
143	207	2
143	295	1
143	341	1
143	365	1
143	397	1
143	354	1
143	304	1
143	160	1
143	233	1
143	226	1
143	349	1
143	151	1
143	250	1
143	254	1
143	180	1
144	244	1
144	314	1
144	268	1
144	160	1
144	274	1
144	328	1
144	213	1
144	215	1
144	184	1
144	296	1
145	163	1
145	170	1
145	250	1
145	223	1
145	297	1
145	378	1
145	360	1
145	254	2
145	240	1
145	266	2
145	148	1
145	393	1
145	155	1
145	184	1
145	272	1
145	161	2
145	175	2
145	160	1
145	191	1
145	176	1
145	154	1
145	234	1
145	157	1
145	268	1
145	215	1
145	381	1
145	350	1
145	278	1
145	352	1
145	284	1
145	390	1
145	209	1
145	239	1
145	377	1
145	323	1
145	187	1
145	197	1
145	371	1
145	322	1
145	231	1
145	287	1
145	385	1
145	368	1
145	302	1
145	326	1
145	183	4
146	325	1
146	234	1
146	209	1
146	212	1
146	215	1
146	368	1
146	191	1
146	337	1
146	178	1
146	284	1
146	241	1
146	165	1
146	302	1
146	279	1
146	331	1
146	249	1
146	156	1
146	250	1
147	213	1
147	241	1
147	225	1
147	398	1
147	294	1
148	155	9
148	214	4
148	229	2
148	369	4
148	178	1
148	241	1
148	212	3
148	266	2
148	393	4
148	184	3
148	272	1
148	161	3
148	175	2
148	163	1
148	235	1
148	190	1
148	284	1
148	298	1
148	185	3
148	159	2
148	221	5
148	169	3
148	330	2
148	349	5
148	295	2
148	314	3
148	287	1
148	267	1
148	384	2
148	194	2
148	151	3
148	234	2
148	196	3
148	368	2
148	173	2
148	354	4
148	186	4
148	219	2
148	157	2
148	162	2
148	332	2
148	153	5
148	251	1
148	336	1
148	294	1
148	208	2
148	172	2
148	230	1
148	261	4
148	306	2
148	286	1
148	378	3
148	249	1
148	300	3
148	215	1
148	283	1
148	259	2
148	333	2
148	233	4
148	274	3
148	364	3
148	254	4
148	331	2
148	182	1
148	207	3
148	343	1
148	192	2
148	309	2
148	232	1
148	228	1
148	367	2
148	350	4
148	211	2
148	317	1
148	373	1
148	227	3
148	223	2
148	242	2
148	389	3
148	225	1
148	166	2
148	195	2
148	164	2
148	257	2
148	365	2
148	313	2
148	281	1
148	380	1
148	322	3
148	154	3
148	348	1
148	321	1
148	236	2
148	240	1
148	325	1
148	362	1
148	352	2
148	372	2
148	371	1
148	280	3
148	341	1
148	324	1
148	149	1
148	237	1
148	258	1
148	165	2
148	191	1
148	168	1
148	326	1
148	311	1
148	245	1
148	171	1
148	262	1
148	220	1
148	256	1
148	376	1
149	225	1
149	185	1
149	221	1
149	207	1
149	378	2
149	167	1
149	364	1
149	367	1
149	173	1
149	181	1
149	339	1
149	297	1
149	153	1
149	239	1
149	300	1
149	166	1
149	259	1
149	236	1
149	232	1
149	274	1
149	216	1
149	187	1
149	237	1
149	258	1
149	223	1
149	393	1
149	214	1
149	192	1
149	341	1
149	350	1
149	336	1
150	354	1
150	186	2
150	270	1
150	287	1
150	155	1
150	259	1
150	161	1
150	218	1
150	341	1
150	395	1
150	172	1
150	378	2
150	167	1
150	302	1
150	369	1
150	254	2
150	228	1
150	234	1
150	360	2
150	331	1
150	314	3
150	164	1
150	366	2
150	376	1
150	208	1
150	215	1
150	272	1
150	344	1
150	276	2
150	223	1
150	307	1
150	249	1
150	397	1
150	280	1
150	253	1
150	196	1
150	173	1
150	217	1
150	309	1
150	283	1
151	213	2
151	298	3
151	221	4
151	155	4
151	313	2
151	161	3
151	233	5
151	284	3
151	228	1
151	185	3
151	367	1
151	207	5
151	349	6
151	314	2
151	234	2
151	242	1
151	162	2
151	184	3
151	208	3
151	167	2
151	272	1
151	331	3
151	163	2
151	235	1
151	190	2
151	159	1
151	169	3
151	330	2
151	295	1
151	287	2
151	267	1
151	384	1
151	194	2
151	196	1
151	393	2
151	368	2
151	173	2
151	354	2
151	186	2
151	219	2
151	157	2
151	332	1
151	153	2
151	251	1
151	336	1
151	294	1
151	172	1
151	230	2
151	261	2
151	306	1
151	286	1
151	378	2
151	249	1
151	300	1
151	215	1
151	283	1
151	259	2
151	333	1
151	274	1
151	369	1
151	364	2
151	254	1
151	182	4
151	343	1
151	192	2
151	309	1
151	232	1
151	243	2
151	334	2
151	373	2
151	193	1
151	350	3
151	225	1
151	371	2
151	154	2
151	325	1
151	362	1
151	352	1
151	372	1
151	280	1
151	227	1
151	311	1
151	361	1
151	236	1
151	329	1
151	206	1
151	231	1
151	199	1
151	383	2
151	214	2
151	365	1
151	357	1
151	187	1
151	307	1
151	226	1
151	245	1
151	175	1
151	220	1
152	244	2
152	163	1
152	235	2
152	298	1
152	310	1
152	250	1
152	223	1
152	200	1
152	393	1
152	368	1
152	247	1
152	181	1
152	229	1
152	158	1
152	219	1
152	157	1
152	376	1
152	332	1
152	184	1
152	215	1
152	324	1
152	222	1
152	333	1
152	156	1
152	280	1
152	233	1
152	216	1
152	337	1
152	263	1
152	254	1
152	240	1
152	213	1
152	234	1
152	308	1
152	179	3
152	346	1
152	285	1
152	301	1
152	307	1
152	354	1
152	289	1
152	188	1
152	212	1
152	204	1
152	313	1
153	213	3
153	310	1
153	169	4
153	200	1
153	181	3
153	354	4
153	186	4
153	219	2
153	347	1
153	162	3
153	184	3
153	251	2
153	288	1
153	294	2
153	208	3
153	378	4
153	167	1
153	192	2
153	377	3
153	259	5
153	333	4
153	236	4
153	360	2
153	302	3
153	272	2
153	369	4
153	331	2
153	240	1
153	182	4
153	381	1
153	346	2
153	353	1
153	232	2
153	176	1
153	227	4
153	163	3
153	235	2
153	190	1
153	284	1
153	298	1
153	185	4
153	159	2
153	221	2
153	330	2
153	349	4
153	295	2
153	314	2
153	287	1
153	267	1
153	384	1
153	194	1
153	234	1
153	196	1
153	393	1
153	368	2
153	173	3
153	155	3
153	157	2
153	332	2
153	336	1
153	172	2
153	230	2
153	261	2
153	306	1
153	286	1
153	249	1
153	300	3
153	215	1
153	283	1
153	161	2
153	233	2
153	274	3
153	364	2
153	254	2
153	228	2
153	367	2
153	214	1
153	350	2
153	211	2
153	317	2
153	373	1
153	339	1
153	297	1
153	239	1
153	166	2
153	216	2
153	187	2
153	250	1
153	229	2
153	164	2
153	389	1
153	257	1
153	365	2
153	313	1
153	281	1
153	154	1
153	325	1
153	362	1
153	352	1
153	372	1
153	371	1
153	280	2
153	165	1
153	222	1
153	237	1
153	210	1
153	180	1
153	289	1
153	319	1
153	271	1
153	223	2
153	316	1
153	290	2
153	212	1
153	171	1
153	276	1
153	160	1
153	383	1
153	188	1
154	213	2
154	214	4
154	248	1
154	383	1
154	203	1
154	262	1
154	250	2
154	162	1
154	225	1
154	263	1
154	234	1
154	157	1
154	268	1
154	215	1
154	254	1
154	163	1
154	276	2
154	186	1
154	184	2
154	397	2
154	161	1
154	207	2
154	194	1
154	155	3
154	348	1
154	389	1
154	322	1
154	365	1
154	321	1
154	236	1
154	211	1
154	240	1
154	169	2
154	325	1
154	368	1
154	362	2
154	354	1
154	350	3
154	261	1
154	352	2
154	192	1
154	372	2
154	371	1
154	280	2
154	364	2
154	227	1
154	168	1
154	235	2
154	200	1
154	317	1
154	172	1
154	231	1
154	373	1
154	387	2
154	284	1
154	185	1
154	221	1
154	349	3
154	243	1
154	384	1
154	196	1
154	393	1
154	233	1
154	341	1
154	287	1
154	398	1
154	171	1
154	258	1
154	275	2
154	245	1
154	175	1
154	182	1
154	237	1
154	226	1
155	207	5
155	349	7
155	242	3
155	343	1
155	215	2
155	360	1
155	319	1
155	373	4
155	245	1
155	221	5
155	287	4
155	200	1
155	383	1
155	186	8
155	172	5
155	280	4
155	369	4
155	364	4
155	214	6
155	229	2
155	213	3
155	298	4
155	313	3
155	161	10
155	233	8
155	284	2
155	228	1
155	185	5
155	367	1
155	314	3
155	234	2
155	162	3
155	184	6
155	208	3
155	167	1
155	272	2
155	331	4
155	266	1
155	393	5
155	175	1
155	163	3
155	235	1
155	190	2
155	159	3
155	169	3
155	330	2
155	295	2
155	267	1
155	384	2
155	194	3
155	196	4
155	368	1
155	173	2
155	354	4
155	219	2
155	157	4
155	332	3
155	251	3
155	336	2
155	294	1
155	230	2
155	261	2
155	306	3
155	286	1
155	378	3
155	249	1
155	300	5
155	283	1
155	259	4
155	333	2
155	274	1
155	254	3
155	182	2
155	223	1
155	389	5
155	225	1
155	309	1
155	166	1
155	195	1
155	164	1
155	257	1
155	365	5
155	281	1
155	348	2
155	322	2
155	321	1
155	236	3
155	211	1
155	240	1
155	243	3
155	377	1
155	270	1
155	381	1
155	199	1
155	350	2
155	366	1
155	394	1
155	372	2
155	252	1
155	397	1
155	386	1
155	231	1
155	387	1
155	311	1
155	361	1
155	329	1
155	227	1
155	276	1
155	220	2
155	160	1
155	317	1
156	244	1
156	163	1
156	235	1
156	298	1
156	310	1
156	250	1
156	223	1
156	200	1
156	393	1
156	368	1
156	247	1
156	181	1
156	229	1
156	158	1
156	219	1
156	157	1
156	376	1
156	332	1
156	184	1
156	215	1
156	324	1
156	222	1
156	333	1
156	280	1
156	233	1
156	216	1
156	337	1
156	263	1
156	254	1
156	240	1
156	314	1
156	283	1
156	377	1
156	335	1
157	163	4
157	235	2
157	190	2
157	284	2
157	298	4
157	185	1
157	159	2
157	221	3
157	169	3
157	330	2
157	349	2
157	295	1
157	314	2
157	287	2
157	267	2
157	384	1
157	194	2
157	234	5
157	196	1
157	393	3
157	368	2
157	173	3
157	354	1
157	186	5
157	219	2
157	162	2
157	332	2
157	184	3
157	251	1
157	336	2
157	294	1
157	208	1
157	172	1
157	230	2
157	261	1
157	306	2
157	286	1
157	378	3
157	249	1
157	300	1
157	215	3
157	283	1
157	259	2
157	333	2
157	161	2
157	233	3
157	274	2
157	369	1
157	364	1
157	254	5
157	331	1
157	182	4
157	244	1
157	310	1
157	250	2
157	223	3
157	200	1
157	247	1
157	181	1
157	229	1
157	158	1
157	376	1
157	324	1
157	222	1
157	280	2
157	216	2
157	337	1
157	263	2
157	240	1
157	213	1
157	285	1
157	390	1
157	323	1
157	329	2
157	268	1
157	228	1
157	363	2
157	311	1
157	361	1
157	236	2
157	313	1
157	395	1
157	273	1
157	375	1
157	335	1
157	262	1
157	316	2
157	164	2
157	365	1
157	272	1
157	187	1
157	317	1
157	245	1
157	367	1
157	242	1
157	175	1
157	177	1
157	343	1
157	168	1
157	241	1
157	197	1
157	370	1
157	220	1
157	322	1
157	377	1
158	244	1
158	163	1
158	235	1
158	298	2
158	310	1
158	250	1
158	223	1
158	200	1
158	393	1
158	368	1
158	247	1
158	181	1
158	229	1
158	219	1
158	376	1
158	332	1
158	184	1
158	215	1
158	324	1
158	222	1
158	333	1
158	280	1
158	233	1
158	216	1
158	337	1
158	263	1
158	254	1
158	240	1
158	284	1
158	194	1
158	186	1
158	369	1
158	189	1
158	327	1
158	373	1
159	163	1
159	235	2
159	190	1
159	284	3
159	298	2
159	185	1
159	221	1
159	169	1
159	330	1
159	349	1
159	295	1
159	314	1
159	287	1
159	267	2
159	384	1
159	194	1
159	234	1
159	196	3
159	393	1
159	368	1
159	173	1
159	354	1
159	186	4
159	219	2
159	162	3
159	332	1
159	184	1
159	251	1
159	336	1
159	294	1
159	208	1
159	172	1
159	230	1
159	261	2
159	306	1
159	286	1
159	378	1
159	249	1
159	300	3
159	215	1
159	283	1
159	259	2
159	333	1
159	161	2
159	233	1
159	274	2
159	369	1
159	364	1
159	254	2
159	331	1
159	182	4
159	223	2
159	242	1
159	389	1
159	225	1
159	309	1
159	166	1
159	195	1
159	180	1
159	324	2
159	236	4
159	240	2
159	381	1
159	199	1
159	350	1
159	366	1
159	394	1
159	372	1
159	252	1
159	397	1
159	386	1
159	373	1
159	367	1
159	391	1
159	285	2
159	343	1
159	365	2
159	164	1
159	272	1
159	316	2
159	187	1
159	317	1
159	245	2
159	243	1
159	220	1
159	175	1
159	197	1
160	270	1
160	178	2
160	203	2
160	304	3
160	361	1
160	347	1
160	162	1
160	191	1
160	176	2
160	222	1
160	263	1
160	233	1
160	226	1
160	314	1
160	294	2
160	272	1
160	344	1
160	274	1
160	350	1
160	329	1
160	389	1
160	175	1
160	349	1
160	280	1
160	165	1
160	210	1
161	213	1
161	298	4
161	221	4
161	313	3
161	233	4
161	266	1
161	393	3
161	184	5
161	272	1
161	175	1
161	163	3
161	235	1
161	190	2
161	284	1
161	185	3
161	169	2
161	330	2
161	349	2
161	295	2
161	314	2
161	287	3
161	267	1
161	384	1
161	194	2
161	234	1
161	196	2
161	368	1
161	173	2
161	354	3
161	186	6
161	219	1
161	162	1
161	332	2
161	251	1
161	336	1
161	294	1
161	208	2
161	172	3
161	230	2
161	261	1
161	306	1
161	286	1
161	378	3
161	249	1
161	300	4
161	215	1
161	283	1
161	259	3
161	333	2
161	274	1
161	369	2
161	364	3
161	254	2
161	331	2
161	182	2
161	164	1
161	389	1
161	257	1
161	365	1
161	281	1
161	276	1
161	250	1
161	214	2
161	397	2
161	270	1
161	381	1
161	199	1
161	350	1
161	366	1
161	394	1
161	372	1
161	252	1
161	386	1
161	373	1
161	311	1
161	361	1
161	236	1
161	329	1
161	227	1
161	207	1
162	213	2
162	310	2
162	169	5
162	200	1
162	181	1
162	354	4
162	186	5
162	219	5
162	347	4
162	184	4
162	251	4
162	288	1
162	294	2
162	208	6
162	378	3
162	167	4
162	192	3
162	377	2
162	259	3
162	333	2
162	236	2
162	360	1
162	302	1
162	272	4
162	369	3
162	331	5
162	240	3
162	182	5
162	284	3
162	228	2
162	185	2
162	367	1
162	207	1
162	349	2
162	314	3
162	234	3
162	242	2
162	233	2
162	163	1
162	235	1
162	190	1
162	298	2
162	221	2
162	330	1
162	295	2
162	287	1
162	267	2
162	384	1
162	194	1
162	196	2
162	393	2
162	368	3
162	173	2
162	332	1
162	336	1
162	172	2
162	230	2
162	261	3
162	306	1
162	286	3
162	249	1
162	300	2
162	215	1
162	283	1
162	274	2
162	364	1
162	254	4
162	178	3
162	203	3
162	262	2
162	362	2
162	225	5
162	220	2
162	309	2
162	324	1
162	216	1
162	175	1
162	348	1
162	327	1
162	257	1
162	218	1
162	266	1
162	285	2
162	250	2
162	395	1
162	322	2
162	177	1
162	385	1
162	356	1
162	315	2
162	263	2
162	223	2
162	389	1
162	166	1
162	195	1
162	212	1
162	329	1
162	270	1
162	304	1
162	361	1
162	278	1
162	323	1
162	211	1
162	344	1
162	289	1
162	290	1
162	380	1
162	164	3
162	365	1
162	316	1
162	187	1
162	317	1
162	311	1
162	171	1
162	165	1
162	382	1
162	231	1
162	340	1
162	191	1
163	170	1
163	250	3
163	223	2
163	297	1
163	378	3
163	360	1
163	254	4
163	240	2
163	235	3
163	190	2
163	284	1
163	298	3
163	185	2
163	221	3
163	169	3
163	330	2
163	349	1
163	295	1
163	314	1
163	287	2
163	267	1
163	384	1
163	194	2
163	234	1
163	196	1
163	393	3
163	368	2
163	173	3
163	354	1
163	186	4
163	219	2
163	332	2
163	184	4
163	251	1
163	336	3
163	294	1
163	208	1
163	172	1
163	230	2
163	261	1
163	306	1
163	286	1
163	249	1
163	300	1
163	215	2
163	283	1
163	259	2
163	333	2
163	233	3
163	274	2
163	369	1
163	364	1
163	331	1
163	182	3
163	244	1
163	310	1
163	200	1
163	247	1
163	181	2
163	229	1
163	376	1
163	324	1
163	222	2
163	280	2
163	216	1
163	337	1
163	263	1
163	276	1
163	214	1
163	397	1
163	311	1
163	361	1
163	236	2
163	313	1
163	329	1
163	165	1
163	377	1
163	237	2
163	210	1
163	227	1
163	395	1
163	273	1
163	375	1
163	335	1
163	207	1
163	209	1
163	252	1
163	213	1
163	171	1
163	302	1
164	185	2
164	221	1
164	349	1
164	295	1
164	314	2
164	354	1
164	186	2
164	389	1
164	257	2
164	332	1
164	184	1
164	208	3
164	172	2
164	378	2
164	365	2
164	300	1
164	333	1
164	313	1
164	233	2
164	281	1
164	369	1
164	254	2
164	367	2
164	243	1
164	393	2
164	302	1
164	285	2
164	181	1
164	289	1
164	236	1
164	235	1
164	242	2
164	220	2
164	366	1
164	376	1
164	215	1
164	272	2
164	223	1
164	316	1
164	187	1
164	317	1
164	182	1
164	196	3
164	276	2
164	169	1
164	368	1
164	362	1
164	204	1
164	225	1
164	377	1
164	245	1
164	234	1
164	306	1
164	280	1
164	274	1
164	175	1
164	213	2
164	252	1
164	286	1
164	310	1
164	203	1
164	273	1
164	338	1
164	336	1
165	367	1
165	287	1
165	205	1
165	221	1
165	393	2
165	354	2
165	364	2
165	359	1
165	352	2
165	315	2
165	235	1
165	222	2
165	377	1
165	237	1
165	210	1
165	227	1
165	178	3
165	228	1
165	310	1
165	223	1
165	177	2
165	208	1
165	232	1
165	282	1
165	254	1
165	244	1
165	276	1
165	309	1
165	284	1
165	241	1
165	302	1
165	279	1
165	331	1
165	261	1
165	171	2
165	166	1
165	349	1
165	217	1
165	341	1
165	382	1
165	271	1
165	230	1
165	378	1
165	368	1
165	362	1
165	225	1
165	172	1
166	367	1
166	173	1
166	181	1
166	339	1
166	297	1
166	239	1
166	300	3
166	259	2
166	236	1
166	232	1
166	274	1
166	216	1
166	187	1
166	223	2
166	196	2
166	242	1
166	186	1
166	219	1
166	389	1
166	261	2
166	225	1
166	309	1
166	195	1
166	254	1
166	256	1
166	345	1
166	311	1
166	184	1
166	172	1
166	230	1
166	222	1
166	333	2
166	240	1
166	291	1
166	250	1
166	272	1
166	224	1
166	171	1
166	352	1
166	185	2
166	188	1
166	378	1
166	377	1
166	211	1
167	213	2
167	310	1
167	169	1
167	200	1
167	181	1
167	354	1
167	186	1
167	219	2
167	347	1
167	184	2
167	251	1
167	288	1
167	294	1
167	208	2
167	378	3
167	192	1
167	377	1
167	259	1
167	333	1
167	236	1
167	360	1
167	302	2
167	272	3
167	369	2
167	331	2
167	240	1
167	182	2
167	284	1
167	228	2
167	185	2
167	367	1
167	207	4
167	349	2
167	314	1
167	234	1
167	242	1
167	233	1
167	221	1
167	364	1
167	212	2
167	329	1
167	206	1
167	218	1
167	341	1
167	395	1
167	172	1
167	254	1
167	276	1
167	380	1
167	365	1
167	309	1
167	371	1
167	280	1
167	301	1
167	244	1
167	235	1
167	315	1
167	332	1
167	204	1
167	210	1
168	254	1
168	235	1
168	276	1
168	200	1
168	317	1
168	347	1
168	332	1
168	313	1
168	331	1
168	354	1
168	271	3
168	230	1
168	237	1
168	241	2
168	197	1
168	218	1
168	228	1
168	327	1
168	171	1
168	394	1
168	257	1
168	175	1
169	213	2
169	310	1
169	200	2
169	181	1
169	354	4
169	186	6
169	219	3
169	347	3
169	184	3
169	251	3
169	288	1
169	294	2
169	208	3
169	378	4
169	192	4
169	377	4
169	259	3
169	333	2
169	236	5
169	360	2
169	302	1
169	272	2
169	369	3
169	331	2
169	240	4
169	182	8
169	235	3
169	190	4
169	284	1
169	298	2
169	185	1
169	221	4
169	330	2
169	349	2
169	295	2
169	314	2
169	287	2
169	267	2
169	384	2
169	194	2
169	234	2
169	196	3
169	393	3
169	368	5
169	173	4
169	332	2
169	336	2
169	172	2
169	230	2
169	261	3
169	306	1
169	286	1
169	249	1
169	300	1
169	215	1
169	283	1
169	233	3
169	274	2
169	364	2
169	254	4
169	220	4
169	175	2
169	178	2
169	203	1
169	262	2
169	362	5
169	225	4
169	309	2
169	324	1
169	216	1
169	361	2
169	321	1
169	322	2
169	325	1
169	350	2
169	352	1
169	372	2
169	371	1
169	280	2
169	227	1
169	334	1
169	187	1
169	278	1
169	323	1
169	311	2
169	313	1
169	329	1
169	395	1
169	273	1
169	375	1
169	335	1
169	214	1
169	170	2
169	276	1
169	204	1
169	171	1
169	242	1
170	250	1
170	223	1
170	297	1
170	378	1
170	360	1
170	254	1
170	240	1
170	235	2
170	248	2
170	242	2
170	364	1
171	227	1
171	332	1
171	230	1
171	261	2
171	348	1
171	204	1
171	286	1
171	186	1
171	387	1
171	258	1
171	275	1
171	352	1
171	354	1
171	368	1
171	362	1
171	311	1
171	347	1
171	240	1
171	182	1
171	288	2
171	213	1
171	302	1
171	172	1
171	263	1
171	280	1
171	378	1
171	315	1
171	218	1
171	228	1
171	327	1
172	245	1
172	221	4
172	287	2
172	200	1
172	383	1
172	186	6
172	280	1
172	369	4
172	364	3
172	235	1
172	190	1
172	284	1
172	298	1
172	185	2
172	330	1
172	349	2
172	295	3
172	314	3
172	267	2
172	384	1
172	194	1
172	234	2
172	196	1
172	393	1
172	368	2
172	173	2
172	354	4
172	219	2
172	332	2
172	184	5
172	251	3
172	336	1
172	294	1
172	208	4
172	230	2
172	261	2
172	306	1
172	286	1
172	378	4
172	249	1
172	300	2
172	215	1
172	283	1
172	259	1
172	333	4
172	233	3
172	274	2
172	254	4
172	331	1
172	182	3
172	178	2
172	203	1
172	262	1
172	362	1
172	225	1
172	220	4
172	192	2
172	309	1
172	324	1
172	377	1
172	236	2
172	216	2
172	175	2
172	389	1
172	257	2
172	365	1
172	313	1
172	281	1
172	256	1
172	345	1
172	223	1
172	311	2
172	222	1
172	240	1
172	291	1
172	231	1
172	373	1
172	387	1
172	218	1
172	341	1
172	395	1
172	302	2
172	316	1
172	224	1
172	288	1
172	213	1
172	252	1
172	263	1
172	328	1
172	390	1
172	253	1
173	235	1
173	190	2
173	284	1
173	298	2
173	185	2
173	221	4
173	330	2
173	349	3
173	295	2
173	314	4
173	287	2
173	267	2
173	384	1
173	194	2
173	234	2
173	196	2
173	393	2
173	368	2
173	354	2
173	186	5
173	219	2
173	332	1
173	184	2
173	251	2
173	336	2
173	294	1
173	208	3
173	230	2
173	261	3
173	306	1
173	286	1
173	378	3
173	249	1
173	300	2
173	215	1
173	283	1
173	259	3
173	333	2
173	233	3
173	274	4
173	369	1
173	364	1
173	254	5
173	331	1
173	182	4
173	178	1
173	203	1
173	262	1
173	362	1
173	225	2
173	220	1
173	192	2
173	309	1
173	324	3
173	377	1
173	236	5
173	216	3
173	175	1
173	367	1
173	181	1
173	339	1
173	297	1
173	239	1
173	232	1
173	187	1
173	341	1
173	257	1
173	311	1
173	361	1
173	313	1
173	329	1
173	263	1
173	275	1
173	395	1
173	273	1
173	375	1
173	335	1
173	379	1
173	398	1
173	399	1
173	373	1
173	366	1
173	360	1
173	365	1
173	321	1
174	205	1
174	247	1
174	208	1
174	235	1
175	372	1
175	266	1
175	393	1
175	184	4
175	272	1
175	347	2
175	220	4
175	178	1
175	203	1
175	262	1
175	221	1
175	295	1
175	314	1
175	267	1
175	234	2
175	368	1
175	362	1
175	354	1
175	186	2
175	219	1
175	251	1
175	208	1
175	261	1
175	378	2
175	225	1
175	192	2
175	309	1
175	324	1
175	377	1
175	236	1
175	274	2
175	216	1
175	254	1
175	182	3
175	197	1
175	371	2
175	243	1
175	212	1
175	224	1
175	288	1
175	333	1
175	245	2
175	367	1
175	242	1
175	306	1
175	280	1
175	207	1
175	349	1
175	276	1
175	383	1
175	389	2
175	394	1
175	363	1
175	257	1
175	340	1
175	327	1
176	381	1
176	346	1
176	353	1
176	232	1
176	227	1
176	182	1
176	191	1
176	265	1
176	344	1
177	218	1
177	266	1
177	228	2
177	310	2
177	285	1
177	250	1
177	395	1
177	251	1
177	322	1
177	385	1
177	356	1
177	315	1
177	263	1
177	254	2
177	240	1
177	178	1
177	223	1
177	208	1
177	232	1
177	282	1
177	234	1
177	186	1
177	363	1
177	343	1
178	241	2
178	212	1
178	213	1
178	270	2
178	348	1
178	192	2
178	329	1
178	263	2
178	203	2
178	262	1
178	221	1
178	295	1
178	314	1
178	267	1
178	234	1
178	368	1
178	362	1
178	354	1
178	186	2
178	219	1
178	251	1
178	208	2
178	261	1
178	378	1
178	225	1
178	220	1
178	309	1
178	324	1
178	377	1
178	236	1
178	274	1
178	216	2
178	254	3
178	182	1
178	190	1
178	361	2
178	332	2
178	321	1
178	304	1
178	347	1
178	207	1
178	349	1
178	366	2
178	376	1
178	343	1
178	228	2
178	310	1
178	223	1
178	232	1
178	282	1
178	284	3
178	286	1
178	302	1
178	279	1
178	331	1
178	322	1
178	375	1
178	335	1
178	272	1
179	298	1
179	307	1
179	180	1
179	347	1
179	322	1
179	212	2
179	313	1
179	244	1
179	377	1
179	302	1
179	225	1
179	204	1
180	298	1
180	307	2
180	347	1
180	322	1
180	212	4
180	200	1
180	368	1
180	362	1
180	395	1
180	354	1
180	261	1
180	378	1
180	343	1
180	231	1
180	377	1
180	259	1
180	236	1
180	281	1
180	263	1
180	274	1
180	250	3
180	264	1
180	288	1
180	192	1
180	244	2
180	332	1
180	339	1
180	331	1
180	270	1
181	213	1
181	310	2
181	200	2
181	354	1
181	186	1
181	219	2
181	347	1
181	184	2
181	251	1
181	288	1
181	294	1
181	208	1
181	378	1
181	192	1
181	377	1
181	259	2
181	333	3
181	236	3
181	360	1
181	302	1
181	272	3
181	369	1
181	331	1
181	240	2
181	182	1
181	244	1
181	235	1
181	298	1
181	250	1
181	223	1
181	393	1
181	368	2
181	247	1
181	229	1
181	376	1
181	332	1
181	215	1
181	324	1
181	222	1
181	280	1
181	233	1
181	216	2
181	337	1
181	263	1
181	254	1
181	367	1
181	339	1
181	297	1
181	239	1
181	300	1
181	232	1
181	274	1
181	187	1
181	285	4
181	217	1
181	267	1
181	289	1
181	271	1
181	209	1
181	252	1
181	237	1
181	363	1
182	213	1
182	310	1
182	200	1
182	354	4
182	186	7
182	219	4
182	347	2
182	184	4
182	251	6
182	288	2
182	294	2
182	208	3
182	378	4
182	192	4
182	377	2
182	259	3
182	333	4
182	236	10
182	360	5
182	302	1
182	272	2
182	369	2
182	331	2
182	240	9
182	381	1
182	346	1
182	353	1
182	232	1
182	227	1
182	235	1
182	190	3
182	284	1
182	298	2
182	185	1
182	221	5
182	330	2
182	349	3
182	295	2
182	314	2
182	287	2
182	267	3
182	384	1
182	194	2
182	234	2
182	196	1
182	393	2
182	368	3
182	332	1
182	336	2
182	230	2
182	261	2
182	306	1
182	286	1
182	249	1
182	300	1
182	215	1
182	283	1
182	233	2
182	274	4
182	364	1
182	254	3
182	203	1
182	262	1
182	362	2
182	225	1
182	220	2
182	309	1
182	324	2
182	216	1
182	276	1
182	311	3
182	361	1
182	313	2
182	329	1
182	207	2
182	206	1
182	395	1
182	273	1
182	375	1
182	335	1
182	285	1
182	224	1
182	223	1
182	365	1
182	316	1
182	187	1
182	317	1
182	399	1
182	245	1
182	341	1
182	229	1
182	222	1
182	318	1
182	195	1
182	211	1
182	197	1
183	265	1
183	322	1
183	302	8
183	233	1
183	325	1
183	289	1
183	311	1
183	377	1
183	315	1
183	332	1
183	319	1
183	251	1
183	354	1
184	213	4
184	310	2
184	200	2
184	354	3
184	186	6
184	219	4
184	347	1
184	251	2
184	288	2
184	294	2
184	208	4
184	378	4
184	192	2
184	377	1
184	259	4
184	333	7
184	236	2
184	360	1
184	302	1
184	272	3
184	369	3
184	331	3
184	240	3
184	284	2
184	228	1
184	185	3
184	367	1
184	207	1
184	349	3
184	314	3
184	234	2
184	242	1
184	233	5
184	266	1
184	393	4
184	235	2
184	190	2
184	298	4
184	221	3
184	330	2
184	295	2
184	287	2
184	267	2
184	384	1
184	194	2
184	196	1
184	368	2
184	332	3
184	336	1
184	230	3
184	261	1
184	306	1
184	286	1
184	249	1
184	300	2
184	215	2
184	283	1
184	274	2
184	364	1
184	254	3
184	244	2
184	250	2
184	223	2
184	247	1
184	229	1
184	376	1
184	324	1
184	222	2
184	280	1
184	216	1
184	337	2
184	263	1
184	318	1
184	389	3
184	257	1
184	365	1
184	313	2
184	281	1
184	276	2
184	214	1
184	397	1
184	256	1
184	345	1
184	311	2
184	291	1
184	231	1
184	373	1
184	387	1
184	361	1
184	329	1
184	224	1
184	220	1
184	252	1
184	383	1
184	394	1
184	352	1
184	191	1
185	349	6
185	213	2
185	284	3
185	228	1
185	367	1
185	207	4
185	314	3
185	234	2
185	242	1
185	208	3
185	272	1
185	233	5
185	331	4
185	235	1
185	190	1
185	298	1
185	221	4
185	330	1
185	295	2
185	287	1
185	267	1
185	384	1
185	194	1
185	196	1
185	393	1
185	368	1
185	354	2
185	186	2
185	219	2
185	332	2
185	251	1
185	336	2
185	294	1
185	230	2
185	261	1
185	306	2
185	286	1
185	378	3
185	249	2
185	300	2
185	215	1
185	283	1
185	259	1
185	333	2
185	274	1
185	369	2
185	364	3
185	254	2
185	343	1
185	192	1
185	309	1
185	232	2
185	389	2
185	257	1
185	365	1
185	313	1
185	281	1
185	243	2
185	350	1
185	397	1
185	225	1
185	187	1
185	280	1
185	223	1
185	276	1
185	321	2
185	289	1
185	373	1
186	213	2
186	310	1
186	200	2
186	354	5
186	219	4
186	347	1
186	251	4
186	288	2
186	294	2
186	208	4
186	378	6
186	192	4
186	377	2
186	259	5
186	333	4
186	236	7
186	360	1
186	302	1
186	272	3
186	369	5
186	331	2
186	240	1
186	245	1
186	221	6
186	287	4
186	383	1
186	280	1
186	364	4
186	235	1
186	190	2
186	284	3
186	298	3
186	330	2
186	349	3
186	295	3
186	314	3
186	267	2
186	384	1
186	194	4
186	234	3
186	196	3
186	393	2
186	368	2
186	332	2
186	336	3
186	230	2
186	261	3
186	306	1
186	286	1
186	249	1
186	300	3
186	215	1
186	283	1
186	233	4
186	274	3
186	254	6
186	203	2
186	262	1
186	362	1
186	225	2
186	220	2
186	309	2
186	324	2
186	216	1
186	301	1
186	223	2
186	242	1
186	389	2
186	195	1
186	257	2
186	365	3
186	313	2
186	281	1
186	276	1
186	250	1
186	214	1
186	397	1
186	207	1
186	366	1
186	376	1
186	343	2
186	341	1
186	270	1
186	311	1
186	361	1
186	329	1
186	395	2
186	273	1
186	375	1
186	335	1
186	224	1
186	316	1
186	187	1
186	317	1
186	363	1
186	211	2
187	332	1
187	367	1
187	339	1
187	297	1
187	239	2
187	300	1
187	259	1
187	236	1
187	232	2
187	274	2
187	216	2
187	295	1
187	345	1
187	334	2
187	225	2
187	220	1
187	284	1
187	390	1
187	209	1
187	377	1
187	323	1
187	393	1
187	383	2
187	373	2
187	359	1
187	363	1
187	199	2
187	214	1
187	365	2
187	357	1
187	223	1
187	272	1
187	316	1
187	317	1
187	249	1
187	331	1
187	381	1
187	248	1
187	207	2
187	343	1
187	349	1
187	338	1
187	392	1
188	223	1
188	261	1
188	281	1
188	346	1
188	285	1
188	301	1
188	307	1
188	354	1
188	289	1
188	262	1
188	268	1
188	294	1
189	220	1
189	231	1
189	232	1
189	210	1
189	348	1
190	235	1
190	284	1
190	298	2
190	221	2
190	330	2
190	349	2
190	295	3
190	314	1
190	287	2
190	267	1
190	384	1
190	194	2
190	234	1
190	196	1
190	393	2
190	368	1
190	354	1
190	219	1
190	332	2
190	251	1
190	336	3
190	294	1
190	208	1
190	230	2
190	261	1
190	306	1
190	286	1
190	378	2
190	249	1
190	300	1
190	215	1
190	283	1
190	259	2
190	333	1
190	233	3
190	274	3
190	369	1
190	364	1
190	254	1
190	331	1
190	361	2
190	321	1
190	352	1
190	311	1
190	236	1
190	313	1
190	329	1
190	247	1
190	240	1
190	341	3
191	312	2
191	266	1
191	223	1
191	212	2
191	195	1
191	245	1
191	368	1
191	337	1
191	304	1
191	387	1
191	314	1
192	213	2
192	310	1
192	200	1
192	354	3
192	219	2
192	347	1
192	251	3
192	288	2
192	294	1
192	208	2
192	378	3
192	377	2
192	259	1
192	333	2
192	236	3
192	360	2
192	302	1
192	272	3
192	369	1
192	331	2
192	240	2
192	207	1
192	349	1
192	343	1
192	309	2
192	232	1
192	233	1
192	270	1
192	348	1
192	329	3
192	263	1
192	203	1
192	262	1
192	221	1
192	295	1
192	314	1
192	267	1
192	234	1
192	368	2
192	362	2
192	261	2
192	225	2
192	220	2
192	324	1
192	274	2
192	216	2
192	254	1
192	325	1
192	350	1
192	352	1
192	372	1
192	371	1
192	280	1
192	364	1
192	227	1
192	224	1
192	212	1
192	229	1
192	222	1
192	393	1
192	214	1
192	241	1
193	376	1
193	324	1
193	221	1
193	334	1
193	350	1
193	225	1
193	371	1
193	284	1
193	256	1
193	311	1
193	302	1
193	240	1
194	235	1
194	284	2
194	298	3
194	221	2
194	330	2
194	349	1
194	295	1
194	314	1
194	287	2
194	267	1
194	384	2
194	234	1
194	196	1
194	393	2
194	368	1
194	354	1
194	219	1
194	332	1
194	251	1
194	336	1
194	294	1
194	208	1
194	230	2
194	261	1
194	306	1
194	286	2
194	378	2
194	249	1
194	300	1
194	215	1
194	283	1
194	259	2
194	333	1
194	233	2
194	274	1
194	369	2
194	364	1
194	254	1
194	331	1
194	207	2
194	348	1
194	214	3
194	389	1
194	322	1
194	365	1
194	321	1
194	236	2
194	211	1
194	240	1
194	311	1
194	361	1
194	313	2
194	329	1
194	357	1
194	390	1
194	373	1
195	223	2
195	196	1
195	242	1
195	219	1
195	389	1
195	261	1
195	225	1
195	300	1
195	309	1
195	259	1
195	254	1
195	266	1
195	212	1
195	314	1
195	333	1
196	235	1
196	284	1
196	298	2
196	221	1
196	330	1
196	349	2
196	295	1
196	314	2
196	287	1
196	267	1
196	384	2
196	234	1
196	393	3
196	368	2
196	354	1
196	219	2
196	332	1
196	251	1
196	336	1
196	294	1
196	208	1
196	230	1
196	261	2
196	306	1
196	286	1
196	378	1
196	249	1
196	300	3
196	215	1
196	283	1
196	259	3
196	333	2
196	233	2
196	274	1
196	369	1
196	364	1
196	254	4
196	331	1
196	223	1
196	242	2
196	389	1
196	225	2
196	309	1
196	273	1
196	338	1
196	381	1
196	199	1
196	350	2
196	366	2
196	394	1
196	372	2
196	252	1
196	397	1
196	386	1
196	373	1
196	214	1
196	280	1
196	276	1
196	362	1
196	204	1
196	220	1
196	377	1
196	360	1
196	355	2
196	390	1
196	326	2
196	310	1
196	211	1
197	371	1
197	250	1
197	225	3
197	231	1
197	313	2
197	321	1
197	397	1
197	254	1
197	241	1
197	221	1
197	348	1
197	220	1
197	316	1
197	323	1
197	245	1
199	381	1
199	298	1
199	350	1
199	366	1
199	394	1
199	300	1
199	372	1
199	252	1
199	397	1
199	386	1
199	373	2
199	392	1
199	383	1
199	214	1
199	365	1
199	357	1
199	389	1
200	213	1
200	310	2
200	354	2
200	219	2
200	347	1
200	251	1
200	288	1
200	294	1
200	208	1
200	378	3
200	377	2
200	259	2
200	333	2
200	236	2
200	360	1
200	302	1
200	272	1
200	369	3
200	331	1
200	240	2
200	245	2
200	228	1
200	352	1
200	300	1
200	364	2
200	387	1
200	221	1
200	287	1
200	383	1
200	280	2
200	244	1
200	235	2
200	298	1
200	250	1
200	223	1
200	393	1
200	368	2
200	247	1
200	229	1
200	376	1
200	332	1
200	215	1
200	324	1
200	222	1
200	233	1
200	216	1
200	337	1
200	263	2
200	254	1
200	362	1
200	395	1
200	261	1
200	343	1
200	212	1
200	231	1
200	281	1
200	225	2
200	290	1
200	276	1
200	317	1
200	289	2
202	270	2
202	212	1
203	262	2
203	221	1
203	295	1
203	314	1
203	267	1
203	234	1
203	368	1
203	362	1
203	354	1
203	219	1
203	251	1
203	208	1
203	261	1
203	378	1
203	225	2
203	220	1
203	309	1
203	324	1
203	377	1
203	236	1
203	274	1
203	216	1
203	254	1
203	213	1
203	270	1
203	304	1
203	361	1
203	347	1
203	250	1
203	263	1
203	294	1
203	291	1
204	271	1
204	213	1
204	276	2
204	214	1
204	339	1
204	261	1
204	231	1
204	331	1
204	286	1
204	368	1
204	362	1
204	225	1
204	220	1
204	377	1
204	302	1
204	250	1
204	242	1
205	367	1
205	287	1
205	329	1
206	207	1
206	349	1
206	219	1
207	349	19
207	242	3
207	343	4
207	215	1
207	360	1
207	319	1
207	373	2
207	213	2
207	284	1
207	228	2
207	367	1
207	314	2
207	234	1
207	208	1
207	272	1
207	233	2
207	331	2
207	309	1
207	232	1
207	221	2
207	378	1
207	364	1
207	321	2
207	348	1
207	214	3
207	389	3
207	322	1
207	365	2
207	236	1
207	211	1
207	240	1
207	366	2
207	376	1
207	219	1
207	370	1
207	245	3
207	264	2
207	336	2
207	250	1
207	227	1
207	280	1
207	341	1
207	276	1
207	359	1
207	231	1
207	387	1
208	213	2
208	310	2
208	354	4
208	219	3
208	347	1
208	251	3
208	288	1
208	294	2
208	378	4
208	377	2
208	259	2
208	333	5
208	236	2
208	360	1
208	302	1
208	272	3
208	369	3
208	331	3
208	240	1
208	284	2
208	228	2
208	367	1
208	349	3
208	314	5
208	234	3
208	242	1
208	233	3
208	235	1
208	298	1
208	221	3
208	330	1
208	295	3
208	287	1
208	267	2
208	384	1
208	393	1
208	368	2
208	332	2
208	336	1
208	230	1
208	261	3
208	306	1
208	286	2
208	249	1
208	300	2
208	215	2
208	283	1
208	274	2
208	364	1
208	254	4
208	262	1
208	362	1
208	225	2
208	220	2
208	309	1
208	324	1
208	216	2
208	389	1
208	257	1
208	365	1
208	313	1
208	281	1
208	263	1
208	275	1
208	285	1
208	223	1
208	232	1
208	282	1
208	316	1
208	366	1
208	376	1
208	247	1
208	341	1
209	325	1
209	234	1
209	212	1
209	215	1
209	284	1
209	390	1
209	239	1
209	377	1
209	323	1
209	252	1
209	237	1
209	319	1
209	263	1
209	357	1
209	358	1
209	363	1
210	337	1
210	220	3
210	231	1
210	232	1
210	235	1
210	222	1
210	377	1
210	237	1
210	227	1
210	224	2
210	302	1
210	392	1
210	398	1
210	318	1
210	347	1
210	333	1
210	316	1
210	274	1
210	329	1
211	228	2
211	367	1
211	330	1
211	214	2
211	350	1
211	317	1
211	373	1
211	227	1
211	250	1
211	229	1
211	216	1
211	348	1
211	389	1
211	322	1
211	365	1
211	321	1
211	236	1
211	240	2
211	358	1
211	259	1
211	281	1
211	234	1
211	318	1
211	378	1
211	377	1
212	241	1
212	298	1
212	307	2
212	347	2
212	322	2
212	325	1
212	234	1
212	215	1
212	368	1
212	362	1
212	395	1
212	354	1
212	261	1
212	378	1
212	343	1
212	231	1
212	377	1
212	259	1
212	236	1
212	281	1
212	263	1
212	329	1
212	270	1
212	315	2
212	264	2
212	387	1
212	225	1
212	266	1
212	223	1
212	243	1
212	251	1
212	316	1
212	256	2
212	250	1
212	288	1
212	244	4
212	235	1
212	232	1
213	310	1
213	354	1
213	219	1
213	347	1
213	251	1
213	288	1
213	294	1
213	378	1
213	377	2
213	259	1
213	333	1
213	236	1
213	360	1
213	302	2
213	272	3
213	369	1
213	331	3
213	240	1
213	214	3
213	248	1
213	298	1
213	221	1
213	313	1
213	233	2
213	284	2
213	228	1
213	367	1
213	349	3
213	314	2
213	234	3
213	242	1
213	270	1
213	348	1
213	329	2
213	263	2
213	285	1
213	250	2
213	223	1
213	267	1
213	390	1
213	323	1
213	235	2
213	308	1
213	241	2
213	225	1
213	398	2
213	271	1
213	276	2
213	339	1
213	261	1
213	231	1
213	373	1
213	389	1
213	252	2
213	245	1
213	257	2
213	362	1
213	237	1
213	215	1
213	309	1
213	254	1
213	399	1
213	386	1
213	364	1
214	248	1
214	229	2
214	369	1
214	228	2
214	367	2
214	330	1
214	350	3
214	317	2
214	373	2
214	227	2
214	276	2
214	250	1
214	397	1
214	348	2
214	389	2
214	322	1
214	365	3
214	321	1
214	236	1
214	240	1
214	384	2
214	313	1
214	357	2
214	271	1
214	339	1
214	261	1
214	231	2
214	331	3
214	383	4
214	349	2
214	393	2
214	372	1
214	280	1
214	233	1
214	226	1
214	354	1
214	364	1
214	264	1
214	378	1
214	252	3
214	359	2
214	265	1
215	349	2
215	242	1
215	343	1
215	360	1
215	319	1
215	373	1
215	235	2
215	284	1
215	298	2
215	221	2
215	330	1
215	295	1
215	314	2
215	287	1
215	267	1
215	384	1
215	234	3
215	393	2
215	368	2
215	354	1
215	219	2
215	332	2
215	251	1
215	336	1
215	294	1
215	230	1
215	261	1
215	306	1
215	286	1
215	378	1
215	249	1
215	300	1
215	283	1
215	259	1
215	333	2
215	233	2
215	274	1
215	369	1
215	364	1
215	254	3
215	331	1
215	244	1
215	310	1
215	250	1
215	223	1
215	247	1
215	229	1
215	376	2
215	324	2
215	222	1
215	280	1
215	216	1
215	337	1
215	263	1
215	240	1
215	325	1
215	278	1
215	268	1
215	290	1
215	366	1
215	272	1
215	255	4
215	262	1
216	244	1
216	235	1
216	298	1
216	310	1
216	250	2
216	223	1
216	393	1
216	368	2
216	247	1
216	229	2
216	219	2
216	376	1
216	332	1
216	324	2
216	222	1
216	333	2
216	280	1
216	233	1
216	337	1
216	263	2
216	254	2
216	240	1
216	262	1
216	221	1
216	295	2
216	314	1
216	267	1
216	234	1
216	362	1
216	354	1
216	251	1
216	261	2
216	378	1
216	225	1
216	220	1
216	309	2
216	377	1
216	236	2
216	274	3
216	367	1
216	339	1
216	297	1
216	239	1
216	300	1
216	259	1
216	232	1
216	228	2
216	331	1
216	275	1
216	285	1
216	319	2
216	301	1
217	285	1
217	221	1
217	347	1
217	349	1
217	300	1
217	234	1
217	276	1
217	237	1
218	266	1
218	228	2
218	310	1
218	285	1
218	250	4
218	395	2
218	251	2
218	322	1
218	385	1
218	356	1
218	315	1
218	263	1
218	254	2
218	240	1
218	399	1
218	231	1
218	324	1
218	341	1
218	378	1
218	302	1
218	369	1
218	237	2
218	232	1
218	368	1
218	362	1
218	354	1
218	327	1
219	310	2
219	354	3
219	347	2
219	251	3
219	288	1
219	294	2
219	378	3
219	377	2
219	259	3
219	333	3
219	236	2
219	360	2
219	302	1
219	272	2
219	369	2
219	331	2
219	240	2
219	235	2
219	284	3
219	298	2
219	221	2
219	330	1
219	349	2
219	295	2
219	314	2
219	287	1
219	267	2
219	384	1
219	234	2
219	393	2
219	368	3
219	332	2
219	336	1
219	230	1
219	261	3
219	306	1
219	286	1
219	249	1
219	300	2
219	283	1
219	233	2
219	274	2
219	364	1
219	254	4
219	244	1
219	250	1
219	223	2
219	247	1
219	229	1
219	376	1
219	324	2
219	222	2
219	280	1
219	337	1
219	263	1
219	262	1
219	362	1
219	225	2
219	220	1
219	309	2
219	242	1
219	389	1
220	347	2
220	262	1
220	221	1
220	295	1
220	314	1
220	267	1
220	234	1
220	368	3
220	362	3
220	354	2
220	251	1
220	261	1
220	378	1
220	225	5
220	309	1
220	324	1
220	377	2
220	236	1
220	274	1
220	254	1
220	334	1
220	231	1
220	232	1
220	344	1
220	272	1
220	271	1
220	316	1
220	242	2
220	224	1
220	288	1
220	333	1
220	276	1
220	300	2
220	243	1
220	393	1
220	365	1
220	284	1
220	348	1
220	270	1
220	296	1
220	287	1
221	245	2
221	287	3
221	383	1
221	280	1
221	369	3
221	364	4
221	298	3
221	313	5
221	233	4
221	235	1
221	284	2
221	330	2
221	349	3
221	295	3
221	314	3
221	267	2
221	384	1
221	234	2
221	393	3
221	368	2
221	354	4
221	332	2
221	251	2
221	336	2
221	294	1
221	230	2
221	261	2
221	306	1
221	286	1
221	378	5
221	249	1
221	300	2
221	283	1
221	259	2
221	333	3
221	274	2
221	254	4
221	331	1
221	262	1
221	362	1
221	225	2
221	309	1
221	324	2
221	377	1
221	236	3
221	278	1
221	389	1
221	257	1
221	365	1
221	281	1
221	285	1
221	347	1
221	334	1
221	350	2
221	371	1
221	311	2
221	361	1
221	329	1
221	395	1
221	273	1
221	375	1
221	335	1
221	243	1
221	397	1
221	276	1
221	366	1
221	359	1
221	231	1
221	264	1
221	244	1
222	244	1
222	235	2
222	298	1
222	310	1
222	250	1
222	223	2
222	393	1
222	368	1
222	247	1
222	229	2
222	376	1
222	332	1
222	324	1
222	333	3
222	280	1
222	233	1
222	337	1
222	263	2
222	254	1
222	240	3
222	256	1
222	345	1
222	311	3
222	230	3
222	291	2
222	284	1
222	347	1
222	360	2
222	272	1
222	377	1
222	237	1
222	227	1
222	251	1
222	236	1
222	274	1
222	354	1
222	258	1
223	250	3
223	297	1
223	378	2
223	360	1
223	254	4
223	240	3
223	244	1
223	235	1
223	298	1
223	310	2
223	393	2
223	368	1
223	247	1
223	229	1
223	376	1
223	332	1
223	324	1
223	333	2
223	280	2
223	233	1
223	337	1
223	263	2
223	285	1
223	349	1
223	314	1
223	267	1
223	234	1
223	390	1
223	323	1
223	329	1
223	242	1
223	389	1
223	261	2
223	225	1
223	300	1
223	309	1
223	259	1
223	281	1
223	256	1
223	345	1
223	311	1
223	230	1
223	291	1
223	383	2
223	363	1
223	373	1
223	228	1
223	232	1
223	282	1
223	266	1
223	231	1
223	226	1
223	365	1
223	272	1
223	316	1
223	317	1
223	276	1
223	307	1
223	249	1
223	397	1
223	253	1
223	290	1
224	288	1
224	333	1
224	302	2
225	262	3
225	295	1
225	314	1
225	267	1
225	234	2
225	368	2
225	362	2
225	354	1
225	251	1
225	261	2
225	378	1
225	309	2
225	324	1
225	377	2
225	236	1
225	274	1
225	254	2
225	242	1
225	389	1
225	300	1
225	259	1
225	334	2
225	350	1
225	371	1
225	250	2
225	263	1
225	290	1
225	322	1
225	278	1
225	323	1
225	241	1
225	398	1
225	344	1
225	347	1
225	272	1
225	231	1
225	313	1
225	249	1
225	232	1
225	331	1
225	276	1
225	348	1
225	289	1
226	304	1
226	233	1
226	231	1
226	383	1
226	386	1
226	395	1
227	381	1
227	346	1
227	353	1
227	232	1
227	228	1
227	367	1
227	330	1
227	350	2
227	317	1
227	373	1
227	325	1
227	368	1
227	362	1
227	354	2
227	261	1
227	352	1
227	372	1
227	371	1
227	280	1
227	364	2
227	235	1
227	377	1
227	237	1
227	349	1
227	314	1
227	331	1
227	315	1
228	245	1
228	352	1
228	300	1
228	369	1
228	364	1
228	387	1
228	284	1
228	367	2
228	349	1
228	314	1
228	234	2
228	242	1
228	272	1
228	233	1
228	331	2
228	330	1
228	350	1
228	317	1
228	373	1
228	266	1
228	310	2
228	285	1
228	250	2
228	395	1
228	251	1
228	322	1
228	385	1
228	356	1
228	315	1
228	263	1
228	254	2
228	240	1
228	229	1
228	363	1
228	232	1
228	282	1
228	360	1
228	264	1
228	309	1
228	319	1
228	327	1
228	358	1
228	316	1
229	369	2
229	244	1
229	235	1
229	298	1
229	310	1
229	250	2
229	393	1
229	368	1
229	247	1
229	376	1
229	332	1
229	324	1
229	333	1
229	280	1
229	233	2
229	337	1
229	263	1
229	254	1
229	240	2
229	348	1
229	365	1
229	331	1
229	251	1
229	236	1
229	360	1
229	274	1
230	235	1
230	284	1
230	298	2
230	330	2
230	349	2
230	295	1
230	314	1
230	287	2
230	267	1
230	384	1
230	234	1
230	393	2
230	368	1
230	354	2
230	332	2
230	251	1
230	336	1
230	294	1
230	261	2
230	306	1
230	286	1
230	378	2
230	249	1
230	300	1
230	283	1
230	259	2
230	333	2
230	233	2
230	274	1
230	369	1
230	364	1
230	254	1
230	331	1
230	256	1
230	345	1
230	311	2
230	240	1
230	291	3
230	361	1
230	236	1
230	313	1
230	329	1
230	271	2
230	328	1
231	368	2
231	362	2
231	395	1
231	354	1
231	261	2
231	378	1
231	343	1
231	377	1
231	259	1
231	236	1
231	281	1
231	263	1
231	250	2
231	399	1
231	324	2
231	232	2
231	264	1
231	329	1
231	373	1
231	387	1
231	322	1
231	271	1
231	276	2
231	339	1
231	331	2
231	313	1
231	366	1
231	359	1
231	389	1
231	252	1
232	381	1
232	346	1
232	353	1
232	349	1
232	343	1
232	309	1
232	233	1
232	331	2
232	367	1
232	339	1
232	297	1
232	239	1
232	300	1
232	259	1
232	236	1
232	274	1
232	368	1
232	362	1
232	264	1
232	329	1
232	310	1
232	282	1
232	254	1
232	249	1
232	250	1
232	322	1
233	298	4
233	313	3
233	284	2
233	367	1
233	349	5
233	314	3
233	234	2
233	242	2
233	272	1
233	331	4
233	235	2
233	330	2
233	295	2
233	287	2
233	267	2
233	384	2
233	393	4
233	368	2
233	354	2
233	332	3
233	251	2
233	336	1
233	294	1
233	261	1
233	306	1
233	286	1
233	378	4
233	249	1
233	300	2
233	283	1
233	259	2
233	333	3
233	274	1
233	369	2
233	364	3
233	254	3
233	343	1
233	309	1
233	244	1
233	310	1
233	250	1
233	247	1
233	376	1
233	324	1
233	280	2
233	337	1
233	263	1
233	240	1
233	389	1
233	257	1
233	365	1
233	281	1
233	352	1
233	322	1
233	302	1
233	236	2
233	311	1
233	361	1
233	329	1
233	275	1
233	350	1
233	372	1
233	304	1
233	258	1
233	388	1
233	303	1
234	284	3
234	367	2
234	349	3
234	314	4
234	242	2
234	272	1
234	331	3
234	235	2
234	298	1
234	330	1
234	295	2
234	287	1
234	267	3
234	384	1
234	393	1
234	368	2
234	354	2
234	332	1
234	251	2
234	336	1
234	294	1
234	261	2
234	306	2
234	286	1
234	378	3
234	249	1
234	300	1
234	283	1
234	259	1
234	333	1
234	274	4
234	369	1
234	364	1
234	254	3
234	262	2
234	362	1
234	309	1
234	324	1
234	377	1
234	236	1
234	285	1
234	250	1
234	390	1
234	323	1
234	329	1
234	263	1
234	325	1
234	268	1
234	308	1
234	360	1
234	245	1
234	280	1
234	363	1
234	343	1
235	284	2
235	298	2
235	330	1
235	349	1
235	295	1
235	314	1
235	287	1
235	267	1
235	384	1
235	393	2
235	368	2
235	354	1
235	332	2
235	251	1
235	336	1
235	294	1
235	261	1
235	306	1
235	286	1
235	378	1
235	249	1
235	300	1
235	283	1
235	259	1
235	333	2
235	274	1
235	369	1
235	364	2
235	254	2
235	331	1
235	244	2
235	310	1
235	250	1
235	247	1
235	376	1
235	324	1
235	280	1
235	337	1
235	263	1
235	240	1
235	293	1
235	316	1
235	308	1
235	276	1
235	317	1
235	367	1
235	377	1
235	237	1
235	341	1
235	352	1
235	315	1
235	242	1
236	310	1
236	354	3
236	347	1
236	251	5
236	288	1
236	294	1
236	378	5
236	377	3
236	259	5
236	333	1
236	360	7
236	302	1
236	272	1
236	369	1
236	331	1
236	240	6
236	262	1
236	295	1
236	314	1
236	267	3
236	368	2
236	362	2
236	261	2
236	309	1
236	324	3
236	274	6
236	254	3
236	395	2
236	343	1
236	281	1
236	263	1
236	367	1
236	339	1
236	297	1
236	239	1
236	300	1
236	348	1
236	389	1
236	322	1
236	365	1
236	321	1
236	341	2
236	257	1
236	364	1
236	298	1
236	330	1
236	287	1
236	393	1
236	311	1
236	361	1
236	313	1
236	329	1
236	273	1
236	336	1
236	375	1
236	335	1
236	285	2
236	289	1
236	366	1
236	282	1
236	284	1
237	319	1
237	258	1
237	377	1
237	274	1
237	263	1
237	251	1
237	307	1
237	252	1
237	309	3
237	362	1
237	345	1
237	334	1
237	332	1
239	367	1
239	339	1
239	297	1
239	300	1
239	259	1
239	274	1
239	284	1
239	390	2
239	377	1
239	323	1
239	265	1
239	262	1
239	240	1
240	310	4
240	354	2
240	347	2
240	251	4
240	288	1
240	294	1
240	378	2
240	377	1
240	259	1
240	333	3
240	360	5
240	302	2
240	272	1
240	369	1
240	331	1
240	250	3
240	297	1
240	254	3
240	244	1
240	298	1
240	393	1
240	368	2
240	247	1
240	376	1
240	332	1
240	324	2
240	280	1
240	337	1
240	263	2
240	266	1
240	285	2
240	395	1
240	322	2
240	385	1
240	356	1
240	315	1
240	256	1
240	345	1
240	311	4
240	291	1
240	348	1
240	389	1
240	365	1
240	321	1
240	267	1
240	276	1
240	362	1
240	274	1
240	318	2
240	372	1
240	316	1
241	398	1
241	284	1
241	302	1
241	279	1
241	331	1
241	378	1
241	245	2
241	257	1
241	394	1
241	272	1
241	329	1
241	332	1
242	349	2
242	343	1
242	360	1
242	319	1
242	373	1
242	284	1
242	367	2
242	314	1
242	272	1
242	331	1
242	389	3
242	261	1
242	300	1
242	309	1
242	259	1
242	254	1
242	273	1
242	338	1
242	302	1
242	384	1
242	395	1
242	278	1
242	387	2
242	245	1
242	306	1
242	378	1
242	280	1
242	274	1
242	364	1
242	341	1
242	365	1
242	371	1
242	323	1
242	296	1
243	334	1
243	373	1
243	367	1
243	393	2
243	302	1
243	389	1
243	306	1
243	276	1
243	347	1
243	284	1
243	349	1
243	350	1
243	397	1
243	245	1
243	354	1
243	365	1
243	300	2
243	387	1
243	383	1
243	364	1
244	298	1
244	310	1
244	250	1
244	393	1
244	368	1
244	247	1
244	376	1
244	332	1
244	324	1
244	333	1
244	280	1
244	337	1
244	263	1
244	254	1
244	314	1
244	268	1
244	315	1
244	270	1
244	245	1
244	334	1
245	352	1
245	300	1
245	369	2
245	364	2
245	387	1
245	287	1
245	383	1
245	280	2
245	348	2
245	264	2
245	336	1
245	373	1
245	361	1
245	367	1
245	306	1
245	378	1
245	274	1
245	257	2
245	349	1
245	397	1
247	298	1
247	310	1
247	250	1
247	393	1
247	368	1
247	376	1
247	332	1
247	324	1
247	333	1
247	280	1
247	337	1
247	263	1
247	254	1
247	349	1
247	295	1
248	365	1
248	373	1
248	261	1
248	381	1
248	334	1
249	284	1
249	298	1
249	330	1
249	349	1
249	295	1
249	314	1
249	287	1
249	267	1
249	384	1
249	393	1
249	368	1
249	354	1
249	332	1
249	251	1
249	336	1
249	294	1
249	261	1
249	306	1
249	286	1
249	378	2
249	300	1
249	283	1
249	259	1
249	333	1
249	274	1
249	369	1
249	364	1
249	254	1
249	331	2
249	276	1
249	307	1
249	397	1
249	280	1
249	253	1
250	297	1
250	378	1
250	360	1
250	254	4
250	298	1
250	310	2
250	393	1
250	368	2
250	376	1
250	332	2
250	324	2
250	333	1
250	280	1
250	337	1
250	263	4
250	285	2
250	349	2
250	314	2
250	267	1
250	390	1
250	323	1
250	329	1
250	266	1
250	395	2
250	251	1
250	322	1
250	385	1
250	356	1
250	315	1
250	289	1
250	262	1
250	399	2
250	268	1
250	276	1
250	397	1
250	272	1
250	313	1
250	264	2
250	319	1
250	372	1
250	386	1
250	281	1
250	288	2
250	362	1
250	354	1
250	303	1
250	377	1
251	310	2
251	354	3
251	347	1
251	288	1
251	294	2
251	378	3
251	377	2
251	259	2
251	333	2
251	360	3
251	302	1
251	272	1
251	369	2
251	331	2
251	284	1
251	298	1
251	330	1
251	349	1
251	295	2
251	314	2
251	287	1
251	267	2
251	384	1
251	393	1
251	368	2
251	332	1
251	336	1
251	261	2
251	306	1
251	286	1
251	300	1
251	283	1
251	274	3
251	364	2
251	254	3
251	262	1
251	362	1
251	309	1
251	324	2
251	266	1
251	285	1
251	395	1
251	322	1
251	385	1
251	356	1
251	315	1
251	263	1
251	397	1
251	316	1
251	311	1
252	381	1
252	298	1
252	350	1
252	366	1
252	394	1
252	300	1
252	372	1
252	397	1
252	386	1
252	373	1
252	389	2
252	257	1
252	367	1
252	383	1
252	265	1
252	317	1
252	274	1
252	290	1
253	276	1
253	307	1
253	378	1
253	397	1
253	280	1
254	297	1
254	378	5
254	360	2
254	284	1
254	298	2
254	330	1
254	349	2
254	295	3
254	314	4
254	287	1
254	267	2
254	384	1
254	393	2
254	368	3
254	354	3
254	332	3
254	336	2
254	294	1
254	261	3
254	306	1
254	286	1
254	300	3
254	283	1
254	259	2
254	333	3
254	274	3
254	369	3
254	364	1
254	331	1
254	310	4
254	376	1
254	324	3
254	280	1
254	337	1
254	263	2
254	262	1
254	362	1
254	309	3
254	377	2
254	266	1
254	285	1
254	395	3
254	322	1
254	385	1
254	356	1
254	315	1
254	389	2
254	257	2
254	365	1
254	313	1
254	281	1
254	268	1
254	341	2
254	302	1
254	282	1
254	273	1
254	375	1
254	335	1
254	291	1
254	321	1
254	397	1
254	366	2
254	272	1
254	326	1
254	311	1
255	259	1
255	340	1
256	345	1
256	311	1
256	333	1
256	291	1
257	393	1
257	348	1
257	327	1
257	349	1
257	295	1
257	314	1
257	354	1
257	389	1
257	332	1
257	378	1
257	365	1
257	300	1
257	333	1
257	313	1
257	281	1
257	369	1
257	341	1
257	324	1
257	274	1
257	325	1
257	397	1
258	387	1
258	275	1
258	354	1
258	371	1
259	310	1
259	354	3
259	347	1
259	288	1
259	294	2
259	378	5
259	377	3
259	333	3
259	360	2
259	302	1
259	272	1
259	369	2
259	331	2
259	284	1
259	298	2
259	330	2
259	349	1
259	295	1
259	314	1
259	287	3
259	267	2
259	384	1
259	393	2
259	368	2
259	332	1
259	336	1
259	261	3
259	306	1
259	286	1
259	300	3
259	283	1
259	274	4
259	364	1
259	362	1
259	395	1
259	343	1
259	281	3
259	263	1
259	318	1
259	367	1
259	339	1
259	297	1
259	389	1
259	309	1
259	270	1
259	311	1
259	361	1
259	313	1
259	329	1
259	289	1
259	319	1
259	358	1
261	284	1
261	298	1
261	330	1
261	349	1
261	295	2
261	314	2
261	287	1
261	267	2
261	384	1
261	393	1
261	368	4
261	354	4
261	332	2
261	336	1
261	294	1
261	306	1
261	286	1
261	378	3
261	300	2
261	283	1
261	333	2
261	274	2
261	369	1
261	364	2
261	331	2
261	262	1
261	362	3
261	309	2
261	324	1
261	377	2
261	395	1
261	343	1
261	281	2
261	263	2
261	389	1
261	325	1
261	350	1
261	352	2
261	372	1
261	371	1
261	280	1
261	275	1
261	271	1
261	276	1
261	339	1
262	295	1
262	314	1
262	267	1
262	368	1
262	362	1
262	354	1
262	378	1
262	309	1
262	324	1
262	377	1
262	274	1
262	263	1
262	284	1
262	316	1
262	268	1
262	294	1
262	390	1
262	327	1
263	298	1
263	310	2
263	393	1
263	368	2
263	376	1
263	332	1
263	324	1
263	333	2
263	280	1
263	337	2
263	270	2
263	348	1
263	329	3
263	285	2
263	349	1
263	314	2
263	267	1
263	390	1
263	323	1
263	266	1
263	395	2
263	322	1
263	385	1
263	356	1
263	315	1
263	362	1
263	354	1
263	378	1
263	343	1
263	377	1
263	281	1
263	311	1
263	275	1
263	274	1
263	328	1
263	319	1
263	294	1
264	368	1
264	362	1
264	329	1
264	387	3
264	276	1
264	349	1
264	365	2
264	336	1
264	373	1
264	319	1
264	274	1
264	304	1
264	307	1
264	288	1
264	377	1
265	348	1
265	337	1
265	317	2
265	368	1
265	288	1
266	393	1
266	272	1
266	310	1
266	285	1
266	395	1
266	322	1
266	385	1
266	356	1
266	315	1
266	326	1
267	284	1
267	298	1
267	330	1
267	349	2
267	295	2
267	314	3
267	287	1
267	384	1
267	393	1
267	368	3
267	354	2
267	332	1
267	336	1
267	294	1
267	306	1
267	286	1
267	378	3
267	300	1
267	283	1
267	333	2
267	274	3
267	369	1
267	364	1
267	331	2
267	362	1
267	309	1
267	324	2
267	377	1
267	285	2
267	390	1
267	323	1
267	329	1
267	318	1
267	275	1
268	314	1
268	294	2
268	307	1
270	348	1
270	329	2
270	304	1
270	361	1
270	347	1
270	315	1
270	311	1
270	287	1
270	290	1
270	368	1
270	362	1
270	392	1
271	276	1
271	339	1
271	331	1
271	333	1
272	310	1
272	354	1
272	347	3
272	288	1
272	294	2
272	378	1
272	377	1
272	333	1
272	360	2
272	302	1
272	369	1
272	331	2
272	284	2
272	367	1
272	349	1
272	314	3
272	393	1
272	285	1
272	344	1
272	366	2
272	376	1
272	365	1
272	316	1
272	317	1
272	373	1
272	329	1
272	391	1
273	338	7
273	395	1
273	336	1
273	375	1
273	335	1
273	378	1
274	284	1
274	298	1
274	330	1
274	349	1
274	295	3
274	314	2
274	287	1
274	384	1
274	393	1
274	368	2
274	354	2
274	332	1
274	336	1
274	294	1
274	306	2
274	286	1
274	378	4
274	300	2
274	283	1
274	333	3
274	369	1
274	364	1
274	331	1
274	362	1
274	309	1
274	324	3
274	377	1
274	318	2
274	367	2
274	339	1
274	297	1
274	341	2
274	280	1
274	360	3
274	347	1
274	316	1
274	329	1
274	285	1
275	333	1
275	378	1
275	331	1
275	387	1
275	320	1
276	397	2
276	317	1
276	339	1
276	331	1
276	309	2
276	380	1
276	365	2
276	371	1
276	280	2
276	368	1
276	362	1
276	377	1
276	389	2
276	307	1
276	378	1
276	383	1
276	394	1
276	366	1
276	359	1
276	336	1
278	324	1
278	322	1
278	323	1
278	381	1
278	350	1
278	352	1
278	384	1
278	395	1
278	387	2
279	284	1
279	302	1
279	331	1
279	332	1
280	287	1
280	383	1
280	369	1
280	364	2
280	298	1
280	310	1
280	393	2
280	368	2
280	376	1
280	332	1
280	324	1
280	333	1
280	337	1
280	325	2
280	362	1
280	354	1
280	350	2
280	352	1
280	372	2
280	371	2
280	349	2
280	384	1
280	380	1
280	365	1
280	309	1
280	367	1
280	306	1
280	378	2
280	336	1
280	307	1
280	397	1
280	344	1
280	315	1
281	368	1
281	362	1
281	395	1
281	354	2
281	378	2
281	343	1
281	377	1
281	349	1
281	295	1
281	314	1
281	389	1
281	332	1
281	365	1
281	300	1
281	333	1
281	313	1
281	369	1
281	372	1
281	386	1
281	358	1
282	359	1
282	386	1
282	310	1
282	366	5
282	397	1
283	284	1
283	298	1
283	330	1
283	349	1
283	295	1
283	314	1
283	287	1
283	384	1
283	393	1
283	368	1
283	354	1
283	332	1
283	336	1
283	294	1
283	306	1
283	286	1
283	378	1
283	300	1
283	333	1
283	369	1
283	364	1
283	331	1
283	377	1
283	335	1
284	367	2
284	349	3
284	314	2
284	331	3
284	298	2
284	330	1
284	295	1
284	287	1
284	384	1
284	393	1
284	368	1
284	354	1
284	332	1
284	336	1
284	294	1
284	306	1
284	286	2
284	378	1
284	300	1
284	333	1
284	369	2
284	364	1
284	390	1
284	377	1
284	323	1
284	347	1
284	360	1
284	350	1
284	397	1
284	316	1
284	365	1
284	310	1
284	302	1
285	349	1
285	314	1
285	390	1
285	323	1
285	329	1
285	310	1
285	395	1
285	322	1
285	385	1
285	356	1
285	315	1
285	347	1
285	333	1
285	368	1
285	289	2
285	391	1
285	343	1
285	324	1
285	346	1
285	301	1
285	307	1
285	354	1
285	389	1
286	298	1
286	330	1
286	349	1
286	295	1
286	314	1
286	287	1
286	384	1
286	393	1
286	368	1
286	354	1
286	332	1
286	336	1
286	294	1
286	306	1
286	378	1
286	300	1
286	333	1
286	369	1
286	364	1
286	331	1
286	348	1
286	390	1
286	373	1
286	312	1
286	387	1
287	383	1
287	369	2
287	364	2
287	298	2
287	330	2
287	349	1
287	295	1
287	314	1
287	384	1
287	393	2
287	368	1
287	354	1
287	332	1
287	336	1
287	294	1
287	306	1
287	378	2
287	300	1
287	333	1
287	331	1
287	367	2
287	311	1
287	361	1
287	313	1
287	329	1
287	398	1
287	302	1
288	310	1
288	354	1
288	347	1
288	294	1
288	378	1
288	377	1
288	333	2
288	360	1
288	302	1
288	369	1
288	331	1
288	368	1
288	370	1
289	395	1
289	290	1
289	315	2
289	377	2
289	319	1
289	325	1
289	311	1
289	302	1
289	346	1
289	301	1
289	307	1
289	354	1
289	378	1
289	364	1
290	315	1
290	383	1
290	314	3
290	387	1
291	345	1
291	311	2
291	333	1
292	293	7
293	316	1
294	310	2
294	354	2
294	347	1
294	378	2
294	377	1
294	333	2
294	360	1
294	302	1
294	369	2
294	331	2
294	298	1
294	330	1
294	349	1
294	295	1
294	314	2
294	384	1
294	393	1
294	368	2
294	332	1
294	336	1
294	306	1
294	300	1
294	364	1
294	324	1
294	307	1
295	298	1
295	330	1
295	349	3
295	314	3
295	384	1
295	393	1
295	368	2
295	354	3
295	332	3
295	336	4
295	306	1
295	378	3
295	300	2
295	333	2
295	369	2
295	364	1
295	331	2
295	362	1
295	309	1
295	324	1
295	377	1
295	389	1
295	365	2
295	313	1
295	341	2
295	397	2
295	323	2
295	374	1
295	391	1
297	378	1
297	360	1
297	367	1
297	339	1
297	300	1
297	352	1
298	313	2
298	307	1
298	347	1
298	322	1
298	330	2
298	349	1
298	314	1
298	384	1
298	393	3
298	368	2
298	354	1
298	332	2
298	336	1
298	306	1
298	378	2
298	300	2
298	333	2
298	369	2
298	364	1
298	331	1
298	310	1
298	376	1
298	324	1
298	337	1
298	381	1
298	350	1
298	366	1
298	394	1
298	372	1
298	397	1
298	386	1
298	373	1
298	311	1
298	361	1
298	329	1
298	396	1
300	352	1
300	369	4
300	364	4
300	387	1
300	330	1
300	349	2
300	314	2
300	384	1
300	393	2
300	368	1
300	354	3
300	332	2
300	336	1
300	306	1
300	378	2
300	333	2
300	331	1
300	367	1
300	339	1
300	389	2
300	309	1
300	365	2
300	313	1
300	381	1
300	350	1
300	366	1
300	394	1
300	372	1
300	397	1
300	386	1
300	373	1
301	346	1
301	307	1
301	354	1
302	310	1
302	354	2
302	347	1
302	378	2
302	377	3
302	333	1
302	360	2
302	369	2
302	331	2
302	346	1
302	311	3
302	367	1
302	393	1
302	322	1
302	341	1
302	395	1
302	325	1
302	315	1
302	332	1
302	319	1
303	377	1
304	361	1
304	347	1
304	307	1
304	387	4
304	344	1
304	352	1
306	330	1
306	349	1
306	314	1
306	384	1
306	393	1
306	368	1
306	354	1
306	332	1
306	336	1
306	378	2
306	333	1
306	369	1
306	364	1
306	331	1
306	389	1
306	367	1
307	347	1
307	322	1
307	387	1
307	378	1
307	397	1
307	346	1
307	354	1
307	327	1
307	336	1
309	349	1
309	343	1
309	331	1
309	314	1
309	368	2
309	362	1
309	354	1
309	378	1
309	324	1
309	377	2
309	389	1
309	380	1
309	365	1
309	371	1
309	332	3
309	319	1
309	335	1
309	325	1
309	310	1
309	333	1
310	354	2
310	347	1
310	378	1
310	377	1
310	333	3
310	360	1
310	369	1
310	331	1
310	393	1
310	368	1
310	376	1
310	332	1
310	324	1
310	337	1
310	395	1
310	322	1
310	385	1
310	356	1
310	315	1
311	329	2
311	345	1
311	333	2
311	330	1
311	393	1
311	361	1
311	378	1
311	313	1
311	368	1
311	362	1
311	347	1
311	325	1
311	377	1
311	315	1
313	349	1
313	314	1
313	354	1
313	389	1
313	332	1
313	378	2
313	365	1
313	333	1
313	369	1
313	330	1
313	393	1
313	361	1
313	329	1
313	384	1
313	357	1
314	367	1
314	349	5
314	331	2
314	330	1
314	384	1
314	393	1
314	368	2
314	354	3
314	332	2
314	336	1
314	378	3
314	333	2
314	369	2
314	364	1
314	362	1
314	324	2
314	377	1
314	390	1
314	323	1
314	329	1
314	389	1
314	365	1
314	379	1
314	398	1
314	399	2
314	373	1
314	366	2
314	376	1
314	360	1
315	395	1
315	322	1
315	385	1
315	356	1
315	359	1
315	352	1
315	364	1
315	325	1
315	377	1
315	344	1
315	378	1
316	365	1
316	317	1
316	318	1
316	347	1
316	333	1
316	329	1
316	358	1
317	367	1
317	330	1
317	350	1
317	373	1
317	348	1
317	337	1
317	365	1
317	334	1
317	332	1
317	322	1
318	333	2
318	329	3
318	347	1
319	349	1
319	343	1
319	360	1
319	373	1
319	377	2
319	332	1
321	361	1
321	332	1
321	349	1
321	348	1
321	389	1
321	322	1
321	365	1
321	397	1
321	342	2
322	347	1
322	395	1
322	385	1
322	356	1
322	380	1
322	350	1
322	348	1
322	389	1
322	365	1
322	362	1
322	369	1
322	323	1
322	332	1
322	377	1
323	354	1
323	365	1
323	349	1
323	390	2
323	329	1
323	377	1
323	393	1
324	393	1
324	368	3
324	376	1
324	332	1
324	333	1
324	337	1
324	362	1
324	354	1
324	378	1
324	377	1
324	399	2
324	341	1
324	397	1
324	379	1
324	398	1
324	373	1
325	368	1
325	362	1
325	354	1
325	350	1
325	352	1
325	372	1
325	371	1
325	364	1
325	397	1
325	377	1
326	355	2
326	390	1
327	393	1
327	348	1
328	354	2
329	348	1
329	349	1
329	390	1
329	368	1
329	362	1
329	330	1
329	393	1
329	361	1
329	378	1
329	350	1
329	347	1
329	333	1
330	349	1
330	384	1
330	393	2
330	368	1
330	354	1
330	332	1
330	336	1
330	378	2
330	333	1
330	369	1
330	364	1
330	331	1
330	367	2
330	350	1
330	373	1
330	361	1
331	354	4
331	347	1
331	378	3
331	377	1
331	333	2
331	360	2
331	369	3
331	367	1
331	349	3
331	384	1
331	393	1
331	368	1
331	332	1
331	336	1
331	364	2
331	343	1
331	339	1
331	348	1
331	365	1
331	391	1
331	397	1
332	349	2
332	384	1
332	393	2
332	368	2
332	354	2
332	336	1
332	378	2
332	333	3
332	369	2
332	364	1
332	376	1
332	337	1
332	389	1
332	365	1
332	361	1
332	347	1
332	391	1
333	354	3
333	347	2
333	378	3
333	377	1
333	360	1
333	369	3
333	349	2
333	384	1
333	393	2
333	368	2
333	336	1
333	364	1
333	376	1
333	337	1
333	389	1
333	365	1
333	345	1
334	373	2
334	350	1
334	371	1
334	381	1
335	395	1
335	336	1
335	375	3
335	377	1
336	349	1
336	384	1
336	393	1
336	368	1
336	354	1
336	378	1
336	369	1
336	364	1
336	395	1
336	375	1
336	373	1
336	341	3
336	350	1
337	393	1
337	368	2
337	376	1
337	348	1
338	395	1
339	367	1
339	385	1
341	395	1
341	378	1
341	369	1
341	365	2
341	397	1
341	352	1
341	364	1
341	389	1
341	360	1
341	354	1
341	350	1
343	349	4
343	360	1
343	373	1
343	368	1
343	362	1
343	395	1
343	354	1
343	378	1
343	377	1
343	366	1
343	376	1
343	370	1
343	391	2
343	363	1
343	397	1
344	347	1
346	381	1
346	353	1
346	354	1
347	354	1
347	378	1
347	377	1
347	360	2
347	369	1
347	361	1
347	368	1
347	362	1
348	393	1
348	389	1
348	365	2
348	361	1
348	367	1
349	360	1
349	373	1
349	367	1
349	384	2
349	393	2
349	368	1
349	354	2
349	378	2
349	369	2
349	364	1
349	390	1
349	389	1
349	365	2
349	366	1
349	376	1
349	370	1
349	350	3
349	397	1
349	387	1
349	372	1
350	367	1
350	373	2
350	380	1
350	371	2
350	368	1
350	362	1
350	354	1
350	352	2
350	372	3
350	364	1
350	381	2
350	366	1
350	394	1
350	397	2
350	386	1
350	384	1
350	393	1
352	369	1
352	364	4
352	387	1
352	367	1
352	368	1
352	362	1
352	354	1
352	372	1
352	371	1
352	381	1
352	377	1
352	359	1
352	393	1
352	358	1
353	381	1
354	378	5
354	377	3
354	360	1
354	369	4
354	365	3
354	384	1
354	393	3
354	368	5
354	364	4
354	362	4
354	395	1
354	389	1
354	372	1
354	371	1
355	390	1
356	395	1
356	385	1
357	384	1
357	383	1
357	365	1
357	373	1
359	363	1
359	386	1
359	364	1
359	366	1
360	378	3
360	377	1
360	369	2
360	373	1
360	366	1
360	371	1
361	393	1
361	378	1
361	391	1
362	368	12
362	378	2
362	377	3
362	395	1
362	369	1
362	372	1
362	371	1
362	364	1
363	393	1
363	383	1
363	373	1
363	378	1
363	397	1
364	369	3
364	387	1
364	383	2
364	384	1
364	393	2
364	368	2
364	378	3
364	372	1
364	371	1
365	389	3
365	378	1
365	369	1
365	373	3
365	387	1
365	397	1
365	383	1
365	380	1
365	371	1
365	393	1
366	397	4
366	376	4
366	381	1
366	394	1
366	372	1
366	386	1
366	373	1
366	391	1
367	373	1
367	393	1
367	378	1
367	397	1
367	383	1
368	384	1
368	393	2
368	378	3
368	369	1
368	376	1
368	377	3
368	395	1
368	372	1
368	371	1
369	378	4
369	377	1
369	387	1
369	383	1
369	384	1
369	393	1
369	389	1
369	395	1
371	372	2
371	380	1
371	387	1
372	381	1
372	394	1
372	397	1
372	386	2
372	373	1
372	384	1
372	393	1
373	381	1
373	394	1
373	397	2
373	386	1
373	387	1
373	393	2
373	383	3
373	390	1
373	379	1
373	398	1
373	399	2
373	392	1
375	395	1
376	393	1
376	391	1
376	397	1
377	378	4
377	395	1
377	390	1
378	384	1
378	393	3
378	395	2
378	389	1
378	397	1
379	398	1
379	399	1
381	394	1
381	397	1
381	386	1
383	393	2
383	389	1
383	394	1
384	393	2
384	395	1
384	387	1
385	395	1
386	394	1
386	397	1
386	398	1
386	399	1
387	395	1
389	394	1
390	393	5
391	397	4
394	397	1
398	399	6