1	976	20
1	594	5
1	334	4
1	822	21
1	773	16
1	293	19
1	278	8
1	728	3
1	521	9
1	441	146
1	552	15
1	1038	129
1	100	4
1	965	3
1	188	2
1	178	14
1	1069	7
1	1022	10
1	707	11
1	837	2
1	621	131
1	344	5
1	428	30
1	325	14
1	336	91
1	797	8
1	13	4
1	353	13
1	239	2
1	1073	12
1	971	55
1	871	2
1	507	7
1	711	7
1	1033	26
1	802	4
1	877	5
1	407	23
1	264	3
1	457	25
1	533	9
1	723	4
1	434	2
1	937	4
1	241	8
1	466	2
1	727	44
1	686	8
1	820	3
1	123	6
1	295	4
1	476	2
1	670	18
1	372	2
1	328	2
1	794	8
1	127	6
1	579	2
1	173	5
1	879	2
1	917	7
1	535	6
1	355	2
1	803	2
1	747	7
1	651	3
1	190	2
1	548	4
1	772	2
1	1045	48
1	33	2
1	673	3
1	593	3
1	1001	7
1	692	14
1	809	2
1	855	30
1	447	6
1	414	3
1	995	20
1	401	10
1	970	3
1	233	2
1	159	5
1	426	5
1	931	14
1	720	3
1	86	2
1	896	2
1	832	3
1	875	7
1	89	9
1	249	9
1	569	10
1	504	2
1	366	3
1	18	11
1	746	13
1	551	2
1	1036	2
1	1026	2
1	659	4
1	948	6
1	1021	3
1	566	18
1	691	6
1	228	9
1	77	14
1	141	2
1	572	7
1	1072	9
1	362	2
1	49	2
1	395	3
1	924	12
1	211	6
1	76	6
1	862	3
1	84	2
1	381	8
1	1046	26
1	23	20
1	19	14
1	450	2
1	819	2
1	972	2
1	134	22
1	399	2
1	860	2
1	510	5
1	951	2
1	108	4
1	506	5
1	1011	9
1	570	2
1	922	3
1	633	3
1	780	12
1	629	2
1	610	13
1	660	3
1	306	3
1	1028	2
1	275	15
1	29	2
1	200	7
1	404	4
1	735	3
1	43	2
1	396	2
1	280	4
1	285	9
1	874	5
1	1048	4
1	866	10
1	197	4
1	568	7
1	939	5
1	598	2
1	980	6
1	859	4
1	899	5
1	732	6
1	139	3
1	212	3
1	431	6
1	994	7
1	873	9
1	165	3
1	599	5
1	9	6
1	736	6
1	591	5
1	118	14
1	1013	5
1	767	22
1	185	3
1	445	2
1	1065	2
1	644	5
1	28	2
1	864	13
1	949	4
1	961	15
1	1058	3
1	715	3
1	1071	3
1	424	4
1	6	3
1	375	3
1	744	20
1	1052	6
1	464	4
1	539	3
1	642	16
1	925	2
1	371	11
1	120	2
1	189	2
1	993	3
1	787	2
1	221	3
1	22	6
1	886	2
1	734	3
1	490	3
1	1044	2
1	130	3
1	526	2
1	423	2
1	8	9
1	829	2
1	342	4
1	250	8
1	1000	10
1	663	4
1	557	10
1	45	3
1	840	3
1	40	3
1	210	2
1	657	5
1	296	2
1	776	4
1	712	9
1	266	6
1	101	4
1	1060	2
1	63	2
1	801	4
1	536	5
1	461	6
1	898	6
1	997	3
1	546	13
1	36	10
1	658	2
1	682	2
1	916	3
1	743	3
1	267	3
1	481	4
1	731	2
1	910	3
1	279	2
1	1066	5
1	125	2
1	488	2
1	411	3
1	311	2
1	388	2
1	1027	18
1	80	2
1	514	2
1	1032	2
1	857	5
1	206	3
1	25	6
1	818	2
1	73	2
1	310	4
1	144	8
1	891	2
1	497	2
1	541	2
1	988	2
1	868	12
1	319	2
1	677	2
1	90	2
1	678	4
1	1005	7
1	766	7
1	270	3
1	1024	2
1	477	3
1	111	3
1	1056	9
1	64	2
1	391	2
1	14	2
1	220	2
1	59	3
1	741	2
1	20	2
1	458	2
1	637	3
1	15	5
1	724	2
1	652	2
1	881	7
1	232	2
1	774	2
1	841	2
1	39	3
1	694	2
1	920	5
1	878	2
1	950	2
1	449	4
1	992	3
1	201	3
1	558	2
1	276	5
1	133	2
1	607	5
1	4	2
1	739	7
1	966	9
1	941	2
1	700	2
1	60	2
1	914	2
1	753	5
1	1007	8
1	74	4
1	126	3
1	346	2
1	85	3
1	928	3
1	771	3
1	498	7
1	590	2
1	116	2
1	167	2
1	331	2
1	858	2
1	324	7
1	870	4
1	759	2
1	418	2
1	911	2
1	729	2
1	1030	6
1	439	6
1	377	4
1	390	2
1	926	4
1	486	10
1	156	2
1	848	2
1	578	2
1	775	4
1	2	3
1	905	6
1	806	2
1	843	2
1	402	12
1	718	4
1	811	5
1	654	5
1	1012	2
1	326	3
1	597	2
1	716	5
1	456	3
1	904	2
1	55	2
1	282	3
1	184	3
1	516	2
1	260	4
1	1017	2
1	405	4
1	876	6
1	900	2
1	852	2
1	825	5
1	81	3
1	620	2
1	163	4
1	207	2
1	1029	3
1	16	3
1	218	4
1	335	4
1	1008	2
1	347	4
1	619	2
1	834	2
1	581	2
1	867	2
1	730	5
1	301	2
1	97	2
1	958	3
1	337	3
1	83	2
1	556	3
1	540	4
1	969	3
1	387	2
1	254	3
1	947	4
1	321	4
1	380	3
1	446	4
1	1023	2
1	92	3
1	472	2
1	666	3
1	502	3
1	612	2
1	352	2
1	181	2
1	846	3
1	512	2
1	61	2
1	596	3
1	422	2
1	626	2
1	890	2
1	51	3
1	524	2
1	520	2
1	1039	2
1	838	2
1	467	2
1	378	3
1	219	2
1	527	2
1	967	2
1	650	2
1	358	2
1	989	2
1	1064	2
1	363	3
1	1054	2
1	697	2
1	764	2
1	187	2
1	884	3
1	944	3
1	99	2
1	935	2
1	343	2
1	894	2
1	494	2
1	323	2
1	543	2
1	638	2
1	443	4
1	462	2
1	973	2
1	647	2
1	740	2
1	1059	2
1	224	5
1	329	2
1	902	3
1	957	2
1	962	4
1	240	4
1	804	2
1	259	2
1	618	2
1	222	2
1	248	3
1	1061	2
1	1062	2
1	563	4
1	913	2
1	79	2
1	518	2
1	987	2
1	760	2
1	815	2
1	880	2
1	668	2
1	702	2
1	480	3
1	632	2
1	66	2
1	1034	2
1	826	2
1	238	6
1	628	5
1	614	3
1	191	3
1	999	3
1	968	3
1	725	2
1	179	2
1	193	2
1	839	2
1	121	4
1	479	2
1	676	3
1	52	2
1	124	2
1	364	2
1	91	2
1	808	2
1	227	3
1	977	3
1	236	4
1	234	2
1	545	2
1	452	2
1	582	3
1	263	2
1	517	3
1	537	2
1	909	3
1	41	2
1	574	2
1	186	2
1	492	2
1	624	2
1	653	3
1	98	2
1	5	2
1	1041	2
1	1025	3
1	929	3
1	768	2
1	882	2
1	487	2
1	104	2
1	699	3
1	791	3
1	194	2
1	531	2
1	313	2
1	1063	2
1	1003	2
1	887	2
1	359	2
1	146	2
1	242	2
1	942	2
1	758	3
1	664	2
1	75	2
1	696	2
1	271	2
1	754	2
2	976	3
2	336	3
2	441	3
2	1038	2
2	621	3
2	371	2
2	428	2
2	1045	2
3	1038	2
3	621	2
5	441	2
5	1038	2
5	621	2
5	1045	2
6	995	2
6	336	5
6	610	2
6	441	8
6	1038	8
6	539	2
6	642	2
6	77	3
6	621	7
6	371	2
6	855	2
6	447	3
6	428	4
6	1045	2
6	727	3
6	73	2
6	1046	2
6	310	2
6	118	3
6	868	2
6	678	2
6	924	3
6	477	3
6	686	2
6	293	2
6	723	2
6	8	2
6	456	2
6	901	2
6	1033	3
6	822	2
6	1001	2
6	191	3
6	1011	2
6	66	2
6	381	2
6	944	2
6	343	2
6	18	3
6	864	2
6	340	2
6	211	2
6	1070	2
6	568	2
6	215	2
6	971	3
6	961	2
6	1048	2
6	985	2
7	336	2
7	441	2
8	1071	2
8	134	2
8	336	9
8	610	3
8	886	2
8	734	2
8	441	14
8	457	2
8	1038	11
8	526	2
8	250	2
8	621	14
8	1045	7
8	961	3
8	9	2
8	566	3
8	735	4
8	971	5
8	767	4
8	267	2
8	766	2
8	822	4
8	875	2
8	18	2
8	428	2
8	1033	5
8	926	2
8	773	3
8	686	2
8	940	2
8	293	2
8	326	2
8	642	3
8	901	2
8	371	4
8	855	2
8	447	2
8	556	2
8	969	2
8	744	3
8	285	2
8	81	4
8	1072	2
8	881	2
8	966	2
8	727	3
8	1066	2
8	1046	4
8	118	2
8	939	2
8	521	2
8	185	2
8	207	2
8	278	2
8	552	2
8	325	2
8	643	2
8	616	3
8	189	2
8	321	2
8	100	2
8	161	2
9	1001	4
9	599	2
9	278	2
9	780	2
9	336	5
9	566	2
9	441	9
9	1038	6
9	118	2
9	1013	2
9	767	4
9	23	2
9	19	2
9	621	5
9	864	3
9	961	3
9	735	2
9	971	3
9	766	3
9	1048	2
9	15	2
9	773	2
9	1033	2
9	431	2
9	686	2
9	1046	2
9	677	2
9	347	2
9	753	3
9	401	2
9	939	2
9	1053	2
10	621	2
11	621	2
12	431	2
12	961	2
12	995	2
12	917	2
12	336	4
12	966	2
12	441	5
12	144	2
12	457	2
12	1038	5
12	971	3
12	637	2
12	621	4
12	275	2
12	1033	3
12	1045	3
12	691	2
12	224	2
12	727	3
12	407	2
12	428	2
12	649	2
13	325	2
13	336	4
13	797	2
13	353	2
13	441	3
13	1038	2
13	971	4
13	711	2
13	621	5
13	1033	2
13	23	2
13	746	2
13	1027	2
14	744	2
14	621	2
15	961	3
15	160	2
15	1001	2
15	566	2
15	441	8
15	971	4
15	557	2
15	767	4
15	766	2
15	76	3
15	278	3
15	336	6
15	1027	2
15	1038	7
15	507	2
15	1022	2
15	678	2
15	670	3
15	621	6
15	22	2
15	1046	2
15	574	2
15	23	3
15	492	2
15	924	2
15	864	3
15	727	2
15	876	2
15	822	2
15	293	2
15	710	2
15	381	2
15	130	2
15	526	2
15	723	2
15	866	3
15	568	2
15	562	2
16	336	2
16	441	3
16	1038	3
16	767	2
16	670	2
16	621	3
16	118	2
16	250	2
16	753	2
16	1033	2
17	441	2
17	855	2
18	594	2
18	325	2
18	822	6
18	832	2
18	686	2
18	820	2
18	336	9
18	438	2
18	875	2
18	401	2
18	89	2
18	249	2
18	441	18
18	1038	17
18	366	2
18	746	3
18	621	16
18	1033	5
18	971	6
18	1065	2
18	428	5
18	744	4
18	767	4
18	131	2
18	445	2
18	670	4
18	855	3
18	773	3
18	407	3
18	521	2
18	371	2
18	358	2
18	1046	4
18	868	2
18	727	5
18	211	2
18	995	2
18	607	3
18	557	2
18	716	2
18	866	4
18	1045	9
18	546	2
18	566	2
18	402	3
18	707	2
18	227	2
18	663	2
18	864	2
18	236	2
18	994	2
18	238	2
18	481	2
18	66	2
18	457	2
18	789	2
18	19	2
18	126	2
18	543	2
18	1001	2
18	191	3
18	293	4
18	381	3
18	944	2
18	526	2
18	224	2
18	228	2
18	144	3
18	785	2
19	211	3
19	1001	5
19	862	2
19	381	2
19	1046	3
19	441	20
19	1038	21
19	23	6
19	931	4
19	572	2
19	819	2
19	869	2
19	599	2
19	1011	3
19	278	2
19	736	5
19	780	3
19	336	21
19	566	2
19	552	3
19	118	4
19	1013	2
19	767	4
19	185	2
19	445	2
19	720	2
19	621	21
19	855	3
19	949	2
19	25	2
19	457	4
19	971	15
19	280	2
19	870	2
19	670	3
19	546	2
19	1027	3
19	353	2
19	407	4
19	1073	2
19	958	2
19	985	2
19	727	9
19	337	2
19	822	6
19	380	2
19	134	4
19	568	2
19	739	2
19	744	2
19	794	2
19	178	2
19	707	3
19	1045	7
19	502	2
19	773	3
19	956	2
19	1072	2
19	881	2
19	966	2
19	402	5
19	250	2
19	846	2
19	606	2
19	1007	2
19	884	2
19	743	2
19	1069	2
19	77	3
19	898	2
19	293	2
19	947	4
19	537	2
19	874	3
19	506	3
19	909	2
19	961	3
19	612	3
19	108	2
19	976	4
19	325	4
19	711	2
19	507	2
19	275	2
19	126	2
19	866	3
19	1033	2
19	171	2
19	238	2
19	249	2
19	41	2
19	628	2
19	172	2
19	254	2
19	200	3
19	614	2
19	1030	4
19	607	3
19	1053	3
19	191	2
19	1048	2
19	440	2
19	924	2
19	893	2
19	218	2
19	543	2
19	373	2
19	156	2
19	153	3
19	414	2
19	295	2
19	241	3
19	443	2
19	233	2
19	133	2
19	847	2
19	992	2
19	428	2
19	526	2
19	960	2
20	441	3
20	971	2
20	1066	2
20	917	2
20	336	3
20	569	2
20	747	2
20	621	3
20	1033	2
20	552	2
20	1038	2
21	441	2
21	1038	2
22	993	3
22	336	14
22	734	2
22	441	20
22	457	3
22	1038	21
22	526	2
22	250	4
22	621	15
22	864	2
22	1045	3
22	971	8
22	77	2
22	727	8
22	498	2
22	1007	2
22	995	3
22	966	3
22	70	2
22	767	2
22	23	5
22	718	3
22	240	3
22	285	2
22	931	3
22	949	2
22	1033	5
22	1046	3
22	449	2
22	186	2
22	1022	2
22	347	2
22	766	2
22	753	2
22	924	2
22	976	2
22	905	2
22	715	2
22	315	2
22	428	5
22	1001	2
22	810	2
22	560	2
22	659	2
22	881	2
22	917	2
22	877	2
22	249	2
22	43	2
22	723	2
22	649	2
22	711	3
22	415	2
22	395	2
22	629	2
22	486	2
22	747	3
22	937	2
22	855	2
22	421	2
22	293	2
22	228	3
22	835	2
22	351	2
22	548	2
22	875	2
22	1029	2
22	275	2
22	822	2
23	211	3
23	1001	3
23	76	2
23	862	3
23	381	3
23	1046	10
23	441	39
23	1038	31
23	931	8
23	869	2
23	599	3
23	1011	2
23	278	3
23	736	2
23	336	26
23	692	3
23	552	5
23	591	3
23	118	7
23	767	7
23	720	2
23	621	22
23	855	5
23	644	3
23	864	6
23	206	2
23	818	2
23	353	6
23	535	2
23	310	2
23	144	2
23	457	5
23	891	2
23	497	2
23	988	2
23	868	4
23	319	2
23	677	2
23	90	2
23	678	3
23	1005	3
23	766	5
23	135	2
23	801	2
23	924	6
23	1056	8
23	727	17
23	881	4
23	210	3
23	1073	3
23	295	3
23	379	2
23	873	2
23	1045	7
23	961	5
23	123	4
23	797	2
23	950	2
23	971	18
23	449	2
23	201	2
23	1069	3
23	558	2
23	276	3
23	746	3
23	133	2
23	976	4
23	1057	2
23	611	2
23	285	2
23	31	2
23	813	2
23	1007	2
23	995	4
23	744	4
23	520	2
23	1033	5
23	1054	2
23	935	2
23	343	3
23	77	3
23	898	3
23	857	2
23	337	4
23	439	2
23	1052	4
23	1027	5
23	89	3
23	249	4
23	240	3
23	402	3
23	563	4
23	504	2
23	553	2
23	753	2
23	428	5
23	121	2
23	874	2
23	1030	2
23	546	2
23	36	3
23	81	2
23	582	2
23	773	5
23	642	2
23	367	2
23	594	2
23	686	2
23	574	2
23	186	2
23	1022	2
23	293	3
23	510	2
23	506	2
23	670	9
23	1025	2
23	610	2
23	455	2
23	933	2
23	178	3
23	275	4
23	624	2
23	486	3
23	407	5
23	861	2
23	371	2
23	238	2
23	401	2
23	241	3
23	556	2
23	822	2
23	291	2
23	616	2
23	625	2
23	568	2
23	526	3
23	723	2
23	562	2
23	332	2
23	448	2
23	218	2
23	711	3
23	928	2
23	747	2
23	540	2
23	1042	2
23	521	2
23	917	2
23	569	2
23	255	2
23	128	2
23	1070	2
23	1031	2
24	1046	2
24	89	2
24	441	2
24	563	2
25	206	2
25	73	2
25	336	8
25	353	2
25	1046	2
25	441	8
25	144	2
25	457	3
25	1038	7
25	118	2
25	1005	2
25	766	2
25	621	8
25	924	2
25	971	5
25	280	2
25	870	2
25	917	2
25	533	2
25	1013	2
25	747	2
25	127	2
25	1030	2
25	1033	2
25	1007	2
25	275	2
25	422	2
25	825	2
25	866	2
25	241	2
26	1038	2
26	621	2
27	293	3
27	1038	3
27	971	2
27	621	3
27	441	2
28	441	2
28	621	2
28	855	2
28	864	2
29	441	2
29	1038	2
29	621	2
30	441	2
30	1038	2
30	971	2
31	336	2
31	441	2
31	1038	2
31	924	2
32	607	2
32	1038	2
32	971	2
33	917	2
33	535	2
33	441	3
33	1038	3
33	971	2
33	747	2
33	621	4
33	501	2
33	73	2
33	336	3
33	1046	2
33	677	2
33	840	2
33	249	2
33	569	2
33	666	2
34	1011	2
34	441	2
34	1038	2
34	621	2
34	519	2
35	568	2
35	441	2
35	1038	2
36	461	4
36	336	10
36	353	2
36	407	4
36	441	12
36	457	4
36	1038	10
36	971	8
36	507	2
36	241	2
36	621	12
36	997	2
36	546	7
36	658	2
36	822	3
36	1072	2
36	738	2
36	335	3
36	101	2
36	727	5
36	712	5
36	716	2
36	866	2
36	1045	2
36	780	2
36	610	2
36	249	2
36	569	2
36	616	3
36	248	2
36	766	2
36	855	2
36	1033	2
36	676	2
36	134	2
36	324	2
36	768	2
36	325	2
36	1046	2
36	472	2
36	961	2
36	735	2
36	625	2
36	1056	2
37	42	2
37	210	2
37	1038	2
37	155	2
37	539	2
37	253	2
37	915	2
37	874	2
37	621	2
38	336	2
38	441	2
38	1038	2
38	621	2
39	336	3
39	441	3
39	1038	3
39	621	4
39	727	2
39	342	2
39	855	2
40	780	2
40	336	4
40	441	4
40	1038	3
40	971	2
40	621	4
40	855	3
40	759	2
40	917	2
40	569	3
40	747	2
40	1033	2
40	712	2
40	692	2
40	144	2
41	976	2
41	961	2
41	1068	2
41	336	6
41	249	3
41	441	6
41	1038	5
41	971	4
41	1013	3
41	402	2
41	670	2
41	621	4
41	1045	4
41	822	2
41	730	2
41	126	2
41	727	2
41	125	2
41	267	2
41	1033	2
41	811	2
42	794	2
42	1038	3
42	621	3
42	210	2
42	155	2
42	539	2
42	253	2
42	915	2
42	874	2
43	822	2
43	441	3
43	1038	4
43	874	2
43	621	2
43	336	3
43	971	2
43	711	2
43	1033	2
44	691	2
44	228	2
44	1038	2
44	621	2
45	840	2
45	336	4
45	441	3
45	1038	3
45	971	4
45	931	2
45	937	2
45	621	4
45	855	3
45	727	3
45	457	2
45	707	2
45	472	2
45	241	2
46	736	2
46	210	2
46	336	2
46	1052	2
46	491	2
46	708	2
46	441	3
46	815	2
46	1038	3
46	971	2
46	155	2
46	253	2
46	430	2
46	720	2
46	621	3
46	1033	2
46	727	2
46	874	2
47	686	2
47	278	2
47	336	2
47	310	2
47	441	2
47	1038	2
47	621	2
47	924	2
47	727	2
48	406	2
48	336	3
48	610	2
48	561	2
48	125	2
48	249	2
48	441	2
48	411	2
48	723	2
48	94	2
48	621	3
48	481	2
49	293	2
49	336	3
49	441	3
49	395	2
49	621	3
49	610	2
49	249	2
49	931	2
50	773	2
51	336	4
51	441	2
51	1038	4
51	621	5
51	53	2
51	228	3
51	569	2
51	250	2
51	711	2
51	790	2
51	144	2
51	905	2
52	441	2
52	621	2
53	336	2
53	228	2
53	711	2
53	621	2
54	594	2
54	1046	2
54	441	6
54	552	2
54	371	3
54	940	2
54	336	2
54	326	2
54	621	3
54	157	2
54	138	2
54	999	2
54	1038	2
54	199	3
54	851	2
54	687	2
54	592	2
54	443	2
54	634	2
54	258	2
54	577	2
55	441	3
55	1038	3
55	621	3
55	855	2
55	428	2
55	876	2
55	310	2
55	521	2
55	266	2
55	931	2
55	348	2
56	336	2
56	441	2
57	428	2
58	336	2
58	1038	2
58	621	2
59	744	2
59	621	2
59	441	2
60	336	3
60	739	2
60	441	2
60	621	3
60	971	2
60	432	2
61	336	2
61	441	4
61	1038	3
61	621	4
61	884	2
61	428	2
61	727	2
62	610	2
62	441	2
62	1038	2
63	336	2
63	441	4
63	1038	3
63	801	2
63	621	3
63	353	2
64	336	2
64	441	3
64	1038	3
64	118	2
64	931	2
64	621	2
64	971	2
64	670	2
65	961	2
65	336	2
65	441	2
65	971	2
65	621	2
65	1033	2
66	441	5
66	1038	4
66	621	4
66	855	2
66	216	2
66	822	2
66	336	3
66	789	2
66	866	2
66	1011	2
66	381	2
66	343	2
66	195	2
67	621	3
67	381	2
67	689	2
67	228	2
67	441	2
67	223	2
67	1038	2
67	186	2
67	859	2
68	773	2
68	552	2
68	1038	2
68	965	2
68	621	2
68	428	2
69	621	2
70	336	2
70	441	2
70	1038	2
73	501	2
73	336	7
73	1046	2
73	441	7
73	144	3
73	457	2
73	1038	6
73	118	2
73	931	3
73	766	2
73	621	5
73	477	2
73	727	2
73	170	2
73	917	3
73	610	2
73	249	3
73	971	5
73	569	3
73	747	3
73	855	2
73	1033	3
73	746	2
73	913	2
73	295	2
74	336	4
74	663	2
74	441	6
74	1038	4
74	746	3
74	621	4
74	275	2
74	126	2
74	1045	2
74	773	2
74	730	2
74	1033	3
74	971	2
74	118	2
74	649	2
74	727	2
75	336	2
75	441	2
75	1038	2
75	569	2
75	250	2
75	621	2
76	1046	3
76	441	6
76	1038	6
76	931	2
76	134	2
76	293	2
76	336	4
76	767	2
76	621	5
76	924	3
76	727	2
76	278	2
76	1027	2
76	507	2
76	1022	2
76	678	2
76	670	2
76	574	2
76	868	2
76	492	2
77	1026	2
77	659	2
77	566	2
77	441	22
77	1038	20
77	746	2
77	621	13
77	141	2
77	572	2
77	1045	5
77	424	2
77	134	4
77	1072	3
77	995	3
77	336	14
77	744	2
77	610	4
77	1052	2
77	692	4
77	642	3
77	371	3
77	855	2
77	447	3
77	428	4
77	727	8
77	85	2
77	971	9
77	931	3
77	771	2
77	1033	2
77	358	2
77	1027	4
77	1046	2
77	407	7
77	868	2
77	477	2
77	857	3
77	739	2
77	989	2
77	498	3
77	884	2
77	743	2
77	343	2
77	767	4
77	325	3
77	568	2
77	920	2
77	873	4
77	811	2
77	822	2
77	486	4
77	521	3
77	1056	3
77	976	5
77	780	2
77	285	3
77	278	2
77	736	2
77	797	2
77	240	2
77	540	2
77	902	2
77	881	2
77	533	2
77	924	3
77	241	2
78	325	2
78	336	2
78	441	6
78	1038	6
78	971	5
78	727	2
78	692	2
78	1046	3
78	880	2
78	398	2
79	336	2
79	441	2
79	1038	2
79	621	2
80	1027	2
80	441	3
80	1038	2
80	621	2
80	1045	2
80	336	2
81	134	2
81	336	6
81	441	5
81	767	3
81	621	5
81	855	2
81	822	2
81	773	3
81	881	2
81	1038	3
81	727	2
81	971	3
81	961	2
81	643	2
81	735	2
81	616	2
82	659	2
82	917	2
82	336	2
82	877	2
82	966	2
82	441	2
82	1038	2
82	250	2
82	1033	2
83	976	2
83	961	3
83	773	2
83	441	3
83	1038	3
83	621	2
83	630	2
84	441	2
84	1038	2
85	995	2
85	336	5
85	441	5
85	1038	4
85	971	3
85	1033	3
85	767	2
85	730	2
85	621	2
85	727	2
86	976	2
86	773	2
86	995	2
86	336	2
86	441	3
86	1038	3
86	971	2
86	159	2
86	621	3
86	1033	2
86	727	2
87	995	2
87	917	2
87	336	2
87	441	3
87	1038	3
87	971	2
87	569	2
87	707	2
87	621	3
87	1045	3
87	552	2
88	441	3
88	1038	3
89	325	2
89	822	2
89	686	2
89	336	11
89	401	2
89	249	3
89	441	15
89	1038	10
89	569	3
89	100	2
89	747	4
89	504	2
89	746	2
89	621	13
89	551	2
89	1036	2
89	1033	3
89	1045	4
89	876	2
89	995	2
89	744	3
89	855	3
89	864	2
89	1027	3
89	240	2
89	285	3
89	931	2
89	727	2
89	259	2
89	692	3
89	971	8
89	499	2
89	616	2
89	1046	4
89	552	2
89	563	3
89	553	2
89	753	2
89	428	4
89	1056	2
89	134	2
89	642	2
89	349	2
89	773	2
89	767	2
89	456	2
89	868	2
89	407	2
89	961	2
90	206	2
90	818	2
90	336	2
90	1046	2
90	310	2
90	441	2
90	1038	2
90	988	2
90	868	2
90	319	2
90	931	2
90	677	2
90	678	2
90	766	2
90	801	2
90	621	2
90	924	2
90	1056	2
90	727	2
91	336	3
91	441	3
91	1038	3
91	971	2
91	621	2
91	866	2
91	1033	2
92	321	3
92	822	2
92	568	2
92	336	2
92	178	2
92	621	2
92	1045	2
92	441	3
92	692	2
92	1038	3
92	486	2
92	293	2
93	441	2
93	1038	2
93	621	2
94	406	2
94	336	2
94	249	2
94	441	2
94	411	2
94	621	2
95	250	2
95	621	2
96	879	2
96	1038	2
96	621	2
97	461	2
97	336	3
97	1027	3
97	353	2
97	407	2
97	1073	2
97	441	3
97	1038	3
97	971	3
97	767	2
97	621	3
97	546	2
97	712	2
98	134	2
98	566	2
98	441	2
98	1038	2
98	548	2
98	621	2
99	441	2
99	1038	2
99	767	2
100	976	2
100	594	2
100	822	2
100	441	6
100	552	4
100	1038	4
100	1022	2
100	621	5
100	428	2
100	336	4
100	551	2
100	1033	2
100	424	2
100	971	3
100	767	4
100	285	3
100	512	2
100	924	2
100	371	2
101	336	3
101	441	4
101	457	2
101	1038	4
101	621	4
101	165	2
101	971	3
101	1045	2
101	822	2
101	335	2
101	546	2
101	712	2
102	336	2
102	441	2
102	144	2
102	1038	2
102	971	2
102	298	2
102	855	2
102	1033	2
103	822	2
103	773	2
103	336	3
103	1038	3
103	971	3
103	621	2
103	610	2
103	407	2
103	441	2
104	441	3
104	1038	3
104	240	2
104	336	2
104	711	2
105	336	2
105	1038	2
105	621	2
106	363	2
106	278	2
106	621	2
106	1033	2
106	218	2
106	1045	2
107	336	2
107	441	2
107	1038	2
107	1033	2
108	399	2
108	336	3
108	441	4
108	1038	3
108	510	2
108	506	3
108	621	3
108	727	2
108	254	2
108	947	2
108	200	2
108	767	2
110	336	3
110	441	4
110	971	2
110	621	3
110	881	2
110	939	2
110	992	2
110	355	2
110	905	2
110	1038	2
110	931	2
111	310	2
111	441	2
111	1038	2
111	931	2
111	621	2
111	961	2
111	855	2
111	428	2
112	961	2
112	622	2
112	1038	2
112	971	2
112	601	2
112	958	2
112	670	2
113	336	2
113	441	2
113	692	2
113	1038	2
113	871	2
113	621	2
113	873	2
114	336	2
114	441	2
114	621	2
115	389	2
115	621	2
116	498	2
116	293	2
116	336	2
116	436	2
116	441	4
116	1038	3
116	526	2
116	621	4
116	855	3
116	381	2
116	965	2
116	1033	2
118	869	2
118	1011	3
118	278	2
118	736	2
118	780	2
118	336	18
118	215	2
118	441	20
118	552	4
118	591	2
118	1038	22
118	1013	2
118	767	4
118	185	2
118	445	3
118	621	17
118	855	2
118	644	2
118	864	3
118	949	2
118	1046	5
118	407	6
118	794	3
118	533	3
118	785	3
118	922	2
118	642	5
118	267	2
118	535	2
118	310	2
118	144	3
118	457	3
118	829	2
118	868	2
118	931	2
118	677	2
118	1005	2
118	766	3
118	924	4
118	477	2
118	1056	2
118	727	6
118	691	2
118	971	13
118	607	4
118	275	4
118	536	2
118	1045	3
118	976	4
118	961	5
118	773	4
118	207	2
118	516	3
118	898	4
118	670	7
118	211	2
118	134	2
118	486	2
118	744	3
118	1027	2
118	498	3
118	293	5
118	629	2
118	249	2
118	657	2
118	569	2
118	402	4
118	178	2
118	250	4
118	873	2
118	610	2
118	933	2
118	929	2
118	1033	9
118	509	2
118	337	3
118	431	2
118	995	3
118	521	3
118	880	2
118	730	2
118	325	3
118	917	2
118	686	3
118	1007	2
118	700	2
118	965	2
118	753	3
118	822	2
118	238	3
118	381	2
118	228	2
118	186	2
118	1070	2
118	568	2
118	1042	3
118	983	2
118	746	3
118	1048	2
118	233	2
118	859	2
118	440	2
119	441	2
119	621	2
120	134	2
120	610	2
120	500	2
120	441	3
120	1038	3
120	464	2
120	621	3
120	1045	2
120	727	2
120	924	2
121	336	3
121	441	5
121	727	3
121	995	2
121	877	3
121	1038	5
121	621	3
121	569	2
121	357	2
122	1038	2
123	686	2
123	336	9
123	353	2
123	441	12
123	649	2
123	670	3
123	673	2
123	822	2
123	1001	2
123	692	3
123	971	5
123	621	10
123	855	5
123	447	2
123	428	4
123	961	4
123	992	2
123	807	2
123	293	3
123	995	2
123	1038	9
123	1033	5
123	238	2
123	275	2
123	727	4
123	407	2
123	228	2
123	881	2
123	249	3
123	316	2
123	344	2
123	540	2
124	441	2
125	910	2
125	293	2
125	336	6
125	610	2
125	561	2
125	521	2
125	249	2
125	488	2
125	441	6
125	794	4
125	139	2
125	411	2
125	723	2
125	621	6
125	976	2
125	173	2
125	1000	2
125	780	2
125	735	2
125	1038	4
125	767	2
125	285	2
125	321	2
125	971	2
125	1045	3
125	736	2
125	711	2
125	730	2
126	961	2
126	336	4
126	441	6
126	1038	5
126	621	4
126	275	2
126	1045	2
126	971	2
126	402	2
126	866	2
126	1033	2
126	822	2
126	481	2
126	526	2
126	310	2
127	822	2
127	621	7
127	579	3
127	428	3
127	336	4
127	228	2
127	441	8
127	569	2
127	1030	2
127	1072	2
127	966	2
127	1038	7
127	642	2
127	937	2
127	773	2
127	780	2
127	855	3
127	1045	2
127	727	2
127	344	2
128	336	3
128	249	3
128	441	3
128	569	2
128	746	2
128	621	2
128	1033	3
128	607	2
128	584	2
129	1066	2
129	995	2
129	917	2
129	336	2
129	441	2
129	747	2
129	621	2
130	336	3
130	1044	2
130	441	4
130	457	2
130	1038	4
130	526	2
130	621	4
130	864	4
130	568	2
130	1046	2
130	791	2
130	723	2
130	866	2
130	249	2
131	336	3
131	441	3
131	621	2
131	855	2
131	228	2
131	144	2
131	1038	2
131	1033	2
132	336	2
132	621	2
133	961	2
133	353	2
133	441	5
133	971	3
133	276	2
133	621	5
133	1038	4
133	631	2
133	931	2
133	336	3
133	552	2
133	241	2
133	727	2
133	740	2
134	336	18
134	441	20
134	457	4
134	1038	20
134	621	22
134	727	7
134	1071	2
134	1072	4
134	995	2
134	744	7
134	610	2
134	1052	2
134	692	4
134	464	2
134	642	4
134	1022	5
134	394	2
134	855	5
134	447	2
134	428	6
134	1045	7
134	526	2
134	342	2
134	250	2
134	864	2
134	1073	4
134	707	4
134	536	2
134	881	5
134	200	2
134	875	3
134	353	3
134	295	2
134	924	2
134	873	3
134	293	2
134	407	3
134	971	10
134	767	5
134	275	3
134	976	5
134	486	2
134	670	3
134	780	4
134	1027	3
134	507	2
134	746	2
134	822	4
134	540	3
134	739	4
134	794	2
134	178	2
134	773	2
134	546	2
134	566	3
134	1046	2
134	401	2
134	159	2
134	548	2
134	882	2
134	285	2
134	859	2
134	443	2
134	313	2
134	960	2
134	736	2
134	358	2
135	336	5
135	481	2
135	1046	2
135	441	7
135	144	3
135	1038	7
135	931	4
135	621	6
135	727	2
135	228	2
135	186	3
135	428	2
135	1033	3
135	905	2
135	971	3
135	569	2
135	140	2
135	995	2
136	441	2
136	1038	2
136	957	2
136	621	2
137	976	2
137	173	2
137	336	2
137	441	2
137	1038	2
137	767	2
137	285	2
137	428	2
137	773	2
137	1046	3
137	971	2
137	898	2
137	670	2
137	568	2
138	157	2
138	441	2
138	999	2
139	173	3
139	140	2
139	732	2
139	441	9
139	1038	7
139	212	3
139	293	3
139	995	3
139	336	7
139	610	2
139	521	2
139	249	3
139	723	2
139	621	7
139	1000	2
139	486	4
139	692	3
139	647	2
139	905	2
139	855	4
139	428	2
139	1033	5
139	727	2
139	356	2
139	228	2
139	250	2
139	681	2
139	635	2
139	1045	2
140	173	3
140	441	9
140	1038	7
140	940	2
140	336	3
140	552	3
140	767	2
140	621	5
140	1033	2
140	961	2
140	278	2
140	1046	2
140	971	2
140	670	2
140	727	3
140	144	2
140	905	2
140	931	2
140	746	2
140	568	2
140	572	2
140	428	3
141	441	2
141	1038	2
141	621	2
142	1046	2
142	441	3
142	1038	2
142	866	2
142	727	2
143	441	2
143	508	2
143	678	2
143	924	2
144	336	15
144	481	3
144	353	2
144	1046	2
144	535	2
144	310	2
144	441	19
144	457	6
144	1038	20
144	868	2
144	931	6
144	677	2
144	1005	2
144	766	2
144	270	2
144	621	14
144	727	5
144	995	4
144	610	3
144	928	2
144	971	8
144	1033	8
144	197	2
144	822	2
144	852	2
144	552	2
144	825	2
144	670	2
144	855	6
144	866	2
144	1045	5
144	461	2
144	407	2
144	521	2
144	767	2
144	546	2
144	712	2
144	966	3
144	642	2
144	937	2
144	746	5
144	275	2
144	926	2
144	691	3
144	533	2
144	431	3
144	773	2
144	917	5
144	569	7
144	637	2
144	298	2
144	241	2
144	170	2
144	780	2
144	249	3
144	692	3
144	747	3
144	716	2
144	381	3
144	607	2
144	173	3
144	674	3
144	228	4
144	204	2
144	785	2
144	402	2
144	659	3
144	250	3
144	704	2
144	548	2
144	740	2
144	790	2
144	938	2
144	905	3
144	788	2
144	756	2
144	186	2
145	336	2
145	441	3
145	1038	3
145	971	3
145	533	2
145	855	2
146	441	4
146	1038	3
146	931	3
146	1021	2
146	796	2
146	212	2
146	912	2
146	621	3
146	283	2
146	297	2
148	481	2
148	441	2
148	1038	2
149	599	2
149	375	2
149	441	2
149	971	2
149	557	2
149	267	2
149	637	2
149	1048	2
149	664	2
149	1013	2
149	621	2
149	828	2
150	336	2
150	441	2
150	1038	2
151	1000	2
151	1011	2
151	441	2
151	1038	2
151	621	3
151	336	2
151	310	2
152	336	3
152	566	2
152	441	3
152	971	2
152	621	3
152	1033	2
152	1045	2
152	552	2
153	363	2
153	325	2
153	1053	3
153	1001	2
153	599	2
153	1011	2
153	734	2
153	856	2
153	1038	3
153	893	2
153	971	2
153	931	2
153	637	2
153	621	4
153	373	2
153	1046	2
153	156	2
153	336	2
153	441	2
154	292	2
154	441	2
154	218	2
155	441	3
155	1038	4
155	539	3
155	621	4
155	210	3
155	253	3
155	915	2
155	874	2
155	736	2
155	336	2
155	491	2
155	708	2
155	815	2
155	720	2
155	1033	2
156	976	2
156	961	2
156	325	2
156	336	4
156	441	6
156	1038	6
156	1048	3
156	621	7
156	428	5
156	1033	2
156	727	2
156	599	3
156	1011	3
156	939	2
156	931	2
156	1045	3
156	881	2
156	566	2
156	250	3
156	1053	3
156	373	2
156	1046	2
156	893	2
156	414	2
156	417	2
156	1001	2
156	656	2
156	734	2
156	720	2
156	949	2
157	336	2
157	691	2
157	1046	2
157	441	5
157	1038	4
157	621	3
157	855	2
157	428	2
157	727	2
157	971	2
157	999	2
157	1056	2
158	336	2
158	441	2
159	976	2
159	773	2
159	995	4
159	336	5
159	407	3
159	401	2
159	441	10
159	1038	10
159	971	4
159	621	9
159	727	6
159	961	2
159	207	2
159	670	2
159	1045	4
159	891	2
159	428	2
159	402	2
160	557	2
160	621	2
161	336	2
161	643	2
161	441	3
161	971	3
161	621	2
161	526	2
161	571	2
161	1038	2
162	976	2
162	1038	2
162	285	2
163	336	5
163	1027	4
163	441	5
163	1038	3
163	767	2
163	678	2
163	621	4
163	855	2
163	218	2
163	407	2
163	521	2
163	971	3
163	727	2
163	1056	2
164	228	2
164	441	2
164	1038	2
164	957	2
164	621	2
165	336	2
165	441	2
165	1038	2
165	621	3
166	884	2
166	441	2
166	1038	2
166	718	2
166	621	2
166	1045	2
166	727	2
167	293	2
167	441	2
167	1038	2
167	621	2
167	855	2
168	599	2
168	1011	2
168	441	3
168	1038	3
168	931	2
168	621	4
168	855	2
168	891	2
168	591	2
168	971	2
168	336	2
169	336	2
169	441	2
169	621	2
170	917	2
170	336	2
170	610	2
170	249	2
170	441	2
170	1038	2
170	971	2
170	569	2
170	747	2
170	1033	2
171	325	2
171	336	2
171	441	2
171	1038	2
171	621	2
172	736	2
172	336	4
172	441	6
172	971	2
172	866	2
172	1045	2
172	1001	2
172	1046	2
172	443	2
172	1038	5
172	720	2
172	621	5
172	855	3
172	727	2
172	1033	2
173	535	2
173	441	13
173	355	2
173	1038	12
173	971	3
173	651	3
173	548	2
173	621	10
173	428	6
173	772	2
173	1045	5
173	732	2
173	1000	3
173	486	3
173	995	3
173	336	7
173	610	2
173	1046	3
173	692	5
173	552	5
173	905	5
173	992	3
173	326	2
173	670	2
173	855	3
173	1033	6
173	727	4
173	278	2
173	566	4
173	381	3
173	965	2
173	702	2
173	218	2
173	994	2
173	780	3
173	767	3
173	859	2
173	302	2
173	811	2
173	831	2
173	293	2
173	224	2
173	521	2
173	228	3
173	773	2
173	275	2
173	827	2
173	292	2
173	569	2
173	635	2
173	211	2
173	568	2
173	990	2
173	344	2
174	336	2
174	621	2
175	780	2
175	642	2
176	336	2
176	441	2
176	692	2
176	1038	2
176	992	2
176	621	2
177	881	2
177	1038	4
177	336	2
177	441	2
177	971	3
177	723	2
177	1033	2
177	621	2
178	976	4
178	822	5
178	293	6
178	728	2
178	441	16
178	552	2
178	1038	13
178	1022	2
178	707	2
178	621	17
178	344	2
178	428	7
178	336	13
178	692	3
178	971	8
178	855	7
178	447	3
178	794	3
178	1033	4
178	1072	2
178	966	2
178	457	2
178	642	4
178	746	2
178	275	3
178	540	3
178	744	2
178	1045	3
178	727	5
178	767	2
178	876	2
178	498	3
178	995	2
178	323	2
178	864	2
178	218	2
178	566	3
178	747	2
178	324	3
178	961	2
178	780	2
178	517	2
178	569	2
178	250	3
178	929	2
178	1000	3
178	381	2
178	776	3
178	651	2
178	859	2
178	811	2
178	1046	2
178	286	2
178	543	2
178	611	2
178	228	2
178	224	2
179	441	2
179	371	2
180	336	2
180	381	2
180	441	3
180	621	3
180	1033	2
180	1045	2
180	568	2
180	1038	2
181	773	2
181	336	2
181	966	3
181	441	2
181	1038	2
181	569	3
181	402	2
181	250	2
181	621	3
181	877	2
182	1038	2
182	931	2
182	621	2
183	441	2
183	1038	2
184	336	2
184	407	3
184	441	5
184	1038	5
184	971	4
184	767	2
184	898	2
184	621	3
184	727	3
184	958	2
184	961	2
184	378	2
184	670	2
184	1056	3
184	1046	2
185	869	2
185	1001	3
185	599	3
185	1011	3
185	278	3
185	780	2
185	336	4
185	566	2
185	215	3
185	441	7
185	692	2
185	552	3
185	1038	6
185	1013	2
185	720	2
185	621	7
185	855	2
185	949	2
185	363	2
185	881	2
185	905	2
185	428	2
185	1033	3
185	1045	3
185	727	2
185	1046	2
185	939	2
185	521	2
185	211	2
185	568	4
185	240	2
185	773	2
185	734	2
185	931	3
185	637	2
186	594	2
186	336	7
186	441	12
186	1038	12
186	931	4
186	347	2
186	753	3
186	621	10
186	495	2
186	381	3
186	732	3
186	228	6
186	803	2
186	957	2
186	326	2
186	250	2
186	670	2
186	873	2
186	1033	4
186	822	2
186	1045	2
186	976	2
186	611	2
186	453	2
186	790	2
186	689	2
186	223	2
186	992	2
186	859	2
186	428	3
186	881	2
186	692	2
186	548	2
186	599	2
186	733	2
186	905	2
186	971	3
186	569	2
186	716	2
186	267	2
186	355	2
187	961	2
187	621	2
187	275	2
187	1033	2
188	976	2
188	773	3
188	441	4
188	1038	5
188	621	5
188	428	2
188	378	2
188	336	2
188	968	2
188	720	2
189	1071	2
189	995	2
189	336	5
189	744	2
189	610	2
189	441	5
189	1038	5
189	642	2
189	621	5
189	855	2
189	447	2
189	1045	3
189	727	2
189	1007	2
189	1046	2
189	266	2
189	971	5
189	711	2
189	325	2
189	822	2
189	735	2
190	1038	2
190	621	2
191	976	3
191	293	2
191	336	4
191	566	2
191	443	2
191	441	5
191	1038	7
191	968	2
191	621	5
191	864	2
191	1045	3
191	407	3
191	378	3
191	971	5
191	285	2
191	670	3
191	428	5
191	869	2
191	822	2
191	1001	3
191	1011	2
191	381	2
191	944	2
191	1046	3
191	318	2
191	961	2
191	1053	2
191	401	2
191	1048	2
191	773	2
191	568	2
192	740	2
192	441	3
192	1038	3
192	621	3
192	405	2
193	336	2
193	441	2
193	1038	2
193	621	2
193	727	2
194	441	2
194	1038	2
195	336	2
195	441	4
195	1038	3
195	727	2
195	381	2
195	621	2
196	336	3
196	228	2
196	441	2
196	1038	3
196	621	3
196	1033	2
196	855	2
197	976	2
197	593	2
197	441	5
197	552	2
197	1038	4
197	859	2
197	621	4
197	428	2
197	727	2
197	822	2
197	336	3
197	1027	2
197	971	2
197	767	3
197	651	2
198	659	2
198	336	2
198	441	2
198	1038	2
198	1033	2
199	336	2
199	441	6
199	1038	4
199	621	5
199	727	2
199	635	2
199	240	2
199	851	2
199	687	2
199	592	2
199	443	2
199	634	2
199	258	2
199	577	2
200	822	3
200	441	7
200	552	2
200	1038	6
200	874	3
200	621	7
200	866	2
200	875	2
200	1045	3
200	727	3
200	336	4
200	911	2
200	1030	4
200	670	2
200	773	2
200	254	3
200	947	3
201	961	2
201	441	5
201	971	4
201	621	5
201	876	3
201	822	2
201	928	2
201	552	3
201	1038	4
201	723	2
201	667	2
201	670	3
201	855	2
201	866	2
201	1045	2
201	405	2
201	344	2
201	336	3
201	738	2
201	727	2
202	441	2
202	1038	2
202	971	2
203	1038	2
204	336	3
204	441	3
204	1038	3
204	971	2
204	931	2
204	621	2
204	727	2
204	1033	2
205	336	2
205	1046	2
205	441	2
205	1038	2
205	621	2
206	818	2
206	336	3
206	1046	2
206	310	2
206	441	3
206	1038	2
206	988	2
206	868	2
206	319	2
206	931	2
206	677	2
206	678	2
206	766	2
206	801	2
206	621	3
206	924	2
206	1056	2
206	727	2
207	278	2
207	336	2
207	441	6
207	1038	6
207	767	2
207	670	2
207	621	4
207	773	2
207	516	2
207	1045	2
207	727	3
207	210	2
207	240	2
208	441	3
208	1038	2
208	621	3
208	428	2
208	727	2
208	749	2
209	293	2
209	995	2
209	336	2
209	228	2
209	441	2
209	1038	2
209	621	2
209	727	2
210	336	4
210	441	6
210	1038	7
210	971	2
210	937	2
210	711	2
210	621	6
210	855	2
210	727	4
210	924	2
210	1045	2
210	521	2
210	240	2
210	504	2
210	447	2
210	1033	3
210	539	2
210	253	3
210	915	2
210	874	2
210	736	2
210	491	2
210	708	2
210	815	2
210	720	2
211	1001	3
211	381	3
211	1046	5
211	441	10
211	1038	10
211	931	2
211	572	2
211	976	2
211	961	2
211	1053	3
211	1048	2
211	428	3
211	744	2
211	621	7
211	1033	3
211	727	3
211	607	2
211	948	2
211	486	2
211	971	2
211	642	2
211	1003	2
211	293	2
211	891	2
211	868	2
211	866	2
211	822	2
211	610	2
211	224	2
211	228	2
211	1045	3
211	1070	2
211	1011	2
211	278	2
211	568	5
211	336	2
211	240	2
211	343	2
211	401	3
211	601	2
211	670	2
211	426	2
211	218	2
211	889	2
211	990	2
211	692	2
211	905	2
211	746	2
211	320	2
211	635	2
212	441	7
212	1038	6
212	868	2
212	621	6
212	428	3
212	1045	2
212	297	2
212	796	2
212	855	3
212	336	3
212	740	2
212	1033	3
212	681	2
213	486	2
213	336	2
213	441	5
213	1038	5
213	621	4
213	1033	2
213	727	2
213	875	2
213	718	2
214	336	2
214	1038	2
214	621	2
215	599	2
215	1011	2
215	278	2
215	336	4
215	441	4
215	692	2
215	552	2
215	1038	4
215	1013	2
215	621	4
215	568	2
215	1033	2
215	971	2
216	336	2
216	441	2
217	441	2
217	1038	2
217	621	2
218	278	3
218	780	2
218	336	8
218	1027	3
218	1029	2
218	441	10
218	1038	5
218	746	2
218	670	2
218	621	9
218	855	5
218	892	2
218	325	3
218	744	3
218	966	3
218	332	2
218	230	2
218	363	3
218	760	2
218	381	2
218	905	2
218	1033	5
218	1045	4
218	727	5
218	293	3
218	228	4
218	402	2
218	971	4
218	642	2
218	711	2
218	737	2
218	292	2
218	344	2
219	1038	2
219	621	2
221	336	5
221	610	2
221	490	2
221	441	6
221	457	2
221	1038	5
221	621	4
221	864	2
221	1045	3
221	249	3
221	411	2
221	311	2
221	822	2
221	238	2
221	971	3
221	1013	2
221	670	2
221	516	2
222	441	2
222	621	2
223	773	2
223	336	2
223	1046	2
223	407	2
223	441	4
223	1038	4
223	621	4
223	976	2
223	327	2
223	381	2
223	689	3
223	228	2
223	552	2
223	859	2
223	428	2
223	293	2
223	401	2
224	994	3
224	543	2
224	540	3
224	377	3
224	336	9
224	1052	3
224	407	3
224	441	10
224	692	3
224	1038	11
224	621	10
224	344	2
224	275	2
224	428	3
224	1033	6
224	260	2
224	727	6
224	241	2
224	791	2
224	1045	6
224	1046	4
224	457	2
224	971	5
224	822	3
224	610	2
224	381	2
224	228	2
224	868	2
224	238	2
224	944	2
224	1031	2
224	293	2
224	1029	3
224	905	2
224	855	2
224	811	2
225	336	2
225	441	2
225	1038	2
225	621	2
226	381	2
226	441	2
226	621	2
226	428	2
226	1045	2
227	920	2
227	336	2
227	441	4
227	1038	4
227	767	3
227	621	3
227	310	2
228	659	3
228	948	2
228	566	3
228	691	3
228	441	23
228	1038	22
228	233	2
228	304	2
228	746	3
228	621	25
228	572	3
228	1045	11
228	498	2
228	568	4
228	336	14
228	569	6
228	533	4
228	911	2
228	1013	2
228	747	2
228	695	2
228	1030	2
228	1033	8
228	822	3
228	1007	3
228	928	2
228	855	6
228	773	2
228	971	6
228	767	2
228	642	3
228	994	2
228	610	2
228	381	7
228	1046	2
228	464	2
228	428	7
228	961	2
228	293	8
228	407	2
228	402	2
228	811	2
228	727	4
228	363	4
228	495	2
228	930	3
228	732	4
228	803	3
228	957	4
228	250	4
228	753	3
228	670	3
228	431	2
228	780	2
228	905	4
228	344	4
228	356	2
228	267	3
228	513	2
228	711	4
228	1014	3
228	674	3
228	995	4
228	692	4
228	457	2
228	543	2
228	592	3
228	1000	2
228	611	3
228	453	2
228	790	3
228	689	2
228	552	2
228	788	2
228	992	3
228	931	2
228	859	3
228	835	2
228	713	2
228	481	2
228	875	3
228	275	2
228	953	2
228	585	2
228	351	2
228	548	2
228	955	2
228	623	2
228	433	2
228	249	2
228	716	2
228	357	2
228	707	2
228	718	3
228	879	2
228	884	2
228	342	2
228	492	2
228	978	2
228	745	2
228	1070	2
228	730	2
228	355	2
228	831	2
228	877	2
229	441	2
229	1038	2
229	746	2
229	621	2
230	744	2
230	441	2
230	621	2
231	321	2
231	336	2
231	441	2
231	971	2
231	992	2
231	767	2
231	677	2
231	753	2
232	353	2
232	441	3
232	1038	2
232	621	3
232	727	2
232	336	2
232	747	2
232	1033	2
232	971	2
233	976	3
233	336	4
233	407	2
233	441	3
233	1038	4
233	971	2
233	931	2
233	621	3
233	1033	2
233	552	2
234	1011	2
234	441	3
234	1038	2
234	825	2
234	621	4
234	851	2
235	441	2
235	1038	2
235	275	2
236	336	3
236	939	2
236	441	7
236	1038	7
236	971	2
236	621	7
236	864	2
236	1045	4
236	566	2
236	732	3
236	1046	3
236	866	2
236	293	3
236	381	2
236	774	2
236	868	3
236	428	3
237	441	2
237	621	2
237	1033	2
237	772	2
237	737	2
238	596	2
238	599	2
238	1038	10
238	971	7
238	707	2
238	652	2
238	1001	4
238	293	2
238	1011	4
238	377	2
238	995	2
238	441	7
238	905	2
238	621	6
238	275	3
238	1025	2
238	727	2
238	822	5
238	736	3
238	336	4
238	249	2
238	670	3
238	1045	2
238	476	2
238	363	2
238	381	2
238	873	2
238	1053	3
238	966	2
238	734	2
238	893	2
238	407	2
238	516	3
239	336	2
239	1073	2
239	441	2
239	621	2
240	876	2
240	336	5
240	1027	2
240	441	11
240	1038	10
240	426	4
240	931	3
240	621	8
240	1033	3
240	727	4
240	532	2
240	1046	4
240	552	2
240	1062	2
240	402	2
240	508	2
240	504	2
240	678	2
240	924	2
240	864	3
240	1056	2
240	1047	2
240	568	3
240	827	2
240	401	2
240	939	2
240	767	2
240	766	3
240	846	2
240	976	2
240	278	3
240	736	2
240	610	3
240	971	2
240	1070	2
240	1001	2
240	1045	3
240	746	2
240	536	2
240	981	2
241	336	12
241	407	4
241	264	2
241	441	17
241	457	5
241	1038	18
241	971	14
241	937	2
241	621	14
241	727	6
241	976	3
241	773	4
241	995	2
241	401	3
241	1073	3
241	931	3
241	1033	4
241	353	2
241	507	2
241	898	3
241	546	3
241	961	4
241	744	4
241	707	3
241	276	2
241	855	2
241	275	2
241	1045	5
241	870	2
241	910	2
241	657	2
241	791	2
241	325	3
241	1046	4
241	692	2
241	670	3
241	428	2
241	411	2
241	846	2
241	1027	2
241	718	2
241	780	2
241	295	2
242	744	3
242	441	3
242	1038	3
242	621	3
242	727	2
242	293	2
242	336	2
243	336	2
243	443	2
243	1038	2
243	621	3
244	621	2
245	773	2
245	441	2
245	1038	2
246	336	2
246	621	2
247	336	2
247	441	2
247	874	2
248	336	2
248	441	2
248	457	3
248	1038	2
248	971	2
248	621	3
248	712	2
249	896	2
249	822	6
249	336	19
249	401	2
249	441	18
249	1038	13
249	569	9
249	747	4
249	504	2
249	746	3
249	621	14
249	1033	9
249	910	2
249	406	2
249	1066	2
249	293	2
249	995	2
249	610	5
249	488	3
249	591	2
249	411	3
249	723	3
249	931	3
249	311	2
249	773	2
249	840	3
249	834	2
249	780	3
249	282	2
249	581	2
249	1013	5
249	730	5
249	428	4
249	1045	6
249	917	5
249	259	2
249	692	2
249	457	2
249	971	10
249	716	3
249	637	2
249	855	3
249	866	4
249	439	2
249	1046	3
249	402	3
249	924	2
249	864	3
249	1056	2
249	913	2
249	607	4
249	961	3
249	486	2
249	517	2
249	657	2
249	250	3
249	670	5
249	407	4
249	628	2
249	572	2
249	890	2
249	736	2
249	481	2
249	537	2
249	707	2
249	395	4
249	881	2
249	560	2
249	711	2
249	846	2
249	568	2
249	557	2
249	295	2
249	937	2
249	666	2
249	869	2
249	584	2
249	828	2
250	787	2
250	336	14
250	610	2
250	404	2
250	734	2
250	441	18
250	1038	19
250	621	17
250	1045	7
250	976	3
250	416	2
250	736	3
250	552	2
250	905	3
250	971	7
250	402	4
250	718	2
250	428	7
250	822	2
250	773	3
250	881	2
250	780	2
250	966	4
250	569	7
250	707	2
250	846	2
250	855	5
250	432	2
250	727	4
250	486	2
250	293	3
250	642	2
250	670	3
250	873	4
250	431	3
250	1000	2
250	995	3
250	521	2
250	929	2
250	730	3
250	659	3
250	917	3
250	740	2
250	877	3
250	357	2
250	548	4
250	753	2
250	1033	7
250	691	2
250	1046	3
250	651	2
250	688	2
250	930	2
250	381	3
250	535	2
250	726	2
250	566	2
250	911	2
250	711	4
250	543	2
250	893	2
250	674	2
250	1009	2
250	573	2
250	677	2
250	257	2
250	937	2
250	720	2
250	635	2
250	949	2
250	611	2
251	407	2
251	441	2
251	1038	2
251	621	2
252	441	2
252	1038	2
253	1038	3
253	539	2
253	915	2
253	874	2
253	621	3
253	736	2
253	336	2
253	491	2
253	708	2
253	441	2
253	815	2
253	720	2
253	1033	2
254	773	2
254	947	3
254	336	4
254	441	6
254	1038	4
254	510	2
254	874	4
254	670	2
254	876	2
254	971	2
254	628	2
254	614	2
254	621	5
254	359	2
254	506	2
254	1030	2
254	727	3
255	336	2
255	441	2
256	610	2
256	1046	2
256	441	3
256	1038	3
256	621	3
256	654	2
256	428	2
256	727	2
256	736	2
256	426	2
257	736	2
257	336	2
257	441	2
257	1038	2
257	720	2
257	621	2
258	851	2
258	687	2
258	592	2
258	443	2
258	634	2
258	441	2
258	577	2
259	336	3
259	441	3
259	971	2
259	621	2
259	1033	2
259	1027	2
259	753	2
259	924	2
260	336	4
260	441	4
260	1038	3
260	621	3
260	855	3
260	727	2
260	744	2
260	1045	2
262	336	2
262	1038	2
264	336	2
264	441	3
264	457	2
264	1038	3
264	971	2
264	621	3
264	727	3
265	321	2
265	441	2
266	336	8
266	744	2
266	1073	2
266	441	13
266	1038	12
266	621	11
266	498	2
266	590	2
266	293	3
266	855	4
266	439	2
266	1000	2
266	377	2
266	971	5
266	428	4
266	1033	2
266	995	3
266	1046	2
266	1045	3
266	876	2
266	961	2
266	310	2
266	521	3
266	931	4
266	670	2
266	348	2
266	880	2
266	968	2
266	730	2
266	704	2
266	477	2
267	1038	5
267	533	2
267	642	2
267	621	5
267	572	2
267	961	2
267	599	2
267	375	2
267	735	2
267	441	6
267	971	4
267	1048	4
267	336	5
267	1070	2
267	690	2
267	746	4
267	1033	3
267	1007	3
267	711	2
267	1045	2
267	659	3
267	811	2
268	441	2
268	1038	2
269	441	2
269	692	2
269	1038	2
270	336	3
270	535	2
270	441	4
270	891	2
270	1038	4
270	868	2
270	677	2
270	678	2
270	621	4
270	477	2
270	855	2
270	381	2
271	696	2
271	758	2
271	971	2
271	962	2
271	754	2
271	868	2
271	621	2
271	1038	2
273	441	3
273	1038	2
273	642	2
273	621	2
273	336	2
274	736	2
274	426	2
274	621	2
275	780	2
275	610	2
275	566	3
275	441	21
275	1038	22
275	306	2
275	746	4
275	621	20
275	1045	8
275	1070	2
275	293	7
275	857	2
275	961	3
275	1007	2
275	336	12
275	1046	4
275	533	2
275	325	2
275	407	3
275	692	4
275	971	9
275	727	4
275	966	3
275	457	4
275	1030	2
275	926	2
275	536	3
275	321	2
275	918	2
275	431	2
275	773	4
275	995	2
275	917	2
275	744	2
275	569	2
275	931	2
275	637	2
275	855	4
275	1033	5
275	994	2
275	543	2
275	1000	2
275	540	2
275	377	2
275	1052	2
275	902	2
275	344	2
275	428	6
275	864	2
275	563	2
275	822	3
275	1011	2
275	875	2
275	476	2
275	670	2
275	1056	2
275	691	2
275	486	2
275	1029	3
275	1049	3
275	905	2
276	961	2
276	920	2
276	353	3
276	441	6
276	971	4
276	746	2
276	621	7
276	556	2
276	293	2
276	744	3
276	1038	6
276	642	2
276	773	2
276	336	4
276	457	2
276	855	2
276	1033	2
276	926	2
276	1045	2
276	546	3
276	1027	2
276	1046	2
276	401	2
278	976	2
278	594	2
278	822	3
278	773	2
278	293	2
278	521	2
278	441	11
278	552	4
278	1038	11
278	965	2
278	1022	3
278	621	11
278	428	3
278	1001	3
278	599	3
278	836	2
278	1011	3
278	736	3
278	780	2
278	336	7
278	566	2
278	692	3
278	591	2
278	767	3
278	376	2
278	855	3
278	864	2
278	1027	2
278	456	2
278	678	2
278	746	3
278	670	3
278	738	2
278	715	2
278	335	2
278	347	2
278	727	5
278	987	2
278	363	3
278	381	2
278	966	2
278	905	2
278	1033	4
278	1045	4
278	431	2
278	686	3
278	1046	3
278	310	2
278	868	2
278	931	2
278	924	2
278	1056	2
278	325	3
278	610	3
278	971	5
278	711	2
278	1053	2
278	891	2
278	568	3
278	889	2
278	356	2
278	737	2
278	426	2
279	521	2
279	441	2
279	621	2
280	441	4
280	457	2
280	1038	4
280	621	4
280	866	2
280	336	3
280	971	3
280	870	2
280	546	2
280	507	2
281	441	2
281	1038	2
282	336	3
282	441	3
282	621	2
282	924	2
282	727	2
282	730	2
282	428	2
283	441	2
283	931	2
283	621	2
283	297	2
284	336	2
284	441	2
284	1038	2
284	727	2
285	822	2
285	735	3
285	441	11
285	552	5
285	1038	11
285	396	2
285	874	2
285	621	9
285	556	2
285	540	2
285	566	2
285	642	3
285	424	2
285	336	7
285	971	7
285	767	6
285	512	2
285	924	2
285	1027	2
285	931	2
285	727	2
285	976	6
285	381	2
285	794	2
285	449	2
285	428	4
285	407	2
285	378	2
285	902	2
285	670	2
285	659	2
285	881	2
285	371	2
285	773	2
285	568	2
285	1045	3
285	980	2
285	961	2
285	468	2
286	1046	2
286	441	2
286	1038	2
286	621	2
286	855	2
287	441	2
287	1038	2
288	1038	2
289	1038	2
290	1053	2
290	822	2
290	1038	2
290	971	2
290	1048	2
290	670	2
291	336	3
291	441	3
291	621	2
291	426	2
292	336	3
292	441	4
292	651	2
292	679	2
292	621	3
292	855	2
292	568	2
292	780	2
292	905	3
292	1038	3
292	992	2
292	637	2
292	692	2
292	635	2
293	976	3
293	1040	2
293	334	2
293	822	5
293	773	3
293	521	3
293	441	34
293	1038	32
293	965	2
293	621	36
293	344	3
293	428	9
293	325	4
293	1072	2
293	336	21
293	924	4
293	1011	4
293	481	2
293	794	2
293	830	2
293	1033	7
293	1001	4
293	802	2
293	995	7
293	610	2
293	561	2
293	591	3
293	723	5
293	931	3
293	1027	2
293	1045	8
293	498	3
293	691	2
293	734	2
293	526	2
293	855	9
293	858	2
293	873	2
293	539	2
293	326	2
293	642	3
293	716	2
293	901	2
293	371	4
293	407	3
293	692	5
293	971	8
293	727	8
293	540	2
293	744	3
293	566	6
293	434	2
293	874	3
293	603	2
293	457	3
293	533	2
293	725	2
293	864	2
293	652	2
293	905	3
293	853	2
293	825	2
293	545	2
293	736	2
293	947	2
293	517	2
293	506	3
293	607	2
293	961	2
293	831	2
293	486	3
293	780	2
293	401	3
293	657	3
293	569	2
293	402	4
293	670	5
293	510	2
293	381	4
293	966	2
293	891	2
293	868	2
293	359	2
293	866	4
293	917	2
293	747	2
293	507	2
293	766	2
293	321	2
293	710	2
293	1029	3
293	324	2
293	637	2
293	543	3
293	672	2
293	994	2
293	1014	2
293	1046	3
293	568	2
293	881	2
293	928	2
293	835	2
293	876	2
293	689	2
293	730	2
293	391	2
293	921	2
294	321	2
294	336	2
294	794	2
294	971	2
294	621	2
295	336	5
295	353	3
295	441	10
295	670	2
295	1038	8
295	379	2
295	621	6
295	727	2
295	767	2
295	439	2
295	1046	3
295	971	5
295	931	2
295	747	2
295	855	2
295	610	2
296	441	2
296	1038	2
296	971	2
296	621	2
297	441	3
297	1038	2
297	621	3
297	428	2
297	931	2
298	336	2
298	441	2
298	1038	2
298	971	2
298	855	2
298	1033	2
299	1038	3
299	971	3
299	441	2
299	598	2
299	855	2
300	336	2
300	971	2
300	621	2
300	1045	2
301	441	2
301	1038	2
301	621	2
302	336	2
302	1038	2
302	621	2
302	428	2
303	995	2
303	441	2
303	1038	2
303	569	2
304	441	2
304	1038	3
304	621	3
304	1045	2
306	441	4
306	1038	4
306	621	3
306	1045	2
306	336	3
306	670	2
307	441	2
307	971	2
308	441	2
308	1038	2
308	569	2
308	992	2
308	957	2
308	621	2
308	344	2
308	428	2
309	940	2
309	1046	2
309	944	2
309	441	2
309	1038	2
309	378	2
309	971	2
309	568	2
309	1010	2
309	1045	3
309	670	2
310	818	2
310	336	4
310	481	3
310	1046	2
310	441	7
310	457	2
310	1038	7
310	988	2
310	868	2
310	319	2
310	931	4
310	677	2
310	678	2
310	766	2
310	801	2
310	621	7
310	924	3
310	1056	2
310	727	3
310	686	2
310	411	2
310	876	2
310	1011	2
310	521	3
310	855	2
310	348	2
310	778	2
310	610	2
310	704	2
310	785	2
310	1033	2
311	336	2
311	441	2
312	336	2
312	441	2
312	1038	2
312	971	2
312	621	3
312	661	2
313	1038	2
313	1022	2
314	441	2
315	441	2
315	1038	3
315	971	2
315	621	2
315	428	2
315	605	2
316	336	2
316	441	4
316	692	3
316	1038	4
316	670	2
316	621	4
316	344	2
316	428	2
316	1033	2
316	727	2
317	336	2
317	441	3
317	1038	3
317	621	2
317	1045	2
317	1046	2
317	944	2
317	971	2
318	336	2
318	1046	2
318	407	2
318	441	3
318	1038	3
318	621	3
318	428	2
318	1045	2
318	773	2
318	355	2
319	818	2
319	336	2
319	1046	2
319	441	2
319	1038	2
319	988	2
319	868	2
319	931	2
319	677	2
319	678	2
319	766	2
319	801	2
319	621	2
319	924	2
319	1056	2
319	727	2
320	336	2
320	441	4
320	1038	3
320	621	4
320	477	2
320	568	3
320	746	3
320	1033	2
320	889	2
321	822	2
321	380	2
321	568	3
321	336	5
321	744	3
321	794	2
321	457	2
321	971	4
321	707	2
321	746	3
321	621	5
321	855	2
321	572	2
321	1045	4
321	727	2
321	918	2
321	961	2
321	773	2
321	995	2
321	441	7
321	1038	5
321	931	2
321	637	2
321	1033	2
321	926	2
321	486	2
321	1027	2
321	412	2
321	710	2
321	371	2
321	924	2
321	992	2
321	767	3
321	677	2
321	753	2
321	616	2
323	498	2
323	441	2
323	621	2
324	336	4
324	441	7
324	1038	6
324	971	5
324	670	2
324	621	7
324	546	2
324	1046	2
324	407	3
324	692	3
324	1045	2
324	727	4
324	566	2
324	961	2
325	336	18
325	797	2
325	1073	3
325	441	22
325	1038	20
325	971	14
325	507	2
325	711	4
325	621	19
325	1033	8
325	822	4
325	686	2
325	964	2
325	820	2
325	569	2
325	747	2
325	746	4
325	1072	2
325	924	2
325	976	4
325	961	2
325	552	4
325	848	2
325	1048	2
325	864	3
325	428	2
325	727	7
325	407	6
325	767	3
325	898	3
325	530	2
325	498	2
325	995	2
325	744	2
325	966	3
325	855	2
325	568	2
325	920	2
325	1027	2
325	642	3
325	866	2
325	447	2
325	556	2
325	939	2
325	968	2
325	1045	3
325	736	2
325	610	3
325	1046	5
325	457	2
325	870	2
325	472	2
325	546	2
325	712	2
325	917	2
325	402	4
325	766	2
325	431	2
325	773	3
325	1007	2
325	381	2
325	363	3
325	1053	2
325	1001	2
325	599	2
325	1011	2
325	734	2
325	856	2
325	715	2
325	931	4
325	637	2
325	735	2
325	616	2
325	463	2
325	612	2
325	373	2
325	780	2
325	949	2
325	657	2
326	940	3
326	995	2
326	610	3
326	441	7
326	1038	5
326	642	2
326	621	6
326	371	3
326	855	3
326	428	3
326	1033	4
326	946	2
326	336	4
326	732	2
326	1046	3
326	944	2
326	692	2
326	355	3
326	552	2
326	670	2
326	767	2
326	873	2
326	1072	2
326	971	2
327	689	2
327	441	2
327	1038	2
327	621	2
328	621	2
329	540	2
329	336	2
329	797	2
329	1052	2
329	407	2
329	1059	2
329	441	2
329	692	2
329	1038	2
329	902	2
329	621	2
329	344	2
329	428	2
331	336	2
331	441	2
331	621	2
332	966	2
332	441	3
332	621	3
332	855	2
332	1001	3
332	460	2
332	893	2
332	1038	3
332	971	2
332	336	3
333	441	2
333	1038	2
333	621	2
334	1040	2
334	822	3
334	441	5
334	552	2
334	1038	4
334	965	2
334	707	2
334	621	5
334	457	2
334	866	3
334	336	2
334	971	2
334	730	2
334	716	2
335	822	3
335	1072	2
335	621	6
335	546	3
335	727	3
335	712	2
335	441	4
335	1038	3
335	971	2
335	716	2
335	866	2
335	1045	4
335	523	2
335	780	2
335	692	2
335	855	2
335	1033	2
335	552	2
336	797	8
336	353	11
336	1073	13
336	441	165
336	1038	141
336	971	83
336	871	5
336	507	8
336	711	16
336	621	144
336	1033	52
336	802	3
336	877	6
336	407	25
336	457	23
336	533	10
336	723	8
336	1069	6
336	434	3
336	937	12
336	742	2
336	727	48
336	686	7
336	820	5
336	649	7
336	476	2
336	670	21
336	372	2
336	673	2
336	593	2
336	822	19
336	1001	7
336	692	18
336	809	2
336	855	36
336	447	8
336	428	30
336	414	3
336	976	14
336	773	18
336	995	22
336	401	8
336	970	3
336	426	6
336	931	21
336	720	7
336	1018	2
336	594	4
336	896	2
336	832	4
336	964	2
336	438	2
336	875	7
336	569	22
336	747	16
336	504	5
336	746	14
336	551	2
336	1036	2
336	948	3
336	1072	13
336	362	2
336	395	6
336	924	14
336	972	2
336	399	2
336	860	2
336	510	4
336	951	2
336	506	5
336	431	9
336	994	8
336	566	12
336	873	9
336	1045	35
336	869	3
336	599	6
336	836	2
336	1011	7
336	736	11
336	780	10
336	552	14
336	591	9
336	1013	9
336	767	23
336	445	4
336	1065	2
336	644	4
336	864	10
336	949	8
336	961	20
336	1046	29
336	794	10
336	1058	5
336	715	2
336	707	9
336	1071	3
336	424	3
336	375	3
336	744	14
336	610	12
336	1052	11
336	539	2
336	642	12
336	1022	4
336	854	2
336	394	2
336	371	8
336	993	4
336	787	2
336	404	3
336	886	2
336	734	4
336	490	2
336	526	9
336	423	2
336	829	2
336	342	4
336	609	2
336	840	7
336	657	7
336	663	6
336	1060	2
336	801	4
336	536	4
336	461	7
336	898	9
336	546	9
336	1043	3
336	481	6
336	731	2
336	519	2
336	910	3
336	406	2
336	1066	7
336	561	2
336	521	13
336	488	5
336	411	7
336	388	3
336	501	3
336	818	2
336	535	3
336	891	3
336	497	2
336	988	2
336	868	9
336	677	6
336	678	4
336	1005	6
336	766	8
336	1024	2
336	477	6
336	1056	10
336	391	3
336	345	2
336	856	3
336	741	2
336	557	5
336	374	2
336	607	9
336	917	14
336	739	5
336	966	8
336	700	3
336	927	2
336	753	9
336	1007	9
336	684	2
336	928	3
336	771	3
336	498	10
336	691	9
336	436	3
336	870	4
336	759	4
336	568	10
336	418	2
336	911	4
336	729	2
336	1030	5
336	712	7
336	439	7
336	1000	9
336	377	8
336	938	4
336	390	3
336	926	5
336	486	13
336	1048	4
336	416	2
336	775	4
336	471	2
336	905	6
336	806	4
336	598	5
336	402	17
336	980	4
336	1037	2
336	718	7
336	811	7
336	530	2
336	516	4
336	1017	3
336	405	5
336	879	4
336	1027	16
336	1029	5
336	456	2
336	420	2
336	834	2
336	581	4
336	867	2
336	730	9
336	857	3
336	958	3
336	985	3
336	337	4
336	916	2
336	947	3
336	874	7
336	380	4
336	446	3
336	540	9
336	1023	2
336	472	3
336	666	4
336	572	6
336	502	2
336	352	2
336	956	2
336	881	7
336	703	2
336	627	2
336	849	2
336	846	6
336	606	2
336	432	2
336	596	3
336	422	2
336	825	5
336	866	7
336	524	2
336	1039	5
336	358	5
336	413	2
336	363	3
336	1054	2
336	764	3
336	798	2
336	637	5
336	564	2
336	884	4
336	743	2
336	944	3
336	1050	2
336	935	3
336	343	4
336	823	2
336	543	6
336	638	3
336	732	5
336	443	7
336	973	2
336	647	3
336	355	3
336	585	2
336	992	10
336	654	2
336	592	4
336	350	2
336	740	5
336	1059	3
336	902	3
336	800	3
336	957	4
336	344	6
336	962	2
336	876	6
336	556	5
336	660	2
336	523	2
336	618	2
336	499	2
336	616	5
336	716	6
336	816	2
336	1061	2
336	508	2
336	563	2
336	553	2
336	671	3
336	913	3
336	728	2
336	1020	2
336	518	2
336	852	2
336	628	4
336	603	2
336	999	4
336	968	4
336	920	4
336	839	2
336	862	2
336	706	3
336	676	2
336	808	3
336	939	3
336	977	2
336	544	2
336	367	3
336	517	5
336	645	2
336	537	3
336	685	2
336	909	2
336	781	2
336	1068	2
336	831	4
336	629	3
336	449	2
336	574	3
336	492	5
336	347	4
336	612	5
336	378	3
336	694	4
336	381	11
336	929	3
336	768	2
336	1026	2
336	735	6
336	776	2
336	651	6
336	361	2
336	859	3
336	548	5
336	699	4
336	791	2
336	586	3
336	1051	2
336	885	2
336	815	4
336	469	2
336	1025	2
336	349	2
336	659	6
336	779	2
336	983	3
336	952	2
336	664	2
336	965	2
336	357	3
336	641	2
336	828	3
336	580	2
336	412	2
336	710	3
336	754	2
336	772	2
336	688	2
336	1070	7
336	1042	3
336	785	2
336	901	3
336	1031	5
336	803	4
336	922	3
336	643	2
336	625	2
336	604	2
336	812	2
336	865	2
336	356	2
336	513	2
336	737	2
336	738	4
336	679	2
336	1014	2
336	674	3
336	762	3
336	777	2
336	844	2
336	368	2
336	565	2
336	605	2
336	560	2
336	415	2
336	778	2
336	1053	3
336	786	2
336	562	2
336	440	4
336	463	2
336	847	3
336	611	2
336	453	3
336	790	4
336	788	3
336	587	2
336	360	2
336	761	2
336	373	2
336	656	2
336	646	2
336	1019	2
336	667	2
336	960	2
336	733	3
336	489	2
336	955	2
336	522	2
336	421	2
336	1009	2
336	634	2
336	351	2
336	573	2
336	1004	2
336	704	4
336	953	2
336	511	2
336	681	2
336	491	2
336	708	3
336	589	2
336	933	2
336	813	2
336	584	2
336	600	2
336	880	2
336	496	2
336	558	2
336	1049	2
336	379	2
336	945	2
336	455	2
336	915	2
336	978	2
336	827	2
336	756	2
336	932	2
336	807	2
336	1041	2
337	407	3
337	521	2
337	441	3
337	1038	4
337	971	4
337	767	3
337	621	3
337	727	3
337	898	2
337	1042	2
337	670	2
338	1038	2
339	437	2
339	1038	2
339	621	2
339	791	2
340	441	2
340	1038	2
340	508	2
340	678	2
341	441	2
341	1038	2
341	621	2
342	441	5
342	1038	5
342	829	2
342	609	2
342	621	6
342	797	2
342	449	2
342	992	2
342	439	2
342	994	2
342	592	2
342	1000	3
342	740	2
342	407	2
342	957	2
342	428	2
342	381	3
342	859	2
342	548	2
343	498	2
343	944	2
343	441	6
343	1038	4
343	971	2
343	621	4
343	1045	2
343	727	4
343	1046	2
343	552	2
343	1011	3
343	526	2
343	1070	2
343	649	2
343	670	2
344	976	3
344	822	2
344	521	2
344	441	10
344	552	4
344	1038	10
344	707	3
344	621	10
344	428	6
344	540	3
344	797	2
344	740	2
344	1052	2
344	407	2
344	1059	2
344	485	2
344	692	4
344	569	3
344	902	2
344	992	3
344	957	4
344	1033	3
344	971	4
344	642	2
344	405	4
344	670	2
344	873	2
344	780	2
344	905	2
344	855	3
344	1045	5
344	995	2
344	917	2
344	453	2
344	492	2
344	347	2
344	572	2
344	351	2
344	548	2
344	730	2
344	961	2
345	621	2
346	441	2
346	621	2
347	738	2
347	621	6
347	727	3
347	441	5
347	1038	5
347	431	2
347	686	2
347	492	2
347	753	3
347	659	2
347	995	2
347	917	2
347	740	2
347	569	2
347	548	2
347	1033	2
347	453	2
347	957	2
348	876	2
348	521	2
348	441	2
348	1038	2
348	931	2
348	621	2
349	441	2
349	1038	2
349	971	2
349	621	2
349	1045	2
350	377	2
350	638	2
350	441	2
350	1038	2
350	569	2
350	621	2
350	1033	2
351	441	3
351	1038	3
351	548	2
351	992	2
351	957	2
351	621	2
351	428	2
352	441	4
352	1038	3
352	621	3
352	727	3
352	971	2
352	811	2
353	797	4
353	1073	5
353	441	16
353	1038	12
353	971	9
353	871	2
353	507	4
353	711	3
353	621	13
353	1033	3
353	686	2
353	670	3
353	461	3
353	407	4
353	457	4
353	898	2
353	924	4
353	546	5
353	1046	6
353	868	2
353	1005	4
353	766	2
353	801	2
353	727	7
353	881	2
353	875	2
353	1045	5
353	961	2
353	1027	4
353	767	4
353	958	3
353	712	2
353	439	2
353	1007	2
353	533	2
353	855	2
353	866	2
353	367	2
353	401	3
353	548	2
353	780	2
354	441	2
354	692	2
354	1038	2
354	621	2
354	873	2
355	441	8
355	1038	7
355	971	3
355	621	5
355	428	4
355	1045	2
355	946	2
355	1011	2
355	995	2
355	1046	3
355	944	2
355	443	2
355	692	2
355	905	3
355	585	2
355	992	2
355	855	2
355	727	2
355	378	2
355	773	2
355	881	2
355	939	2
355	931	2
356	889	2
356	971	2
356	711	2
356	746	2
356	621	5
356	1033	3
356	1045	2
356	737	2
356	631	2
356	648	2
356	441	2
356	692	2
356	1038	2
357	877	2
357	441	2
357	1038	2
357	569	3
357	621	3
358	441	5
358	1038	4
358	621	4
358	736	2
358	971	3
358	1072	2
358	521	2
358	873	2
358	428	2
358	961	2
358	540	2
359	887	2
359	947	2
359	441	3
359	1038	2
359	614	2
359	621	3
359	506	2
360	976	2
360	441	3
360	552	2
360	1038	3
360	971	2
360	621	3
360	428	2
361	441	2
361	776	2
361	1038	2
361	621	2
362	441	2
362	621	2
363	431	2
363	773	2
363	966	4
363	441	5
363	1038	4
363	971	3
363	569	2
363	931	3
363	637	3
363	564	2
363	746	2
363	621	8
363	855	3
363	1033	5
363	1045	3
363	760	2
363	881	2
363	381	3
363	905	2
363	428	2
363	930	2
363	803	2
363	642	3
363	1053	2
363	1001	2
363	599	2
363	1011	2
363	734	2
363	856	2
363	1007	2
363	568	2
363	780	2
364	441	2
365	621	2
366	401	2
366	441	3
366	1038	3
366	621	3
366	551	2
366	1033	2
366	1046	2
367	971	2
367	441	2
367	1038	2
368	441	2
368	649	2
369	1046	2
369	441	2
369	1038	2
371	1071	2
371	1072	3
371	995	2
371	744	3
371	610	2
371	441	16
371	692	2
371	1038	11
371	539	2
371	642	2
371	621	13
371	855	5
371	447	2
371	428	3
371	1045	5
371	727	3
371	976	4
371	775	2
371	552	3
371	971	2
371	806	2
371	773	3
371	940	2
371	1033	2
371	407	4
371	767	4
371	670	2
371	1027	3
371	603	2
371	566	4
371	443	2
371	457	2
371	999	2
371	533	2
371	1056	2
371	401	2
371	486	2
371	881	3
371	931	2
371	822	2
371	412	2
371	710	2
371	1046	2
372	441	2
373	1001	2
373	1011	2
373	441	3
373	905	2
373	1038	3
373	621	3
373	976	2
373	1053	2
373	1046	3
373	414	2
373	949	2
374	877	2
374	441	2
374	1038	2
374	621	2
375	744	2
375	441	4
375	692	2
375	1038	3
375	1022	2
375	621	3
375	855	2
375	566	2
375	1048	2
375	704	2
375	976	2
376	1001	2
376	599	2
376	1011	2
376	736	2
376	591	2
376	1038	2
376	621	2
377	439	3
377	822	3
377	1000	2
377	441	9
377	1038	7
377	971	6
377	621	7
377	428	2
377	1033	5
377	926	2
377	540	2
377	638	2
377	407	2
377	569	2
377	992	2
377	1001	2
377	1011	2
377	995	2
377	905	2
377	773	2
377	1027	2
377	1046	3
377	767	3
377	961	2
377	727	2
377	855	2
378	976	3
378	961	2
378	773	3
378	441	5
378	1038	5
378	971	4
378	898	2
378	670	3
378	621	4
378	1056	2
378	1045	2
378	1046	4
378	692	2
378	999	2
378	855	2
378	428	4
378	407	2
378	940	2
378	568	2
379	441	3
379	1038	3
379	621	3
379	747	2
380	822	2
380	744	2
380	457	3
380	971	3
380	707	3
380	746	2
380	621	3
380	855	2
380	1045	3
380	441	3
380	1038	2
380	1033	2
381	1001	2
381	1046	4
381	441	19
381	1038	18
381	931	2
381	572	3
381	760	2
381	1000	4
381	566	4
381	966	4
381	552	2
381	905	3
381	965	2
381	702	2
381	621	20
381	855	5
381	428	9
381	1033	3
381	1045	8
381	727	2
381	407	4
381	569	4
381	628	2
381	976	2
381	994	3
381	822	4
381	735	2
381	999	2
381	651	2
381	767	3
381	642	2
381	859	3
381	548	2
381	1003	2
381	774	2
381	732	4
381	891	2
381	868	4
381	866	4
381	610	3
381	1056	2
381	724	2
381	495	2
381	930	2
381	535	2
381	803	4
381	957	2
381	753	2
381	670	2
381	873	2
381	971	5
381	746	2
381	543	3
381	1011	2
381	944	2
381	763	2
381	431	2
381	716	2
381	961	3
381	643	2
381	1053	2
381	592	2
381	790	2
381	689	2
381	788	2
381	992	2
381	1039	2
381	850	2
381	635	2
382	441	2
382	1038	2
383	566	2
383	441	2
383	1038	2
383	621	2
384	621	2
384	441	2
384	1038	2
386	948	2
386	441	3
386	1038	4
386	746	2
386	621	4
386	486	2
386	902	2
387	966	2
387	441	2
387	621	2
388	910	2
388	441	3
388	621	4
388	1038	2
389	441	2
389	1038	2
389	621	3
390	822	2
390	441	3
390	1038	2
390	971	2
390	621	3
390	1033	2
390	1027	2
391	621	3
391	441	2
391	1038	2
391	971	2
391	1045	2
392	441	2
393	1038	2
393	621	2
393	1045	2
394	441	2
394	1038	2
394	621	2
395	441	6
395	621	4
395	607	2
395	1046	2
395	488	2
395	457	2
395	1038	4
395	1045	2
395	822	2
395	971	3
395	1013	2
395	537	2
395	730	2
395	866	2
395	917	2
395	1033	2
395	937	2
396	441	4
396	552	2
396	1038	5
396	621	4
396	971	2
396	727	2
396	594	2
398	1046	2
398	441	4
398	1038	4
398	621	2
398	864	2
398	880	2
398	616	2
398	971	2
399	441	2
399	1038	2
399	510	2
400	441	3
400	552	2
400	1038	3
400	971	2
400	621	2
401	976	3
401	773	4
401	995	2
401	407	2
401	1073	2
401	441	14
401	1038	13
401	971	6
401	426	3
401	931	2
401	621	12
401	1033	3
401	727	4
401	822	3
401	686	2
401	569	2
401	746	2
401	551	2
401	486	3
401	1011	2
401	1027	3
401	732	2
401	1046	7
401	692	2
401	647	2
401	552	2
401	905	2
401	670	7
401	654	3
401	428	4
401	566	2
401	607	2
401	961	3
401	780	3
401	629	2
401	642	2
401	924	2
401	1045	4
401	864	2
401	1047	2
401	568	3
401	767	2
401	846	2
401	507	2
401	536	2
401	546	2
401	1001	2
401	1070	2
401	1072	2
402	976	2
402	775	2
402	441	16
402	552	2
402	1038	15
402	971	9
402	598	2
402	718	2
402	621	15
402	428	3
402	1045	6
402	811	2
402	995	3
402	739	2
402	407	2
402	855	4
402	873	2
402	727	9
402	773	3
402	956	2
402	780	2
402	966	2
402	569	3
402	707	2
402	846	3
402	1061	2
402	1052	2
402	1046	2
402	563	2
402	753	2
402	924	2
402	566	2
402	557	2
402	546	2
402	607	2
402	961	3
402	831	3
402	670	2
402	917	2
402	766	2
402	1033	5
402	686	2
402	700	2
402	868	3
402	746	2
402	526	3
402	785	2
402	581	2
402	589	2
403	441	2
403	746	2
404	441	4
404	457	2
404	1038	5
404	621	5
404	1045	2
405	998	2
405	995	2
405	407	2
405	441	8
405	692	2
405	1038	8
405	621	9
405	855	2
405	873	2
405	727	4
405	976	2
405	822	2
405	552	2
405	971	4
405	642	2
405	902	2
405	428	3
405	875	2
405	740	2
405	1073	2
405	569	2
405	572	2
405	1045	2
405	1033	2
405	663	2
405	730	2
406	441	2
406	411	2
406	621	2
407	441	40
407	457	3
407	1038	41
407	971	19
407	533	3
407	434	2
407	621	28
407	727	14
407	976	4
407	773	6
407	995	4
407	1073	4
407	931	5
407	720	2
407	1033	4
407	1018	2
407	961	7
407	1046	11
407	794	2
407	767	7
407	1045	6
407	461	3
407	797	4
407	507	2
407	898	6
407	924	3
407	546	4
407	743	3
407	572	2
407	692	8
407	530	2
407	739	4
407	516	2
407	855	3
407	873	4
407	1027	7
407	521	5
407	868	4
407	712	2
407	820	3
407	947	2
407	510	3
407	670	7
407	612	4
407	1052	3
407	899	2
407	994	2
407	1000	4
407	1011	2
407	744	3
407	594	2
407	857	2
407	540	4
407	1059	2
407	569	3
407	902	3
407	992	2
407	428	6
407	822	5
407	486	2
407	775	2
407	1056	4
407	628	2
407	929	2
407	736	2
407	610	6
407	711	2
407	431	2
407	552	2
407	880	2
407	968	2
407	881	2
407	861	2
407	780	2
407	811	2
407	763	2
407	556	2
407	410	2
407	637	2
407	993	2
407	869	3
407	1053	2
407	440	2
407	1048	2
407	1042	2
407	746	3
407	689	2
408	744	2
408	1046	2
408	441	2
408	1038	2
409	441	2
409	1038	2
409	621	2
409	1033	2
410	822	2
410	441	2
410	1038	2
410	621	2
411	910	2
411	1066	2
411	521	2
411	488	2
411	441	8
411	931	3
411	621	8
411	1046	3
411	1038	6
411	524	2
411	1045	3
411	868	2
411	971	3
411	1013	2
412	441	2
412	710	2
412	621	2
413	441	4
413	1038	2
413	621	4
413	727	2
413	481	2
414	593	2
414	822	2
414	441	5
414	621	5
414	428	2
414	976	3
414	1046	4
414	1038	4
414	859	2
414	1007	2
414	566	2
414	949	2
414	1045	3
414	1053	2
414	417	2
415	881	2
415	441	2
415	1038	2
415	649	2
415	711	2
415	428	2
415	1033	2
416	441	2
416	905	2
416	1038	2
416	621	2
417	1053	2
417	621	2
418	441	2
418	621	2
418	1033	2
419	441	2
419	621	2
420	441	2
420	746	2
421	441	2
421	1038	2
421	621	2
422	995	2
422	441	3
422	1038	3
422	971	2
422	621	3
423	441	2
423	621	2
424	744	2
424	441	4
424	1038	4
424	1022	2
424	621	3
424	428	2
424	727	2
424	552	2
424	971	2
424	767	2
424	512	2
424	924	2
425	621	2
426	441	14
426	1038	10
426	971	4
426	931	4
426	720	3
426	621	12
426	1033	4
426	727	6
426	1011	2
426	922	2
426	1045	5
426	428	3
426	876	3
426	550	2
426	961	2
426	778	2
426	1046	3
426	670	2
426	866	2
426	711	2
426	736	3
426	610	3
426	875	2
426	723	2
426	879	2
426	1039	2
426	536	2
426	981	2
426	746	2
427	441	2
428	976	13
428	822	8
428	773	8
428	728	2
428	521	5
428	441	53
428	552	13
428	1038	48
428	965	3
428	1022	3
428	707	2
428	621	53
428	604	2
428	794	2
428	971	19
428	879	2
428	917	2
428	803	2
428	747	2
428	651	3
428	459	2
428	548	5
428	772	2
428	1045	16
428	673	2
428	593	2
428	1001	4
428	872	2
428	692	10
428	855	12
428	447	5
428	763	2
428	568	4
428	1046	10
428	939	3
428	598	2
428	980	5
428	859	4
428	711	5
428	899	3
428	727	14
428	1072	3
428	995	7
428	744	3
428	610	4
428	1052	7
428	464	2
428	539	3
428	642	5
428	439	4
428	1000	8
428	875	4
428	1065	2
428	1033	12
428	961	9
428	486	6
428	578	2
428	1048	3
428	864	4
428	736	4
428	797	4
428	775	2
428	905	5
428	1058	2
428	843	2
428	811	3
428	686	2
428	940	2
428	723	3
428	456	3
428	901	3
428	1073	3
428	767	3
428	620	2
428	445	2
428	670	9
428	840	2
428	780	4
428	1013	2
428	730	4
428	1053	2
428	498	3
428	494	2
428	543	7
428	1011	4
428	638	2
428	1027	3
428	732	4
428	944	3
428	443	3
428	462	2
428	585	3
428	992	6
428	795	2
428	994	5
428	592	3
428	540	4
428	740	3
428	1059	3
428	485	2
428	569	4
428	902	3
428	957	3
428	962	2
428	470	2
428	563	3
428	753	2
428	924	3
428	1056	4
428	913	2
428	881	5
428	566	6
428	966	3
428	880	2
428	668	2
428	702	2
428	517	2
428	657	2
428	873	4
428	599	3
428	624	2
428	931	6
428	650	2
428	999	2
428	449	2
428	586	2
428	1003	2
428	774	2
428	891	2
428	868	5
428	866	3
428	653	2
428	783	2
428	884	2
428	948	2
428	993	3
428	512	2
428	691	3
428	869	2
428	1031	2
428	706	2
428	659	2
428	605	2
428	591	2
428	649	2
428	846	2
428	453	2
428	587	2
428	761	2
428	847	2
428	656	2
428	734	2
428	968	2
428	720	2
428	949	2
428	489	2
428	835	2
428	460	2
428	481	2
428	1029	2
428	457	2
428	1049	2
428	1043	2
428	1070	2
428	496	2
428	699	2
428	910	2
428	635	2
429	822	2
429	1038	2
429	971	2
429	637	2
429	621	2
430	1052	2
430	441	3
430	1038	3
430	971	2
430	907	2
430	621	3
430	727	3
431	441	10
431	1038	10
431	621	10
431	873	2
431	1045	6
431	773	2
431	995	4
431	917	3
431	966	3
431	971	5
431	569	4
431	931	2
431	746	3
431	855	3
431	1033	3
431	686	2
431	1046	2
431	677	2
431	753	2
431	864	2
431	727	2
431	628	2
431	670	2
431	664	2
431	1007	2
431	905	2
431	803	2
431	1005	2
432	822	2
432	1038	2
432	569	2
432	707	2
432	621	2
433	930	2
433	955	2
433	569	2
433	621	2
434	441	4
434	1038	3
434	621	4
434	874	2
434	908	2
435	961	2
435	1046	2
435	441	2
435	1038	2
435	621	2
436	498	2
436	441	3
436	1038	3
436	526	2
436	621	3
436	855	3
436	971	2
436	1033	2
437	1038	2
437	621	2
437	791	2
438	441	2
438	1038	2
438	621	2
438	1033	2
439	822	2
439	1000	3
439	441	6
439	1038	5
439	971	3
439	937	2
439	621	6
439	1033	2
439	926	2
439	797	2
439	1046	4
439	924	2
439	855	2
439	447	2
439	994	2
439	1052	2
439	569	2
439	1027	2
439	767	2
439	642	2
439	840	2
440	441	2
440	621	2
440	869	2
440	1053	2
440	1038	2
440	1048	2
441	976	23
441	594	9
441	1040	2
441	822	27
441	773	24
441	728	3
441	521	19
441	552	25
441	1038	246
441	965	4
441	1069	8
441	1022	9
441	707	11
441	837	2
441	621	225
441	797	9
441	1073	18
441	971	105
441	871	5
441	507	8
441	711	16
441	1033	56
441	802	5
441	877	8
441	615	2
441	457	26
441	533	13
441	723	10
441	937	12
441	466	2
441	742	2
441	727	84
441	686	9
441	820	6
441	649	8
441	476	2
441	670	32
441	879	5
441	917	14
441	535	7
441	803	6
441	747	17
441	651	7
441	459	2
441	548	10
441	772	4
441	1045	72
441	559	2
441	673	3
441	593	4
441	1001	13
441	872	2
441	692	29
441	809	2
441	855	49
441	447	11
441	995	31
441	970	3
441	931	33
441	720	9
441	1018	2
441	896	5
441	832	3
441	964	2
441	770	2
441	875	11
441	639	2
441	569	23
441	504	5
441	746	24
441	551	3
441	1036	2
441	1026	3
441	659	10
441	948	5
441	1021	4
441	566	25
441	691	13
441	572	9
441	1072	16
441	924	18
441	862	5
441	1046	48
441	757	2
441	450	2
441	972	3
441	444	2
441	510	9
441	951	2
441	506	7
441	1011	12
441	570	2
441	922	5
441	991	2
441	633	3
441	780	17
441	629	5
441	610	23
441	660	3
441	1028	3
441	735	7
441	874	9
441	1048	7
441	866	16
441	763	4
441	568	17
441	939	8
441	598	7
441	980	7
441	859	8
441	899	6
441	732	10
441	994	11
441	873	17
441	869	4
441	599	9
441	736	11
441	591	10
441	1013	8
441	767	32
441	445	3
441	1065	3
441	644	7
441	864	18
441	949	7
441	961	29
441	794	10
441	1058	7
441	715	4
441	1071	5
441	744	24
441	1052	14
441	500	2
441	464	4
441	539	4
441	642	14
441	925	2
441	854	2
441	993	6
441	787	2
441	886	3
441	734	7
441	490	3
441	1044	2
441	526	12
441	984	2
441	829	4
441	1000	14
441	663	9
441	557	10
441	840	5
441	657	8
441	776	6
441	712	8
441	1060	3
441	801	5
441	536	6
441	461	7
441	898	13
441	997	2
441	546	15
441	1043	4
441	481	8
441	731	3
441	830	2
441	519	3
441	910	4
441	1066	7
441	561	2
441	488	5
441	1070	8
441	1027	23
441	514	2
441	1032	2
441	857	7
441	501	3
441	818	2
441	891	8
441	497	2
441	541	2
441	988	2
441	868	14
441	677	7
441	678	5
441	1005	8
441	766	11
441	1024	2
441	477	7
441	1002	2
441	1056	17
441	974	2
441	637	8
441	724	3
441	652	3
441	881	14
441	774	3
441	841	2
441	451	2
441	814	2
441	694	5
441	920	6
441	878	2
441	799	2
441	449	4
441	992	12
441	807	3
441	558	4
441	607	11
441	739	8
441	966	13
441	941	2
441	700	3
441	914	2
441	753	9
441	1007	12
441	684	2
441	928	5
441	771	3
441	498	13
441	590	2
441	858	3
441	870	6
441	759	4
441	911	3
441	695	2
441	1030	7
441	938	3
441	926	5
441	486	19
441	775	6
441	471	2
441	905	14
441	806	3
441	843	2
441	1037	2
441	718	10
441	811	12
441	1057	2
441	611	6
441	654	7
441	940	3
441	1012	2
441	597	2
441	716	8
441	456	4
441	904	2
441	901	5
441	530	2
441	998	2
441	483	2
441	516	6
441	1017	4
441	876	11
441	900	2
441	852	3
441	825	10
441	667	3
441	620	3
441	1029	6
441	834	2
441	581	3
441	867	2
441	730	12
441	958	4
441	985	3
441	528	2
441	478	2
441	556	7
441	540	11
441	969	3
441	916	2
441	525	2
441	947	4
441	612	8
441	956	2
441	703	4
441	627	2
441	849	2
441	846	9
441	606	2
441	512	3
441	666	4
441	596	2
441	890	2
441	524	2
441	520	2
441	1039	6
441	838	2
441	467	2
441	527	2
441	967	2
441	790	5
441	650	3
441	989	2
441	1064	2
441	813	3
441	918	3
441	1054	4
441	697	4
441	764	4
441	798	2
441	564	2
441	884	6
441	743	3
441	944	6
441	1050	2
441	935	3
441	494	3
441	892	2
441	946	2
441	543	9
441	638	3
441	443	6
441	462	2
441	973	3
441	647	3
441	585	4
441	446	5
441	595	3
441	675	2
441	795	2
441	592	5
441	740	7
441	1059	3
441	485	2
441	902	4
441	800	3
441	957	5
441	962	3
441	475	2
441	804	2
441	523	2
441	618	2
441	499	2
441	616	7
441	816	2
441	1061	2
441	470	2
441	1062	2
441	508	3
441	563	6
441	553	2
441	671	3
441	913	5
441	571	2
441	518	3
441	987	2
441	760	2
441	815	5
441	880	6
441	668	2
441	702	3
441	480	3
441	489	5
441	1034	3
441	826	2
441	628	6
441	614	3
441	583	2
441	603	4
441	999	6
441	968	6
441	725	2
441	1055	2
441	479	3
441	706	2
441	676	4
441	808	5
441	793	2
441	977	4
441	745	2
441	567	2
441	853	3
441	1008	2
441	975	2
441	545	4
441	452	2
441	1068	2
441	831	3
441	517	3
441	574	3
441	492	4
441	624	3
441	653	3
441	778	3
441	704	7
441	850	2
441	1041	4
441	1025	4
441	929	4
441	768	2
441	608	2
441	1047	3
441	827	6
441	640	2
441	487	2
441	1031	5
441	699	3
441	791	2
441	1063	3
441	586	3
441	1051	2
441	861	2
441	1003	2
441	887	2
441	885	2
441	472	2
441	789	2
441	469	2
441	537	2
441	983	2
441	952	2
441	942	2
441	783	2
441	709	2
441	758	2
441	664	4
441	641	2
441	828	2
441	465	2
441	710	3
441	752	2
441	454	2
441	531	2
441	696	2
441	821	2
441	754	2
441	542	2
441	796	2
441	805	2
441	912	2
441	683	2
441	495	2
441	576	2
441	726	2
441	579	2
441	943	2
441	503	2
441	672	2
441	1042	2
441	785	3
441	602	2
441	1006	2
441	643	3
441	625	2
441	604	2
441	812	2
441	865	2
441	1053	3
441	738	4
441	749	2
441	679	2
441	737	3
441	1014	2
441	674	4
441	762	6
441	777	2
441	844	2
441	605	2
441	786	2
441	562	3
441	919	2
441	986	2
441	549	2
441	630	3
441	463	2
441	847	3
441	453	3
441	689	4
441	788	2
441	705	2
441	587	2
441	761	2
441	960	3
441	656	2
441	646	2
441	1019	2
441	982	2
441	522	3
441	635	7
441	613	2
441	835	2
441	1009	2
441	634	3
441	573	2
441	1004	2
441	713	3
441	460	2
441	1049	3
441	953	2
441	893	2
441	511	2
441	681	3
441	484	2
441	491	2
441	708	3
441	907	2
441	680	2
441	600	2
441	496	2
441	733	2
441	945	2
441	455	2
441	631	2
441	698	2
441	714	2
441	915	2
441	538	2
441	756	2
441	932	2
441	665	2
441	792	2
441	851	3
441	687	2
441	577	2
441	719	2
441	648	2
441	889	2
441	990	2
441	685	2
441	833	2
441	981	3
441	1067	2
441	863	2
441	717	2
441	883	2
441	722	2
441	921	2
443	543	2
443	1011	2
443	732	2
443	1046	2
443	552	2
443	905	2
443	1038	7
443	992	2
443	621	6
443	1033	3
443	976	2
443	1072	2
443	999	2
443	591	2
443	968	3
443	1045	2
443	881	2
443	931	2
443	851	2
443	687	2
443	592	2
443	634	2
443	577	2
444	1038	2
444	621	2
444	727	2
445	1001	2
445	736	2
445	552	2
445	1038	3
445	767	2
445	720	2
445	621	4
445	855	2
445	949	2
445	976	2
445	1073	2
445	727	2
446	568	4
446	971	3
446	557	3
446	642	2
446	746	3
446	621	5
446	572	2
446	1045	4
446	1038	4
446	827	2
446	1046	2
446	767	3
446	1033	2
447	822	3
447	692	4
447	971	7
447	621	10
447	855	6
447	995	3
447	744	2
447	610	2
447	1052	2
447	1038	9
447	539	2
447	642	4
447	1045	3
447	727	6
447	686	3
447	901	2
447	1033	3
447	898	3
447	1005	2
447	924	2
447	976	2
447	552	2
447	498	2
447	840	2
447	811	2
447	504	2
447	931	2
447	736	2
449	971	2
449	621	4
449	993	2
449	1038	3
449	1022	2
449	924	2
449	976	2
449	767	2
450	1038	2
451	1038	2
451	621	2
451	873	2
451	727	2
452	1038	2
452	971	2
452	546	2
453	732	2
453	790	2
453	552	2
453	1038	3
453	992	2
453	621	3
453	957	2
454	1038	2
454	971	2
455	621	2
456	773	2
456	686	2
456	1038	4
456	621	4
456	855	2
456	670	2
456	1046	2
456	868	2
457	1038	23
457	971	12
457	533	3
457	937	2
457	621	24
457	727	8
457	510	2
457	822	5
457	552	2
457	874	2
457	866	3
457	610	3
457	829	2
457	864	2
457	1045	11
457	744	5
457	663	2
457	1073	2
457	707	5
457	1060	2
457	801	2
457	536	2
457	461	3
457	797	2
457	924	2
457	997	3
457	546	7
457	481	3
457	1046	7
457	794	3
457	868	2
457	931	3
457	1005	2
457	766	2
457	1056	2
457	607	3
457	1066	2
457	995	3
457	917	3
457	739	2
457	966	3
457	747	2
457	642	5
457	855	5
457	1033	5
457	870	3
457	670	2
457	1027	4
457	521	2
457	767	2
457	712	3
457	1072	2
457	746	3
457	1030	2
457	926	3
457	472	2
457	773	2
457	569	2
457	637	2
457	692	3
457	716	3
457	691	2
457	644	2
457	976	3
457	566	2
457	591	2
457	862	2
457	994	3
457	791	2
457	1052	2
457	859	2
457	755	2
458	961	2
458	599	2
458	971	2
459	1038	2
459	621	2
460	1001	2
460	481	2
460	1038	3
460	621	3
460	931	2
461	1038	6
461	971	6
461	507	2
461	621	6
461	546	4
461	1027	3
461	521	2
461	1073	2
461	767	2
461	868	2
461	712	4
461	780	2
461	616	2
461	716	2
461	855	2
461	1033	2
461	1045	2
461	846	2
462	1011	2
462	1038	2
462	670	2
462	621	2
462	855	2
463	1038	2
464	610	2
464	1038	4
464	621	4
464	855	2
464	1045	4
464	727	2
464	841	2
465	1038	2
465	621	2
465	727	2
466	1038	2
466	621	2
467	971	2
467	621	2
468	976	2
468	552	2
468	971	2
469	971	2
470	621	2
470	864	2
471	1038	2
471	971	2
471	621	2
472	822	2
472	971	3
472	707	2
472	621	3
472	727	2
472	1038	2
473	1038	2
474	947	2
474	614	2
474	866	2
475	1038	2
475	621	2
476	822	2
476	1011	2
476	1038	2
476	971	2
476	621	2
477	1046	3
477	794	2
477	1038	6
477	868	2
477	678	3
477	621	5
477	924	2
477	727	2
477	1027	2
477	746	2
477	857	2
477	508	2
477	1070	2
477	971	2
478	1038	3
478	621	3
479	546	3
479	676	2
479	1038	2
479	971	2
480	621	2
480	727	2
481	794	2
481	1038	7
481	621	7
481	1033	3
481	931	2
481	727	3
481	822	2
481	773	3
481	736	2
481	971	3
481	1013	2
481	730	2
481	785	2
481	875	2
481	855	2
481	1009	2
481	711	2
484	1038	2
484	621	2
485	1038	2
485	621	2
486	976	5
486	961	3
486	552	3
486	1038	16
486	621	10
486	864	3
486	1033	3
486	727	4
486	744	2
486	767	2
486	670	4
486	855	2
486	1027	8
486	692	2
486	973	2
486	647	2
486	905	2
486	1052	2
486	822	2
486	775	2
486	521	2
486	971	5
486	1056	2
486	607	2
486	948	2
486	642	2
486	546	2
486	831	2
486	780	2
486	517	2
486	924	2
486	873	2
486	1045	3
486	659	2
486	902	3
486	773	2
486	733	2
486	870	2
487	1046	2
487	939	2
487	1038	2
488	1066	2
488	521	2
488	794	2
488	621	5
488	607	2
488	1046	2
488	1038	3
488	1045	2
488	917	2
488	569	2
488	937	2
488	1033	2
489	1000	2
489	1038	6
489	1034	2
489	621	6
489	855	2
489	875	2
489	1045	3
489	727	3
489	773	2
489	775	2
489	1033	2
490	610	2
490	1038	2
490	621	3
490	931	2
491	736	2
491	708	2
491	815	2
491	1038	2
491	720	2
491	621	2
491	1033	2
492	1038	5
492	574	2
492	753	2
492	621	5
492	924	2
492	727	2
492	995	2
492	740	2
492	790	2
492	552	2
492	569	2
492	957	3
492	707	2
492	572	2
492	1045	2
494	1038	3
494	621	3
495	732	2
495	803	2
495	1038	2
495	621	2
496	621	2
497	1038	2
497	621	3
497	727	2
497	881	2
498	1038	10
498	526	2
498	621	11
498	855	3
498	873	2
498	759	2
498	568	2
498	569	3
498	1013	3
498	1033	5
498	1007	2
498	995	2
498	966	2
498	971	3
498	767	2
498	718	2
498	1045	2
498	727	2
498	876	2
498	744	2
498	864	2
498	976	3
498	780	2
498	629	2
498	517	2
498	657	3
498	642	2
498	670	2
498	924	2
498	822	2
498	840	2
498	735	2
498	859	2
498	1070	2
499	971	2
499	569	2
499	747	2
499	621	2
500	610	2
500	1038	2
500	621	2
501	1046	2
501	1038	3
501	621	3
501	727	2
501	917	2
501	569	2
501	747	2
502	822	2
502	971	3
502	707	2
502	621	2
502	1038	3
502	870	2
503	1038	2
503	621	2
504	686	2
504	1038	4
504	621	5
504	1033	4
504	1052	2
504	552	2
504	730	2
504	924	2
504	727	4
504	663	2
504	811	2
506	860	2
506	1038	4
506	510	4
506	621	7
506	727	2
506	947	2
506	874	2
506	1041	3
506	670	2
506	1030	2
506	876	2
507	797	2
507	1073	2
507	1038	9
507	971	7
507	711	3
507	621	6
507	1033	2
507	898	2
507	924	2
507	546	2
507	780	2
507	1027	3
507	767	2
507	670	2
507	727	3
508	532	2
508	1046	2
508	678	3
508	924	2
508	1056	2
508	1038	2
508	1070	2
510	1038	7
510	621	7
510	727	2
510	780	2
510	610	2
510	746	2
510	874	3
510	670	3
510	1041	2
510	594	2
511	540	2
511	1038	2
511	971	2
511	621	2
512	552	2
512	1038	3
512	971	2
512	767	2
512	924	2
512	621	2
513	711	2
513	621	2
514	1038	2
514	621	2
515	621	2
515	727	2
516	1038	7
516	621	5
516	873	2
516	727	4
516	971	4
516	670	2
516	1011	2
516	1042	2
516	1053	2
516	1001	2
516	822	2
517	1038	4
517	621	4
517	976	2
517	961	2
517	780	2
517	657	2
517	971	2
517	569	2
517	642	2
517	1026	2
517	735	2
518	1038	3
518	571	2
518	621	3
518	976	2
518	552	2
518	971	2
519	1011	2
519	1038	3
519	621	3
519	905	2
519	873	2
520	890	2
520	1046	2
520	1038	2
520	621	3
521	976	2
521	1040	2
521	822	2
521	773	3
521	552	3
521	1038	16
521	621	14
521	971	6
521	931	6
521	855	3
521	1045	5
521	727	5
521	712	2
521	995	3
521	794	2
521	767	3
521	868	2
521	820	2
521	898	2
521	874	2
521	670	4
521	1056	2
521	876	2
521	961	2
521	1011	2
521	624	2
521	939	2
521	1000	2
521	880	2
521	929	3
521	730	2
521	1046	3
521	754	2
521	1070	2
521	1042	2
521	663	2
521	1033	4
521	1052	2
521	691	3
521	692	2
521	1029	2
521	699	2
521	736	2
521	937	2
521	873	2
522	1038	2
522	971	2
522	569	2
522	747	2
523	780	2
523	1038	2
523	621	3
524	1046	2
524	1038	2
524	621	2
525	1038	2
525	621	2
526	610	2
526	734	2
526	1038	10
526	621	8
526	864	2
526	855	2
526	858	2
526	822	3
526	1001	2
526	723	3
526	866	2
526	961	3
526	649	2
526	637	2
526	727	4
526	759	2
526	568	2
526	971	6
526	562	2
526	773	2
526	1033	3
526	960	2
526	581	2
526	589	2
526	692	2
526	937	2
527	621	2
527	1045	2
527	727	2
528	1038	2
528	621	2
530	1038	2
530	621	2
531	1038	3
532	678	2
532	1056	2
533	1038	13
533	971	5
533	937	2
533	621	12
533	727	4
533	1046	4
533	642	3
533	1007	2
533	566	2
533	1045	5
533	1066	2
533	568	2
533	911	2
533	747	2
533	1033	2
533	691	2
533	1005	2
533	995	2
533	1073	2
533	924	2
533	855	4
533	591	2
533	659	2
533	767	2
534	1038	2
534	971	2
534	621	2
535	803	2
535	1038	7
535	971	3
535	651	2
535	621	5
535	1045	2
535	677	2
535	727	2
535	873	3
535	654	2
535	825	2
536	744	2
536	1038	7
536	621	7
536	1011	2
536	1046	3
536	1045	2
536	773	2
536	736	2
537	736	2
537	1038	2
537	909	2
537	621	2
537	781	2
537	822	2
537	971	2
537	1013	2
537	866	2
538	1038	2
538	621	2
538	1033	2
538	1045	2
539	995	2
539	610	2
539	1038	5
539	642	2
539	621	5
539	855	2
539	1045	2
539	1033	2
539	915	2
539	874	2
540	744	2
540	1038	11
540	642	2
540	621	12
540	822	3
540	971	6
540	855	5
540	727	5
540	543	2
540	797	2
540	1052	4
540	1059	2
540	692	3
540	569	2
540	902	2
540	800	2
540	1033	3
540	586	2
540	873	3
540	961	3
540	736	2
540	720	2
540	599	2
540	685	2
541	1038	2
541	621	2
542	1038	2
542	971	2
542	767	2
543	1000	3
543	1011	2
543	638	2
543	732	2
543	1046	2
543	944	2
543	692	2
543	552	3
543	1038	8
543	992	3
543	621	10
543	855	2
543	1033	3
543	727	3
543	592	3
543	740	2
543	1052	2
543	1059	2
543	566	3
543	554	2
543	866	2
543	976	2
543	611	2
543	931	2
543	761	2
544	1046	2
544	971	2
545	1038	3
545	621	2
545	1045	2
546	1038	10
546	971	11
546	621	13
546	997	3
546	658	2
546	870	3
546	1072	3
546	619	2
546	727	7
546	712	5
546	1027	4
546	1073	2
546	767	3
546	868	2
546	744	2
546	697	2
546	707	3
546	746	3
546	855	3
546	1033	2
546	1045	4
546	607	2
546	557	3
546	566	2
546	676	4
546	691	2
546	1060	2
546	929	2
546	768	2
546	1046	2
546	780	2
546	1007	2
548	879	2
548	917	2
548	1038	10
548	651	2
548	621	11
548	1045	3
548	881	2
548	566	2
548	732	3
548	822	2
548	1000	2
548	767	2
548	642	2
548	659	2
548	740	3
548	877	2
548	753	3
548	1033	3
548	704	2
548	875	2
548	957	2
548	711	2
548	691	2
548	855	3
549	1038	2
549	621	2
550	621	2
551	1038	2
551	621	3
551	881	2
552	976	11
552	594	3
552	822	5
552	773	3
552	1038	23
552	965	3
552	1022	2
552	707	3
552	621	22
552	735	2
552	1048	2
552	866	2
552	568	3
552	1046	6
552	598	3
552	980	5
552	859	3
552	711	3
552	727	10
552	1011	3
552	736	2
552	780	2
552	566	4
552	692	3
552	767	4
552	855	5
552	864	3
552	961	3
552	848	2
552	1033	7
552	775	3
552	905	4
552	971	10
552	806	2
552	1045	8
552	670	4
552	924	4
552	1000	4
552	995	4
552	1027	3
552	732	2
552	992	4
552	730	2
552	553	2
552	671	2
552	1056	2
552	881	2
552	815	2
552	880	2
552	668	3
552	1063	2
552	1070	2
552	983	2
552	940	2
552	794	2
552	790	2
552	689	2
552	931	3
552	659	2
552	740	2
552	1073	2
552	569	2
552	747	2
552	957	2
553	621	2
554	566	2
554	621	2
556	1038	7
556	621	4
556	1033	2
556	727	2
556	920	2
556	971	5
556	767	2
556	773	2
556	643	2
556	999	2
556	1056	2
556	1046	2
556	855	2
556	811	2
557	621	11
557	864	2
557	961	2
557	599	3
557	566	3
557	971	6
557	767	2
557	637	2
557	822	4
557	773	3
557	877	2
557	1038	6
557	1033	3
557	727	2
557	876	2
557	670	2
557	855	4
557	866	4
557	1045	7
557	568	4
557	642	2
557	707	2
557	746	3
557	607	2
557	931	2
558	961	2
558	971	2
558	992	2
558	621	4
558	1038	3
558	1056	2
558	1017	2
559	803	2
559	1038	2
559	621	2
560	1038	2
560	971	2
561	610	2
561	723	2
561	621	3
562	568	3
562	971	3
562	621	2
562	744	2
562	960	2
563	1046	3
563	621	4
563	1056	2
563	913	2
563	727	3
563	1038	5
563	868	2
563	686	2
563	692	2
563	746	2
563	703	2
564	773	2
564	1038	2
564	931	2
564	637	2
564	621	2
565	723	2
565	711	2
566	1026	2
566	659	2
566	1038	19
566	746	4
566	621	24
566	1045	13
566	780	3
566	994	4
566	720	2
566	869	2
566	1001	3
566	599	2
566	1011	3
566	692	5
566	591	3
566	767	4
566	1065	2
566	855	5
566	864	4
566	949	2
566	961	3
566	735	2
566	971	4
566	766	2
566	1046	4
566	642	2
566	707	2
566	1000	3
566	881	3
566	966	2
566	702	3
566	1033	6
566	727	2
566	976	3
566	1072	2
566	999	2
566	866	2
566	1039	2
566	822	2
566	776	2
566	859	2
566	846	2
566	672	2
566	723	2
566	995	2
567	1038	2
567	621	2
568	976	2
568	1046	5
568	939	3
568	1038	13
568	598	2
568	711	2
568	621	14
568	727	4
568	759	2
568	1013	2
568	1033	5
568	712	2
568	822	2
568	744	3
568	971	9
568	642	4
568	746	5
568	572	3
568	1045	8
568	767	3
568	730	2
568	866	6
568	811	3
568	1047	2
568	827	2
568	846	2
568	864	3
568	931	4
568	773	4
568	591	2
568	983	2
568	1070	2
568	1011	2
568	961	2
568	1048	2
568	985	2
568	629	2
568	723	2
568	881	2
568	1001	3
568	599	2
568	780	3
568	734	2
568	905	3
568	637	3
568	610	2
568	692	3
568	889	2
568	990	2
568	1010	2
568	635	2
569	896	2
569	822	4
569	686	2
569	1038	19
569	747	9
569	746	5
569	621	22
569	1033	11
569	759	2
569	1066	2
569	917	10
569	1013	2
569	695	2
569	712	2
569	773	3
569	780	3
569	966	5
569	707	5
569	846	2
569	855	7
569	1045	7
569	727	3
569	961	4
569	995	6
569	971	10
569	931	4
569	637	2
569	926	2
569	1000	2
569	740	3
569	638	2
569	1052	2
569	692	4
569	800	3
569	992	3
569	957	3
569	610	2
569	716	4
569	701	2
569	607	2
569	657	3
569	670	4
569	873	2
569	628	2
569	572	4
569	659	2
569	877	3
569	641	2
569	1046	2
569	651	3
569	688	2
569	955	3
569	790	2
569	840	2
569	666	2
569	905	3
569	930	2
569	623	2
569	677	2
569	718	2
569	850	2
569	756	2
569	1014	2
570	1011	2
570	621	2
571	1038	2
572	659	2
572	1038	10
572	746	4
572	621	10
572	1045	4
572	1046	2
572	931	2
572	916	2
572	794	2
572	922	2
572	642	3
572	739	2
572	744	2
572	971	3
572	707	2
572	727	3
572	995	2
572	811	2
572	955	2
572	692	2
572	1033	2
572	1014	2
572	877	2
573	1038	2
574	1046	2
574	1038	3
574	621	2
574	924	2
574	727	2
574	773	2
574	670	2
575	1038	2
575	621	2
576	1038	2
576	621	2
577	851	2
577	687	2
577	592	2
577	634	2
578	976	2
578	961	2
578	1048	2
579	895	2
579	621	2
579	1038	2
580	822	3
580	1038	2
580	621	2
581	780	2
581	1033	2
581	1045	2
581	1038	2
581	971	2
581	621	2
581	589	2
582	621	2
583	621	2
584	607	2
584	1033	2
585	732	2
585	692	2
585	1038	4
585	992	2
585	670	3
585	621	4
585	1033	2
585	727	3
585	1045	2
585	875	2
586	1038	2
586	971	2
586	621	3
587	1038	2
587	621	2
588	621	2
590	1038	2
590	621	2
590	855	2
591	1001	3
591	599	3
591	1011	3
591	736	2
591	1038	7
591	767	2
591	621	9
591	855	2
591	864	3
591	610	2
591	723	3
591	931	2
591	968	2
591	1045	2
591	659	2
591	971	5
591	642	2
591	966	2
591	891	2
591	1070	2
591	598	2
591	1033	2
591	711	2
592	1000	3
592	740	2
592	1059	2
592	1038	4
592	992	2
592	957	2
592	621	5
592	732	3
592	790	2
592	788	2
592	761	2
592	884	2
592	851	2
592	687	2
592	634	2
593	971	3
593	621	3
593	976	2
593	1038	2
593	859	2
593	899	2
594	976	3
594	822	2
594	773	2
594	1038	9
594	1022	2
594	621	7
594	832	2
594	686	2
594	747	2
594	744	2
594	1046	4
594	868	2
594	727	3
594	924	2
594	1056	2
594	971	2
594	598	2
595	1038	3
595	746	2
595	621	2
596	948	2
596	1073	2
596	626	2
596	1038	4
596	971	4
596	621	3
596	855	2
597	1038	2
597	621	2
598	976	3
598	1046	2
598	1038	7
598	980	3
598	711	2
598	621	6
598	971	6
598	1045	2
598	811	2
598	855	2
599	869	2
599	1001	5
599	1011	5
599	736	2
599	780	2
599	692	2
599	1038	9
599	1013	2
599	767	2
599	720	2
599	621	9
599	855	2
599	644	2
599	949	2
599	961	4
599	734	3
599	971	6
599	637	4
599	1048	3
599	822	4
599	1072	2
599	715	2
599	727	2
599	939	2
599	931	5
599	670	2
599	1045	2
599	1053	2
599	856	2
599	812	2
599	773	2
599	905	2
599	1033	2
600	621	2
601	961	2
601	622	2
601	1038	2
601	971	2
601	958	2
601	670	2
602	971	2
602	621	2
603	621	4
604	895	2
604	794	2
604	971	2
604	621	3
605	1038	3
605	903	2
605	859	2
605	621	2
606	1038	2
606	621	2
607	1066	2
607	995	3
607	917	2
607	739	2
607	700	2
607	642	3
607	914	2
607	621	8
607	1033	5
607	1046	3
607	1038	10
607	1045	5
607	971	8
607	866	2
607	691	2
607	961	2
607	1013	2
607	670	3
607	822	3
607	692	2
607	727	2
607	931	2
607	898	2
607	828	2
608	1038	2
608	621	2
609	1038	2
609	621	2
610	780	2
610	1038	22
610	746	3
610	621	19
610	1045	7
610	1071	2
610	995	5
610	692	5
610	642	3
610	855	5
610	727	3
610	993	2
610	886	2
610	864	3
610	1066	2
610	794	2
610	723	3
610	931	5
610	971	7
610	1033	10
610	773	3
610	716	2
610	904	2
610	1000	2
610	1027	2
610	732	3
610	1046	5
610	905	2
610	670	3
610	654	3
610	822	5
610	917	2
610	747	2
610	616	2
610	637	2
610	766	3
610	866	3
610	778	2
610	961	4
610	644	3
610	736	4
610	743	2
610	1073	2
610	711	2
610	1056	3
610	811	2
610	612	2
610	827	2
610	981	3
611	976	2
611	1038	6
611	971	2
611	1045	2
611	790	2
611	931	2
611	621	3
611	727	2
611	905	2
612	1046	4
612	1038	8
612	621	4
612	1045	2
612	727	4
612	971	4
612	767	2
612	773	2
612	931	2
612	820	2
612	898	2
613	621	2
614	628	2
614	621	3
614	887	2
614	947	3
614	866	2
614	1030	2
615	621	2
616	822	2
616	1038	6
616	971	5
616	766	2
616	621	5
616	855	2
616	1045	2
616	961	2
616	773	2
616	643	2
616	735	2
616	625	2
616	1056	2
616	767	2
616	865	2
616	691	2
616	1046	3
616	727	2
617	1038	2
618	822	2
618	780	2
618	1038	2
618	621	2
619	621	2
619	712	2
620	976	2
620	767	2
620	670	2
620	621	2
620	993	2
620	1038	2
621	976	18
621	1040	3
621	822	33
621	773	20
621	728	3
621	1038	199
621	965	5
621	1069	8
621	1022	7
621	707	10
621	837	2
621	797	8
621	1073	13
621	971	77
621	871	4
621	711	12
621	1033	49
621	802	6
621	877	6
621	723	10
621	937	11
621	742	2
621	727	69
621	895	2
621	794	10
621	879	6
621	917	12
621	803	7
621	747	15
621	651	6
621	772	4
621	1045	66
621	673	3
621	1001	14
621	872	2
621	692	25
621	809	2
621	855	51
621	995	26
621	970	3
621	931	26
621	720	9
621	1018	2
621	896	5
621	832	3
621	686	9
621	964	2
621	820	2
621	875	14
621	639	2
621	746	20
621	1036	3
621	1026	3
621	659	5
621	948	5
621	1021	4
621	691	13
621	1072	17
621	924	15
621	972	2
621	860	2
621	951	2
621	636	2
621	1011	15
621	888	2
621	922	4
621	991	2
621	633	3
621	780	13
621	629	3
621	660	3
621	1028	3
621	735	6
621	874	9
621	1048	6
621	866	15
621	763	4
621	1046	35
621	939	6
621	980	7
621	859	8
621	899	6
621	994	9
621	873	15
621	869	3
621	836	2
621	736	12
621	1013	6
621	767	22
621	1065	3
621	644	7
621	864	17
621	949	8
621	1071	5
621	744	21
621	1052	13
621	642	16
621	925	2
621	854	2
621	993	5
621	787	2
621	886	2
621	734	7
621	984	2
621	829	4
621	1000	15
621	663	9
621	840	5
621	657	7
621	776	5
621	712	9
621	1060	3
621	801	4
621	898	6
621	997	3
621	658	2
621	916	3
621	743	2
621	785	4
621	1043	4
621	731	2
621	830	2
621	910	6
621	1066	6
621	979	2
621	1070	6
621	1027	18
621	1032	2
621	857	3
621	818	2
621	891	7
621	988	3
621	868	13
621	677	7
621	678	5
621	1005	8
621	766	9
621	1024	2
621	1056	11
621	856	4
621	652	4
621	881	12
621	774	3
621	841	2
621	814	2
621	961	23
621	694	5
621	920	5
621	878	2
621	950	2
621	799	2
621	992	11
621	807	3
621	739	8
621	966	14
621	941	2
621	700	4
621	914	2
621	927	2
621	753	9
621	1007	11
621	684	2
621	858	3
621	870	3
621	670	21
621	759	3
621	911	2
621	729	2
621	1030	7
621	938	3
621	926	6
621	848	2
621	775	4
621	905	13
621	806	3
621	1058	3
621	843	2
621	1037	2
621	718	6
621	811	8
621	750	2
621	940	2
621	1012	2
621	716	8
621	901	5
621	954	2
621	998	2
621	1017	4
621	876	10
621	900	3
621	852	2
621	928	4
621	825	10
621	667	3
621	1029	5
621	738	4
621	715	4
621	1008	2
621	654	4
621	958	4
621	985	2
621	969	3
621	1023	2
621	666	6
621	963	2
621	846	6
621	890	2
621	1039	7
621	838	2
621	790	4
621	650	3
621	1064	2
621	918	2
621	1054	2
621	697	4
621	764	2
621	798	2
621	637	7
621	884	6
621	944	4
621	935	3
621	823	2
621	638	3
621	732	10
621	973	2
621	647	3
621	675	2
621	795	2
621	740	8
621	1059	3
621	902	5
621	800	3
621	957	6
621	962	4
621	804	2
621	701	2
621	816	2
621	1061	2
621	730	7
621	671	2
621	913	4
621	987	2
621	760	2
621	815	4
621	880	2
621	668	2
621	702	3
621	632	2
621	1034	3
621	826	2
621	628	4
621	771	2
621	999	4
621	968	5
621	725	2
621	1055	2
621	793	2
621	977	5
621	745	2
621	853	3
621	975	2
621	947	4
621	833	2
621	645	2
621	685	3
621	909	2
621	781	2
621	831	2
621	624	2
621	653	3
621	778	4
621	704	6
621	850	3
621	862	2
621	1041	4
621	1025	2
621	808	3
621	929	5
621	768	2
621	676	3
621	699	4
621	791	3
621	1051	2
621	1003	2
621	887	2
621	885	2
621	748	2
621	779	2
621	983	2
621	942	2
621	783	2
621	758	3
621	664	5
621	641	2
621	828	3
621	710	4
621	696	3
621	754	2
621	724	3
621	1063	2
621	796	2
621	805	2
621	912	2
621	688	3
621	930	3
621	943	2
621	721	2
621	1053	4
621	1015	2
621	655	2
621	893	4
621	812	3
621	672	2
621	649	6
621	1031	2
621	706	2
621	1006	2
621	643	3
621	625	2
621	865	2
621	889	3
621	765	2
621	782	2
621	737	4
621	631	3
621	749	2
621	679	2
621	1016	2
621	1014	3
621	674	2
621	762	4
621	777	2
621	915	3
621	847	3
621	689	4
621	788	2
621	903	2
621	761	2
621	656	2
621	646	2
621	1019	2
621	733	3
621	955	3
621	982	2
621	635	6
621	835	2
621	713	3
621	1049	2
621	953	2
621	681	3
621	708	2
621	907	2
621	698	2
621	623	2
621	978	2
621	827	5
621	932	2
621	851	2
621	661	2
621	719	2
621	648	2
621	981	2
621	1047	3
621	863	2
621	717	2
621	883	2
621	921	2
622	961	2
622	1038	2
622	971	2
622	958	2
622	670	2
623	707	2
624	1038	3
624	931	2
624	670	2
624	1045	2
625	1038	2
625	1056	2
626	948	2
626	1073	2
626	1038	2
626	971	2
627	849	2
628	971	3
628	747	2
628	995	2
628	1038	3
628	730	2
628	670	2
628	716	2
628	1045	2
629	780	2
629	660	2
629	1038	5
629	746	2
629	1045	3
629	976	2
629	657	2
629	971	2
629	723	2
629	715	2
630	773	2
630	1038	3
630	1046	2
631	1038	2
632	1038	2
633	995	2
633	855	2
634	851	2
634	687	2
635	1038	7
635	692	2
635	905	2
635	855	2
635	873	2
635	1045	3
636	1011	2
637	961	3
637	1001	3
637	734	3
637	971	5
637	766	2
637	1048	2
637	918	2
637	773	3
637	917	2
637	966	2
637	1038	8
637	931	4
637	855	2
637	1033	3
637	1045	3
637	822	4
637	780	3
637	692	3
637	866	2
637	1053	2
637	1011	2
637	856	2
637	812	2
637	727	2
637	905	2
638	1000	2
638	692	2
638	973	2
638	1038	3
638	992	2
638	855	2
638	1033	3
639	875	2
639	1038	2
640	1038	2
641	917	2
641	1038	2
642	1071	2
642	1072	2
642	995	3
642	744	4
642	1038	13
642	855	4
642	1045	5
642	727	4
642	916	2
642	1046	2
642	794	3
642	739	3
642	966	2
642	927	2
642	753	2
642	1033	4
642	773	3
642	716	2
642	1007	2
642	746	3
642	926	2
642	822	3
642	971	9
642	666	2
642	691	2
642	1005	2
642	1027	4
642	767	5
642	730	2
642	873	3
642	811	2
642	976	3
642	780	3
642	1013	2
642	670	3
642	735	2
642	803	2
642	711	2
643	961	2
643	735	2
643	999	2
643	1038	2
643	971	3
643	1056	2
644	736	2
644	1038	6
644	720	2
644	864	3
644	961	3
645	736	2
645	1038	2
646	1038	2
646	1019	2
647	995	2
647	1027	2
647	1038	3
647	670	2
647	855	2
647	1033	2
648	692	2
648	1038	2
648	1033	2
649	686	3
649	670	4
649	1038	5
649	1033	3
649	727	4
649	961	2
649	881	2
649	971	2
649	711	2
649	730	2
649	732	2
649	992	2
649	1046	2
650	994	2
650	1011	2
650	1038	3
650	961	2
650	1045	2
651	917	2
651	1038	5
651	971	4
651	772	3
651	1000	2
651	767	2
651	855	3
651	1027	2
651	992	2
651	677	2
651	1033	3
651	679	2
651	905	2
651	800	2
652	875	2
652	1038	4
652	1045	2
652	727	2
652	1001	2
652	1011	2
653	1046	2
653	1038	3
653	1045	2
653	822	2
654	1038	7
654	971	2
654	1045	2
654	727	2
654	732	2
654	1046	5
654	670	2
654	866	2
654	864	2
654	880	2
654	961	2
654	736	2
655	736	2
655	723	2
656	1001	2
656	734	2
656	1038	2
656	720	2
656	949	2
657	780	2
657	1038	9
657	971	5
657	1069	2
657	711	2
657	855	2
657	727	2
657	976	2
657	961	3
657	670	2
657	1045	2
657	876	2
657	744	2
657	1033	3
657	1046	2
658	997	2
659	1038	10
659	746	2
659	1045	3
659	881	2
659	767	2
659	931	3
659	727	3
659	773	2
659	1073	2
659	971	4
659	1007	3
659	995	2
659	917	3
659	740	3
659	877	3
659	966	3
659	1033	3
659	911	2
659	711	2
659	811	2
660	780	2
660	1038	3
660	1045	2
662	1038	2
663	1000	2
663	864	2
663	1073	2
663	1038	8
663	1046	2
663	746	2
663	1045	5
663	971	2
663	968	2
663	767	2
663	1033	3
663	727	3
663	762	2
664	1038	3
664	828	2
664	1033	2
664	855	2
664	1045	2
665	1038	2
665	971	2
666	822	2
666	971	4
666	707	2
666	746	2
666	855	2
666	1045	2
666	1038	3
666	1005	2
666	840	2
666	926	2
667	876	2
667	928	2
667	1038	3
667	723	2
667	670	2
667	855	2
668	905	2
668	1033	2
668	976	2
670	686	2
670	820	3
670	1038	26
670	971	15
670	870	2
670	876	5
670	822	5
670	928	2
670	723	2
670	825	2
670	855	7
670	866	3
670	1045	10
670	976	5
670	744	3
670	1073	2
670	767	7
670	780	2
670	1027	4
670	1029	2
670	1022	2
670	746	2
670	773	8
670	898	4
670	874	2
670	961	8
670	958	2
670	1056	3
670	727	8
670	1000	2
670	1011	3
670	995	2
670	732	4
670	1046	8
670	944	2
670	692	6
670	992	3
670	1033	5
670	1013	2
670	924	2
670	873	3
670	939	2
670	931	2
670	862	2
670	1025	2
670	1005	2
670	880	2
670	730	3
670	1052	2
670	736	2
670	957	2
670	753	3
670	934	2
670	1053	3
670	1048	2
670	711	2
670	869	2
670	1042	2
671	1046	2
671	1056	3
671	727	2
672	1038	2
673	692	2
673	971	2
673	855	2
673	992	2
674	995	2
674	1038	3
674	1009	2
674	1004	2
675	1038	2
676	727	3
676	1038	2
676	971	2
677	818	2
677	1046	3
677	794	2
677	1038	5
677	988	2
677	868	2
677	931	2
677	678	2
677	766	2
677	801	2
677	924	3
677	1056	2
677	727	2
677	753	3
677	971	3
677	992	3
677	767	2
677	1033	2
677	822	2
677	692	2
677	1039	2
678	818	2
678	1046	4
678	1038	4
678	988	3
678	868	2
678	931	2
678	766	2
678	801	2
678	924	4
678	1056	4
678	727	3
678	1027	2
678	1022	2
678	746	2
678	753	2
678	864	2
678	976	2
679	855	2
680	1038	2
681	1052	2
681	1038	3
681	855	3
681	1033	3
682	1038	2
685	1038	3
685	855	2
685	873	2
686	820	2
686	822	2
686	1038	10
686	746	2
686	1033	4
686	773	3
686	995	3
686	901	2
686	855	2
686	1007	2
686	744	2
686	1046	3
686	924	3
686	868	2
686	1022	2
686	753	2
686	1056	2
686	727	4
686	700	2
686	785	2
687	851	2
688	1038	2
688	822	2
688	716	2
689	1038	4
689	859	2
690	1070	2
690	746	2
690	1048	2
691	948	2
691	1038	12
691	1045	6
691	855	4
691	971	3
691	1005	2
691	728	2
691	739	2
691	1000	3
691	1046	4
691	727	5
691	875	2
691	767	3
691	1052	2
691	1033	3
691	711	2
692	822	4
692	1001	2
692	971	9
692	855	11
692	1011	2
692	736	2
692	780	3
692	1038	26
692	1013	2
692	767	2
692	1072	2
692	995	4
692	744	2
692	1052	5
692	1022	2
692	1045	9
692	727	9
692	898	2
692	739	2
692	1017	2
692	873	6
692	1046	7
692	899	2
692	1000	3
692	1027	2
692	732	2
692	905	4
692	992	4
692	1033	9
692	994	2
692	797	3
692	1059	2
692	902	2
692	800	2
692	957	2
692	747	2
692	866	2
692	876	2
692	875	2
692	771	2
692	976	2
692	871	2
692	773	2
692	1014	2
692	881	2
692	753	2
692	746	2
692	827	2
692	825	2
692	1039	2
692	931	2
692	937	2
692	990	2
694	971	3
694	992	2
694	995	2
694	1038	3
694	1007	2
694	753	2
694	1033	3
694	855	2
696	758	2
696	962	2
696	754	2
696	868	2
696	1038	2
697	961	2
697	1038	3
697	931	2
697	855	3
697	1045	2
697	727	2
698	1038	2
699	1029	3
699	1038	3
699	1031	2
699	846	2
699	864	2
699	791	2
699	1033	2
699	931	2
700	995	2
700	917	2
700	966	2
700	753	2
700	1033	3
700	773	2
700	1038	3
700	828	2
702	1000	2
702	1033	2
702	1045	2
702	1038	2
703	1038	3
704	1038	7
704	1046	2
704	971	2
704	711	2
704	855	3
704	753	2
704	931	3
706	1038	2
707	976	2
707	822	5
707	773	3
707	1038	10
707	1022	3
707	961	4
707	1046	2
707	794	2
707	1045	8
707	744	3
707	1073	3
707	739	2
707	971	8
707	746	2
707	855	3
707	727	4
707	966	2
707	995	3
707	917	2
707	926	2
707	870	2
707	815	2
707	716	2
707	718	2
707	859	2
707	955	2
707	957	2
708	736	2
708	815	2
708	1038	3
708	971	2
708	720	2
708	855	2
708	1033	3
708	811	2
708	937	2
709	1038	2
709	711	2
710	822	2
710	1038	3
711	797	3
711	1073	4
711	1038	19
711	971	13
711	1033	6
711	976	3
711	1046	4
711	980	3
711	727	7
711	840	2
711	931	2
711	937	3
711	855	5
711	948	2
711	1007	3
711	744	2
711	898	3
711	1005	2
711	1045	3
711	736	3
711	944	2
711	746	4
711	811	2
711	822	3
711	884	2
711	875	3
711	881	2
711	966	3
711	911	2
711	723	2
711	730	2
711	961	2
711	773	2
711	732	3
711	957	2
711	753	2
711	1000	2
711	949	2
711	959	2
712	1038	6
712	971	6
712	855	3
712	1045	3
712	727	4
712	759	2
712	917	2
712	747	2
712	1033	3
712	822	2
712	1027	2
712	1073	2
712	767	2
712	868	2
712	780	3
712	716	2
712	1046	2
713	875	2
713	1038	3
713	1045	2
714	1038	2
715	1046	2
715	1038	5
715	767	2
715	1045	2
715	822	2
715	1001	3
715	1072	2
715	976	2
715	971	2
715	734	2
715	723	2
715	931	2
716	1038	8
716	855	2
716	1033	3
716	971	6
716	746	2
716	866	3
716	1045	4
716	822	4
716	780	2
716	917	3
716	747	2
716	859	2
718	976	3
718	775	2
718	1038	8
718	971	7
718	980	2
718	1045	3
718	811	2
718	1007	3
718	884	2
718	727	3
718	931	2
718	949	2
718	1033	3
718	859	2
719	1038	2
720	773	2
720	1073	2
720	1038	9
720	971	2
720	931	2
720	1033	3
720	1018	2
720	727	3
720	1045	2
720	869	2
720	1001	3
720	1011	2
720	736	5
720	780	2
720	855	2
720	864	2
720	949	3
720	1046	2
720	734	2
720	968	2
720	815	2
721	1038	2
722	1038	2
723	802	2
723	877	2
723	1038	10
723	971	5
723	937	2
723	742	2
723	1001	5
723	995	2
723	931	3
723	855	5
723	1033	4
723	876	3
723	822	3
723	928	2
723	866	2
723	1045	2
723	1011	2
723	736	2
723	966	2
723	734	2
723	846	2
723	759	2
724	971	2
724	1038	2
725	1038	2
726	1038	2
727	802	3
727	877	3
727	1038	76
727	971	32
727	1069	3
727	937	3
727	976	5
727	773	9
727	995	11
727	1073	9
727	931	10
727	1033	14
727	763	2
727	1046	18
727	980	2
727	859	2
727	899	3
727	1071	2
727	1072	6
727	744	7
727	1052	7
727	1022	3
727	855	14
727	1045	19
727	780	5
727	818	2
727	794	3
727	891	3
727	988	2
727	829	2
727	868	6
727	1005	4
727	766	3
727	801	3
727	924	6
727	1056	6
727	881	5
727	875	5
727	873	5
727	822	8
727	961	8
727	864	3
727	954	2
727	767	9
727	898	7
727	739	5
727	1001	3
727	738	3
727	1027	8
727	958	2
727	1023	2
727	746	4
727	956	2
727	969	2
727	966	4
727	857	3
727	989	2
727	813	2
727	1007	4
727	1054	3
727	884	5
727	944	2
727	935	2
727	894	2
727	1000	4
727	1011	4
727	732	2
727	973	2
727	905	3
727	992	2
727	876	2
727	949	2
727	730	5
727	753	2
727	913	2
727	987	2
727	815	3
727	1055	2
727	866	2
727	811	4
727	874	3
727	1030	3
727	808	2
727	825	4
727	1060	2
727	929	2
727	768	2
727	947	2
727	1070	2
727	1042	2
727	785	2
727	901	2
727	762	5
727	778	2
727	1058	2
727	740	2
727	747	2
727	734	2
727	893	2
727	736	3
727	907	2
728	1038	3
730	773	2
730	834	2
730	780	2
730	1013	3
730	746	2
730	1033	4
730	1045	5
730	1027	2
730	1038	7
730	971	4
730	866	2
730	811	2
730	929	2
730	736	2
730	815	2
731	1011	2
731	1038	2
731	994	2
732	1038	9
732	1000	4
732	1046	3
732	905	2
732	992	3
732	855	3
732	1033	3
732	881	2
732	866	2
732	1045	2
732	868	2
732	803	2
732	957	3
732	753	3
732	790	2
732	788	2
732	875	2
732	851	2
733	1038	3
733	1033	2
734	993	2
734	1038	7
734	1045	2
734	1001	6
734	971	3
734	1048	2
734	873	2
734	1053	2
734	822	2
734	1011	3
734	736	2
734	966	2
734	856	2
734	893	3
734	931	3
734	905	2
734	949	2
735	822	3
735	1038	4
735	1048	2
735	961	4
735	971	5
735	767	3
735	766	2
735	976	2
735	1026	2
735	794	3
735	999	2
735	939	2
735	1033	3
736	869	2
736	1001	3
736	1011	3
736	1038	13
736	1013	2
736	855	3
736	864	2
736	949	2
736	976	3
736	797	2
736	971	8
736	1045	4
736	811	2
736	874	2
736	909	2
736	743	2
736	1073	2
736	822	3
736	815	3
736	866	2
736	875	2
736	893	2
736	1033	2
736	961	2
736	1046	2
737	889	2
737	1027	2
737	971	2
737	782	2
737	746	2
737	1033	3
737	772	2
737	1038	2
738	971	3
738	749	2
738	772	2
738	1038	3
738	1045	2
739	995	2
739	966	2
739	855	4
739	1038	7
739	873	2
739	822	3
739	744	2
739	971	4
739	746	2
739	1045	5
739	1027	2
740	1000	2
740	1038	8
740	902	2
740	957	3
740	1033	3
740	995	2
740	917	2
740	753	2
740	790	2
740	971	2
740	855	2
740	883	2
742	1038	2
742	971	2
742	937	2
743	1046	2
743	1038	4
743	971	2
744	995	5
744	1038	19
744	855	7
744	1045	9
744	1073	3
744	976	4
744	874	2
744	822	2
744	1023	2
744	971	6
744	746	3
744	948	2
744	1007	2
744	1046	8
744	773	3
744	1027	2
744	868	3
744	1033	5
744	961	2
744	966	3
744	764	2
744	931	2
744	876	2
744	811	2
744	960	2
745	1038	2
745	1008	2
746	822	3
746	820	2
746	875	2
746	1038	18
746	747	3
746	1033	8
746	1045	11
746	780	3
746	961	5
746	878	2
746	971	9
746	1007	5
746	1046	4
746	879	2
746	1027	2
746	855	5
746	773	3
746	840	3
746	867	2
746	1013	3
746	1072	2
746	966	4
746	937	2
746	926	2
746	1054	3
746	995	2
746	917	3
746	931	6
746	811	2
746	775	2
746	846	2
746	1070	3
746	1048	2
746	803	2
746	889	3
746	905	2
747	917	9
747	803	2
747	1038	12
747	971	9
747	1045	4
747	822	2
747	875	2
747	1033	7
747	1066	3
747	995	4
747	966	2
747	855	4
747	759	2
747	766	2
747	866	2
747	870	2
747	938	2
747	931	2
749	772	2
750	1038	2
752	971	2
753	995	3
753	917	2
753	966	2
753	855	3
753	1033	5
753	1027	2
753	1046	2
753	935	2
753	924	3
753	864	2
753	1056	2
753	1038	6
753	931	2
753	1007	2
753	767	3
753	957	3
753	971	3
753	992	3
753	881	2
754	758	2
754	1029	2
754	962	2
754	868	2
755	895	2
756	1038	2
757	1046	2
757	1038	2
758	942	2
758	1038	2
758	962	3
758	868	2
759	917	2
759	1033	3
759	1038	3
759	971	3
759	855	2
760	966	2
760	1047	2
762	1052	2
762	1046	2
762	1038	5
762	971	2
763	1046	2
763	1038	4
763	859	2
763	829	2
764	961	2
764	995	2
764	966	2
764	1038	3
764	971	3
764	855	2
764	876	2
764	1046	2
765	971	2
765	1045	2
766	818	2
766	1046	3
766	1038	11
766	988	2
766	868	2
766	931	2
766	801	2
766	924	2
766	1056	3
766	961	2
766	971	4
766	767	2
766	822	2
766	917	2
766	855	3
766	866	2
766	1033	4
766	1045	2
766	864	2
766	1058	2
767	1001	2
767	780	4
767	1038	25
767	855	5
767	864	3
767	961	5
767	1046	9
767	794	3
767	1058	3
767	1045	8
767	971	17
767	898	4
767	924	4
767	976	4
767	1073	4
767	1027	7
767	1029	2
767	806	2
767	1022	3
767	868	3
767	773	6
767	820	2
767	1007	2
767	802	2
767	995	3
767	1069	2
767	920	2
767	1055	2
767	866	2
767	873	2
767	811	2
767	1072	2
767	939	4
767	926	3
767	876	2
767	1000	2
767	827	2
767	1031	2
767	881	2
767	1033	6
767	992	2
767	875	2
768	1038	2
768	971	2
769	773	2
769	1022	2
769	1045	2
770	1038	2
771	1038	2
771	971	3
772	1038	3
772	971	2
772	1045	2
772	855	2
772	1033	2
773	976	4
773	822	7
773	1038	25
773	965	3
773	1022	3
773	995	4
773	1073	2
773	971	13
773	931	4
773	1033	9
773	1018	2
773	877	2
773	940	2
773	1012	2
773	901	2
773	855	4
773	1066	2
773	780	3
773	1013	2
773	857	2
773	1045	8
773	820	2
773	898	4
773	874	2
773	881	2
773	966	4
773	961	4
773	980	2
773	1056	3
773	1027	3
773	1046	8
773	868	2
773	917	2
773	926	2
773	779	2
773	828	2
773	1011	2
773	875	2
773	911	2
773	785	2
773	939	2
773	949	2
773	775	2
773	825	2
773	937	2
774	1038	3
774	1045	2
774	868	2
775	976	2
775	1038	4
775	971	3
775	980	2
775	1045	4
775	1046	2
775	1033	2
776	1038	6
776	971	2
776	855	3
776	1000	2
776	822	2
777	1052	2
777	1038	2
777	1033	2
778	1038	3
778	971	2
779	1038	2
780	1038	15
780	1045	7
780	869	2
780	1001	2
780	1011	2
780	1013	3
780	855	6
780	949	2
780	840	3
780	1072	4
780	971	5
780	931	2
780	1027	2
780	1022	2
780	1033	2
780	822	3
780	881	2
780	846	2
780	976	2
780	831	2
780	794	2
780	859	2
780	1046	2
780	905	3
781	1038	2
783	1038	2
785	1038	6
785	901	2
785	1033	2
786	971	2
787	1038	2
788	1000	2
788	790	2
788	1038	3
788	931	2
788	938	2
789	822	2
789	866	2
790	1000	3
790	1038	6
790	931	2
790	995	2
790	957	2
790	905	2
791	1046	2
791	1038	4
792	1038	2
793	1038	2
793	971	2
793	1045	2
794	822	4
794	895	2
794	971	5
794	961	2
794	1046	4
794	1038	10
794	1045	4
794	1033	3
794	931	2
794	1002	2
794	976	2
794	859	2
795	994	2
795	1038	2
796	879	2
796	931	2
797	1073	3
797	1038	9
797	971	8
797	871	2
797	1033	3
797	898	2
797	924	2
797	997	2
797	992	2
797	976	3
797	1045	3
797	995	2
797	855	2
797	1052	3
797	1059	2
797	902	2
798	1038	2
798	931	2
799	961	2
799	992	2
800	1052	2
800	1038	3
800	992	2
800	1033	2
800	905	2
801	1038	4
801	818	2
801	1046	2
801	988	2
801	868	2
801	931	2
801	924	2
801	1056	2
802	1038	5
802	971	3
802	1069	2
802	995	2
802	1045	2
802	855	2
803	917	2
803	1038	6
803	971	3
803	1045	3
803	1033	2
805	1038	2
806	1038	3
807	961	2
807	971	2
807	1038	2
807	937	2
808	1038	4
808	971	3
809	822	2
809	855	2
811	976	2
811	905	2
811	1038	12
811	971	6
811	1058	2
811	1045	2
811	920	2
811	999	2
811	944	2
811	931	2
811	1033	5
811	855	3
812	822	2
812	1038	2
812	971	3
812	931	2
813	1046	2
813	1038	3
813	971	3
814	1021	2
814	1038	2
815	855	2
815	1033	3
815	1045	4
815	971	3
815	1038	3
816	971	2
816	855	2
816	1033	2
818	1046	2
818	1038	2
818	988	2
818	868	2
818	931	2
818	924	2
818	1056	2
819	1038	2
820	1038	5
820	898	2
820	1046	2
821	1046	2
821	1038	2
822	976	3
822	1038	30
822	1022	2
822	971	18
822	1001	6
822	855	6
822	896	2
822	875	4
822	1033	7
822	1048	4
822	866	6
822	1000	2
822	937	2
822	1065	2
822	926	2
822	928	2
822	1045	11
822	1072	3
822	1005	2
822	881	2
822	969	2
822	966	4
822	963	2
822	1007	3
822	1056	4
822	994	3
822	840	4
822	999	2
822	859	2
822	1013	3
822	1011	4
822	1027	2
822	1046	3
822	1053	3
822	893	2
822	931	2
822	869	2
822	961	3
822	1016	2
822	873	2
823	1027	2
823	1033	2
825	876	2
825	1038	9
825	855	4
825	866	2
825	1045	3
825	995	2
825	971	5
825	905	2
825	1017	2
826	1027	2
826	1038	2
827	1046	3
827	1038	6
827	864	2
827	905	2
827	855	3
827	1033	2
828	1038	2
828	1033	3
829	1038	4
830	1038	2
831	1038	2
831	971	2
831	1045	2
832	1038	4
833	1038	3
834	1013	2
834	1045	2
835	1038	2
837	1038	2
837	1069	2
838	1038	2
838	971	2
838	1045	2
839	874	2
840	1038	4
840	971	3
840	931	2
840	937	3
840	855	3
840	1013	2
840	1033	2
840	1045	2
840	1007	2
841	1038	2
841	1045	2
843	1038	2
843	1045	2
844	1038	2
846	1072	3
846	881	2
846	966	2
846	1038	6
846	855	2
846	1045	4
846	1047	2
846	1029	2
846	1031	2
846	864	2
846	971	4
846	1033	2
846	931	2
847	1038	3
847	881	2
847	992	2
848	976	2
852	876	2
852	1038	2
852	855	2
852	971	2
853	1038	2
854	1038	2
855	1001	3
855	971	22
855	1011	4
855	1038	42
855	864	2
855	949	2
855	1071	2
855	1072	3
855	995	10
855	1052	3
855	1022	4
855	925	2
855	1045	15
855	931	6
855	937	6
855	917	5
855	966	5
855	941	2
855	1033	17
855	873	6
855	940	2
855	1017	2
855	876	4
855	928	2
855	866	3
855	976	2
855	1073	3
855	879	2
855	1027	4
855	1029	4
855	961	5
855	881	4
855	1007	2
855	1046	8
855	946	2
855	1000	7
855	944	2
855	973	2
855	905	5
855	992	2
855	1034	2
855	977	2
855	999	2
855	868	3
855	875	3
855	1039	2
855	884	2
855	871	2
856	1053	2
856	1001	3
856	1011	2
856	1038	3
856	931	3
856	949	2
857	1027	2
857	1038	6
857	1032	2
857	1045	3
857	995	2
858	1038	3
859	976	6
859	1046	2
859	1038	9
859	980	2
859	899	2
859	971	2
859	949	2
859	1045	2
859	1000	2
859	903	2
859	992	2
860	1038	2
861	1038	2
862	1046	3
862	1038	4
862	874	2
862	1030	2
863	1038	2
864	869	2
864	1001	2
864	1011	2
864	1038	14
864	1065	2
864	993	2
864	1044	2
864	1045	5
864	1000	2
864	976	3
864	961	4
864	1048	2
864	1033	3
864	1052	2
864	1046	5
864	1062	2
864	924	2
864	1056	4
864	913	2
864	1072	2
864	968	2
864	920	2
864	939	2
864	971	2
864	931	3
864	881	2
864	866	4
864	1029	2
864	1058	2
864	1031	2
864	933	2
864	890	2
864	1070	2
866	1038	14
866	876	2
866	1045	8
866	1046	5
866	971	9
866	917	2
866	1033	3
866	1027	2
866	881	2
866	947	2
866	1013	2
866	961	2
868	1046	7
868	891	2
868	1038	14
868	988	2
868	931	3
868	924	2
868	1056	5
868	1027	3
868	971	5
868	1003	2
868	995	2
868	962	2
868	1045	4
868	1033	2
869	1001	3
869	1011	3
869	1038	5
869	1065	2
869	949	2
869	993	2
869	1053	2
869	1046	2
869	1048	2
870	1038	4
870	971	5
870	1033	2
870	1027	2
871	1038	4
871	971	2
871	1033	2
871	873	2
872	971	2
873	1038	16
873	1045	5
873	881	2
873	924	2
873	976	4
873	971	6
873	1017	2
873	1027	3
873	961	2
873	1052	2
873	1033	2
873	905	2
874	1038	10
874	947	3
874	1030	2
874	915	2
875	896	2
875	1038	11
875	1033	4
875	881	2
875	1045	4
875	1000	2
875	971	4
875	926	2
875	884	2
876	928	2
876	1038	9
876	1045	3
876	931	4
876	971	3
876	961	3
877	1038	8
877	971	3
877	1033	3
877	995	2
877	917	2
877	966	3
877	1014	2
878	971	2
879	1038	4
879	1045	2
879	884	2
879	978	2
879	931	3
880	1000	3
880	1038	5
880	971	3
880	1070	2
880	1056	2
880	1046	2
881	1038	11
881	1045	5
881	1072	2
881	966	3
881	1022	2
881	905	2
881	1033	3
881	1046	4
881	976	3
881	931	2
881	939	2
881	971	4
881	992	3
882	1038	2
883	1038	2
884	1038	6
884	971	2
884	898	2
884	1045	2
884	931	2
885	1038	2
886	1038	3
887	947	2
889	1033	2
889	1045	2
889	1038	2
890	1038	2
890	1045	2
891	1038	9
891	931	2
891	1005	2
891	1056	2
891	947	2
891	966	2
891	971	4
891	1033	2
893	1053	2
893	1001	4
893	1011	2
893	966	2
893	1038	3
893	971	2
894	1038	2
894	971	2
895	971	2
896	1038	5
897	1029	2
897	1031	2
898	1038	12
898	971	11
898	924	3
898	1007	2
898	995	2
898	1046	3
898	958	2
898	1045	4
898	976	2
898	961	3
899	976	3
899	1046	2
899	1038	5
899	1052	3
899	1045	2
899	971	3
900	1038	3
900	1045	2
901	995	3
901	1038	5
901	1033	2
902	1052	2
902	1059	2
902	1038	5
902	1033	2
902	976	2
902	931	2
903	1038	2
904	1038	2
905	976	2
905	1038	14
905	971	4
905	980	2
905	1045	4
905	1000	3
905	1011	4
905	995	3
905	1046	2
905	992	3
905	1033	4
905	966	2
905	1001	3
905	1017	2
905	993	2
905	931	3
905	949	2
905	990	2
907	1038	2
909	1038	2
910	931	2
910	1038	4
910	1045	3
911	917	2
911	1030	2
911	1033	3
911	1038	4
911	971	4
911	966	2
911	937	2
912	1021	2
912	1038	2
913	1038	3
913	971	2
913	1033	2
915	1038	2
916	1038	3
917	1038	11
917	971	9
917	1045	6
917	1066	3
917	995	4
917	966	5
917	1033	11
917	931	3
918	1038	3
918	971	2
918	1045	3
919	1046	2
919	1038	2
920	971	4
920	1027	2
920	1038	6
920	1045	2
920	937	2
921	1046	2
922	1045	3
922	1038	3
922	1027	2
922	995	2
922	971	2
922	1033	2
923	1038	2
923	971	2
924	948	2
924	1072	2
924	1038	14
924	971	7
924	1046	4
924	988	2
924	931	2
924	1005	2
924	1056	4
924	1073	2
924	1045	3
924	1007	2
924	995	2
924	1027	3
924	976	2
924	993	2
924	1022	2
924	1033	2
925	1038	2
925	1022	2
925	1045	2
926	1000	2
926	1038	5
926	971	5
926	937	2
926	1033	2
926	966	2
926	1045	3
926	1046	2
927	1033	2
928	995	2
928	1038	5
928	1045	2
929	1072	2
929	1038	4
929	971	2
929	1060	2
929	961	2
929	1033	2
929	937	2
930	955	2
931	976	3
931	995	5
931	1073	2
931	1038	31
931	971	13
931	1033	8
931	1018	2
931	1001	7
931	1046	6
931	1072	2
931	937	3
931	1045	5
931	988	2
931	1005	2
931	1056	4
931	961	2
931	1054	2
931	966	2
931	1007	2
931	1027	2
931	949	3
931	993	2
931	1011	3
931	939	2
931	1053	2
931	1000	2
931	992	2
931	1052	2
931	1039	2
933	961	2
935	1038	2
935	971	2
936	1038	2
937	1038	14
937	971	8
937	1069	2
937	1072	2
937	1033	5
937	966	2
938	1000	2
938	1038	4
938	971	2
938	1033	2
939	1046	5
939	1038	6
939	977	2
939	971	2
939	968	2
939	1045	4
939	961	2
939	1011	2
939	992	2
940	1038	2
940	1033	2
940	1046	2
940	971	2
941	966	2
941	1033	2
942	1038	2
942	962	2
943	1038	2
943	1045	2
944	995	2
944	1038	6
944	971	3
944	1045	3
944	946	2
944	1011	2
944	1046	3
944	1031	2
946	1046	2
946	1038	2
947	1038	4
947	1030	3
948	1038	6
948	1045	3
948	1046	2
948	1073	2
948	971	3
949	1001	4
949	1011	2
949	1038	10
949	1007	2
949	1046	3
949	1045	2
949	1033	2
949	976	2
949	971	2
950	961	2
951	1038	2
952	971	2
955	971	2
956	1038	2
957	1000	2
957	1038	6
957	992	3
957	1033	3
957	995	2
957	1045	2
958	1073	2
958	1038	5
958	971	4
958	985	2
958	1045	2
958	961	2
959	966	2
960	1038	2
960	971	3
961	1046	7
961	1038	27
961	1058	2
961	1045	9
961	1001	2
961	971	18
961	1048	5
961	992	4
961	1069	2
961	976	5
961	1033	6
961	1053	3
961	1056	3
961	995	3
961	1052	2
961	985	2
961	1070	2
962	1038	3
963	1038	2
964	1038	2
965	1038	4
965	966	2
965	1033	3
966	995	5
966	1033	5
966	1007	4
966	1072	2
966	1038	12
966	1045	6
966	1054	3
966	971	6
966	1001	2
966	1011	2
967	1038	2
967	1045	2
968	1072	2
968	1038	5
968	1045	2
968	971	2
969	1038	3
970	995	2
970	1073	2
970	1038	3
970	971	2
971	1073	11
971	1038	97
971	1033	23
971	1069	5
971	1045	30
971	1001	6
971	976	14
971	995	11
971	1072	5
971	997	2
971	1048	4
971	992	4
971	1000	3
971	1058	2
971	980	5
971	1027	11
971	985	4
971	1005	6
971	1007	5
971	1046	16
971	1056	6
971	1054	4
971	1050	2
971	977	2
971	1068	2
971	1013	4
971	1063	2
971	1052	5
971	994	2
971	1025	2
971	1011	3
971	1029	4
971	1022	2
971	1053	4
971	1015	2
971	1031	3
971	1070	2
971	1066	2
971	999	2
971	1071	2
971	986	2
971	1049	2
971	1042	2
972	1038	3
972	1046	2
972	1045	2
973	1027	2
973	1038	3
973	1033	2
975	1038	2
976	1038	20
976	1022	3
976	1073	3
976	1033	4
976	1046	6
976	980	7
976	1048	3
976	1045	8
976	1053	2
976	1012	2
976	1056	4
976	1072	2
976	999	2
976	1013	2
976	1000	2
976	1059	2
976	1027	2
977	1038	4
977	1045	2
977	1001	2
977	1011	2
980	1038	9
980	1058	2
980	1045	2
980	1022	2
980	993	2
981	1038	3
982	1038	2
983	1038	2
983	1033	2
984	1038	2
984	1045	2
985	1038	3
985	1048	2
986	1038	2
986	1056	2
988	1046	3
988	1038	2
988	1056	2
989	1038	2
990	1038	2
991	1011	2
992	1000	3
992	1011	2
992	995	3
992	1027	2
992	1046	3
992	1038	9
992	1033	4
992	1052	2
992	1059	2
993	1038	6
993	1046	3
993	1022	2
993	1056	2
994	1038	9
994	1045	6
994	1000	3
994	1052	2
994	1033	2
994	1046	2
994	995	2
995	1073	3
995	1038	27
995	1033	12
995	1072	3
995	1052	3
995	1045	7
995	1001	2
995	1066	3
995	1017	2
995	1007	5
995	1046	5
995	1054	2
995	1000	2
995	1011	2
995	1027	2
997	1038	2
998	1038	2
999	1038	5
999	1056	3
999	1046	2
1000	1038	13
1000	1033	5
1000	1011	2
1000	1027	2
1000	1046	2
1000	1052	2
1000	1059	2
1000	1045	3
1001	1046	2
1001	1038	13
1001	1011	6
1001	1065	2
1001	1048	3
1001	1072	2
1001	1008	2
1001	1053	4
1002	1038	2
1003	1038	2
1004	1009	2
1005	1046	2
1005	1038	8
1005	1045	5
1006	1038	2
1006	1045	2
1007	1046	3
1007	1038	10
1007	1045	6
1007	1072	2
1007	1030	2
1007	1033	7
1007	1054	2
1007	1027	3
1007	1071	2
1008	1038	2
1009	1038	2
1010	1045	2
1011	1045	3
1011	1038	13
1011	1065	2
1011	1033	3
1011	1046	2
1011	1053	3
1011	1070	2
1012	1038	2
1012	1056	2
1013	1038	4
1013	1066	2
1013	1033	4
1013	1045	3
1013	1070	3
1014	1038	2
1015	1038	2
1016	1038	2
1017	1038	4
1018	1038	2
1019	1038	2
1021	1038	4
1021	1045	3
1022	1038	10
1022	1072	2
1022	1045	4
1022	1046	2
1024	1038	2
1026	1038	3
1027	1038	19
1027	1045	5
1027	1073	2
1027	1046	5
1027	1033	5
1027	1052	3
1027	1056	2
1028	1038	3
1029	1038	5
1029	1031	3
1029	1049	2
1029	1045	2
1030	1033	2
1030	1038	3
1030	1041	2
1031	1046	2
1031	1038	4
1031	1045	2
1032	1038	2
1032	1045	2
1033	1073	3
1033	1038	43
1033	1043	2
1033	1066	3
1033	1048	2
1033	1045	14
1033	1046	7
1033	1052	5
1033	1070	3
1033	1039	2
1034	1038	3
1035	1038	2
1036	1038	2
1037	1038	2
1038	1040	2
1038	1069	6
1038	1073	16
1038	1045	65
1038	1046	42
1038	1048	7
1038	1065	3
1038	1058	7
1038	1071	4
1038	1072	12
1038	1052	12
1038	1044	2
1038	1060	2
1038	1043	4
1038	1070	5
1038	1056	15
1038	1066	3
1038	1039	6
1038	1064	2
1038	1054	3
1038	1050	2
1038	1059	3
1038	1055	2
1038	1068	2
1038	1047	3
1038	1063	3
1038	1051	2
1038	1053	6
1038	1042	3
1038	1049	2
1038	1067	2
1039	1046	3
1039	1045	3
1045	1069	2
1045	1046	16
1045	1058	3
1045	1071	3
1045	1072	5
1045	1052	3
1045	1070	2
1045	1073	5
1045	1066	3
1045	1056	3
1045	1054	2
1046	1058	3
1046	1056	8
1046	1052	4
1046	1073	4
1046	1062	2
1046	1053	3
1048	1053	4
1048	1070	2
1052	1059	2
1052	1056	2
1056	1070	2
1060	1072	2