1	2	52
1	38	1
1	60	2
1	72	3
1	79	1
1	105	2
1	106	2
1	107	2
1	108	2
1	130	1
1	131	1
1	132	1
1	133	1
1	147	1
1	162	2
1	163	2
1	164	2
1	175	1
1	181	1
1	182	1
1	183	1
1	184	1
1	189	1
1	218	1
1	219	1
1	230	3
1	231	3
1	234	1
1	252	2
1	253	1
1	254	1
1	255	1
1	256	1
1	257	1
1	258	1
1	259	1
1	260	1
1	261	1
1	262	1
1	263	1
1	285	1
1	286	1
1	311	1
1	317	1
1	321	1
1	322	1
1	323	1
1	346	1
1	347	1
1	348	1
1	363	1
1	367	1
1	368	1
1	375	1
1	376	1
1	478	1
1	496	1
2	38	1
2	60	2
2	72	3
2	79	1
2	105	2
2	106	2
2	107	2
2	108	2
2	130	1
2	131	1
2	132	1
2	133	1
2	147	1
2	162	2
2	163	2
2	164	2
2	175	1
2	181	1
2	182	1
2	183	1
2	184	1
2	189	1
2	218	1
2	219	1
2	230	3
2	231	3
2	234	1
2	252	2
2	253	1
2	254	1
2	255	1
2	256	1
2	257	1
2	258	1
2	259	1
2	260	1
2	261	1
2	262	1
2	263	1
2	285	1
2	286	1
2	311	1
2	317	1
2	321	1
2	322	1
2	323	1
2	346	1
2	347	1
2	348	1
2	363	1
2	367	1
2	368	1
2	375	1
2	376	1
2	478	1
2	496	1
3	4	27
3	6	4
3	7	1
3	8	1
3	9	8
3	10	1
3	11	3
3	12	3
3	13	3
3	14	5
3	15	3
3	16	3
3	17	3
3	18	5
3	19	5
3	20	3
3	21	3
3	27	2
3	28	2
3	29	2
3	30	2
3	31	1
3	32	1
3	33	1
3	34	1
3	35	1
3	36	1
3	37	6
3	38	1
3	39	1
3	41	4
3	42	3
3	43	3
3	44	4
3	45	4
3	46	2
3	52	8
3	53	6
3	54	3
3	55	6
3	56	3
3	57	1
3	58	1
3	59	1
3	62	11
3	63	1
3	64	2
3	65	2
3	66	2
3	67	1
3	68	1
3	69	5
3	70	6
3	71	5
3	72	8
3	73	6
3	74	5
3	75	1
3	76	1
3	77	51
3	78	51
3	79	66
3	80	51
3	81	2
3	82	4
3	83	4
3	86	4
3	87	4
3	88	4
3	89	4
3	90	4
3	91	4
3	92	5
3	93	6
3	94	1
3	95	1
3	96	12
3	97	2
3	98	2
3	99	2
3	100	2
3	102	2
3	103	2
3	104	2
3	111	4
3	112	4
3	113	4
3	117	2
3	118	6
3	119	2
3	120	2
3	121	7
3	122	4
3	123	1
3	124	1
3	125	1
3	126	2
3	127	2
3	128	4
3	129	4
3	130	3
3	131	3
3	132	3
3	133	3
3	134	1
3	135	3
3	138	4
3	139	4
3	141	2
3	142	2
3	143	1
3	144	1
3	145	1
3	146	1
3	147	4
3	148	60
3	149	5
3	150	2
3	151	4
3	152	1
3	153	3
3	159	1
3	160	1
3	161	1
3	165	1
3	166	1
3	167	1
3	168	1
3	169	3
3	170	3
3	171	3
3	172	3
3	174	3
3	175	5
3	176	1
3	178	5
3	179	3
3	180	6
3	181	2
3	182	2
3	183	2
3	184	2
3	185	1
3	186	1
3	187	1
3	188	2
3	189	8
3	190	4
3	191	1
3	194	1
3	195	1
3	196	1
3	197	1
3	198	1
3	199	1
3	200	1
3	201	6
3	202	1
3	203	3
3	205	56
3	206	7
3	207	3
3	210	1
3	211	4
3	212	10
3	213	5
3	214	3
3	215	2
3	216	1
3	218	1
3	219	1
3	220	4
3	221	6
3	222	1
3	223	3
3	227	3
3	228	1
3	229	1
3	232	2
3	233	2
3	234	3
3	235	3
3	236	2
3	237	4
3	238	4
3	239	4
3	240	4
3	241	9
3	242	4
3	243	2
3	244	1
3	245	13
3	246	13
3	247	8
3	248	6
3	249	1
3	250	2
3	251	5
3	252	8
3	253	2
3	254	2
3	255	2
3	256	2
3	257	2
3	258	2
3	259	2
3	260	2
3	261	5
3	262	2
3	263	2
3	264	2
3	267	5
3	268	5
3	269	6
3	270	3
3	271	2
3	272	2
3	274	3
3	277	3
3	278	5
3	279	2
3	280	2
3	281	1
3	282	1
3	283	1
3	284	1
3	289	2
3	290	1
3	292	3
3	293	3
3	294	1
3	295	4
3	296	1
3	297	2
3	299	3
3	300	2
3	301	3
3	302	3
3	303	3
3	304	2
3	305	2
3	306	5
3	307	1
3	309	6
3	310	2
3	311	2
3	312	1
3	313	12
3	314	4
3	315	4
3	316	4
3	317	4
3	318	4
3	320	1
3	324	1
3	327	1
3	328	2
3	330	1
3	333	1
3	338	4
3	339	5
3	340	5
3	346	2
3	347	2
3	348	2
3	349	2
3	350	2
3	351	2
3	352	1
3	353	3
3	354	3
3	355	2
3	357	2
3	358	3
3	363	2
3	365	4
3	366	4
3	367	5
3	368	5
3	369	2
3	370	2
3	371	2
3	373	3
3	374	3
3	375	2
3	376	2
3	377	2
3	378	2
3	379	2
3	380	2
3	383	2
3	384	2
3	389	3
3	390	1
3	397	1
3	398	1
3	399	1
3	400	1
3	401	2
3	404	3
3	407	1
3	410	5
3	412	2
3	417	1
3	418	2
3	419	4
3	420	2
3	421	2
3	422	2
3	425	5
3	426	5
3	427	5
3	436	2
3	437	2
3	438	2
3	439	1
3	440	1
3	441	1
3	442	1
3	443	1
3	444	3
3	445	1
3	446	1
3	447	1
3	448	2
3	452	2
3	454	1
3	455	1
3	456	1
3	457	1
3	458	1
3	459	3
3	460	3
3	469	1
3	473	3
3	474	3
3	479	1
3	480	1
3	481	1
3	482	1
3	484	1
3	489	2
3	490	3
3	491	3
3	492	3
3	493	3
3	494	5
3	495	1
3	497	1
3	501	2
3	502	2
3	503	1
3	505	1
3	506	1
3	507	5
3	508	1
3	510	2
3	511	2
3	513	4
3	516	1
3	518	3
3	519	4
3	520	1
3	521	1
3	524	3
3	525	3
3	533	1
4	6	1
4	9	1
4	11	1
4	12	1
4	13	1
4	14	1
4	19	1
4	62	1
4	69	1
4	70	1
4	71	1
4	72	1
4	73	1
4	77	1
4	78	1
4	79	2
4	80	1
4	81	1
4	96	1
4	120	1
4	121	1
4	128	1
4	129	1
4	147	1
4	148	1
4	175	1
4	188	1
4	189	1
4	206	1
4	212	1
4	213	1
4	241	1
4	247	1
4	248	1
4	251	1
4	252	1
4	253	1
4	254	1
4	255	1
4	256	1
4	257	1
4	258	1
4	259	1
4	260	1
4	261	1
4	262	1
4	263	1
4	264	1
4	269	1
4	270	1
4	302	1
4	306	1
4	313	1
4	314	1
4	315	1
4	316	1
4	317	1
4	333	1
4	339	1
4	340	1
4	353	1
4	354	1
4	355	1
4	365	1
4	410	1
4	412	1
4	425	1
4	426	1
4	427	1
4	446	1
4	452	1
4	473	1
4	474	1
4	490	1
4	491	1
4	492	1
4	494	1
4	503	1
4	507	1
4	513	1
4	518	1
4	519	1
5	6	57
5	18	1
5	27	1
5	28	1
5	29	1
5	31	1
5	37	1
5	45	1
5	54	1
5	55	1
5	56	1
5	57	1
5	58	1
5	59	1
5	62	1
5	63	1
5	69	1
5	70	1
5	71	1
5	72	5
5	73	1
5	74	2
5	81	1
5	83	2
5	91	1
5	92	1
5	93	1
5	94	1
5	100	2
5	110	1
5	118	1
5	120	1
5	121	3
5	122	2
5	134	1
5	135	2
5	138	1
5	139	1
5	141	5
5	142	5
5	147	1
5	148	1
5	149	1
5	154	1
5	165	2
5	166	2
5	167	2
5	168	2
5	173	1
5	175	1
5	178	1
5	179	1
5	180	1
5	189	2
5	201	2
5	202	1
5	203	1
5	209	1
5	210	1
5	211	2
5	212	2
5	213	2
5	214	1
5	215	1
5	218	1
5	219	1
5	220	1
5	223	1
5	226	1
5	241	3
5	242	2
5	247	2
5	248	2
5	251	2
5	252	1
5	261	1
5	264	2
5	267	1
5	268	1
5	289	1
5	290	1
5	294	2
5	295	3
5	296	1
5	303	1
5	306	1
5	309	1
5	313	2
5	314	1
5	315	1
5	318	1
5	330	1
5	333	2
5	338	2
5	353	1
5	354	1
5	357	1
5	358	1
5	365	1
5	367	1
5	368	1
5	369	1
5	370	1
5	399	1
5	400	1
5	404	1
5	436	1
5	437	1
5	438	1
5	454	1
5	459	1
5	460	1
5	471	1
5	481	1
5	483	1
5	499	1
5	505	1
5	507	1
5	510	2
5	511	2
5	513	3
5	516	1
5	519	1
5	523	1
6	9	3
6	11	3
6	12	3
6	13	3
6	14	2
6	15	1
6	16	1
6	17	1
6	18	3
6	19	2
6	20	1
6	21	1
6	27	2
6	28	2
6	29	2
6	30	1
6	31	1
6	37	2
6	41	2
6	42	1
6	43	1
6	44	1
6	45	2
6	52	2
6	53	1
6	54	2
6	55	3
6	56	2
6	57	1
6	58	1
6	59	1
6	62	5
6	63	1
6	67	1
6	68	1
6	69	4
6	70	4
6	71	4
6	72	8
6	73	4
6	74	2
6	77	2
6	78	2
6	79	3
6	80	2
6	81	3
6	82	1
6	83	2
6	86	1
6	87	1
6	88	1
6	89	1
6	90	1
6	91	2
6	92	2
6	93	2
6	94	2
6	96	3
6	97	1
6	98	1
6	99	1
6	100	2
6	102	1
6	103	1
6	104	1
6	110	1
6	111	1
6	112	1
6	113	1
6	118	3
6	120	3
6	121	6
6	122	3
6	123	1
6	124	1
6	125	1
6	128	3
6	129	3
6	130	1
6	131	1
6	132	1
6	133	1
6	134	1
6	135	4
6	138	2
6	139	2
6	141	5
6	142	5
6	147	3
6	148	5
6	149	3
6	151	1
6	153	1
6	154	1
6	165	2
6	166	2
6	167	2
6	168	2
6	169	2
6	170	2
6	171	2
6	172	2
6	173	1
6	174	2
6	175	5
6	178	3
6	179	2
6	180	3
6	181	1
6	182	1
6	183	1
6	184	1
6	188	1
6	189	4
6	191	1
6	194	1
6	195	1
6	196	1
6	201	4
6	202	2
6	203	2
6	205	1
6	206	3
6	207	1
6	209	1
6	210	1
6	211	3
6	212	5
6	213	4
6	214	2
6	215	2
6	218	1
6	219	1
6	220	1
6	221	2
6	223	1
6	226	1
6	227	1
6	232	1
6	233	1
6	234	1
6	235	1
6	236	1
6	237	2
6	238	2
6	239	2
6	240	2
6	241	6
6	242	3
6	247	4
6	248	4
6	251	4
6	252	3
6	253	1
6	254	1
6	255	1
6	256	1
6	257	1
6	258	1
6	259	1
6	260	1
6	261	3
6	262	1
6	263	1
6	264	4
6	267	2
6	268	2
6	269	2
6	270	3
6	271	1
6	272	1
6	274	1
6	277	1
6	278	1
6	279	1
6	280	1
6	284	1
6	289	2
6	290	2
6	293	1
6	294	2
6	295	5
6	296	1
6	297	1
6	299	1
6	301	2
6	302	2
6	303	2
6	305	1
6	306	4
6	309	2
6	313	5
6	314	3
6	315	3
6	316	3
6	317	3
6	318	2
6	320	1
6	324	1
6	327	1
6	328	1
6	330	2
6	333	4
6	338	3
6	339	2
6	340	2
6	353	2
6	354	2
6	355	2
6	357	2
6	358	1
6	363	1
6	365	3
6	367	1
6	368	1
6	369	1
6	370	1
6	371	1
6	373	1
6	374	1
6	375	1
6	376	1
6	377	1
6	378	1
6	379	1
6	380	1
6	383	1
6	384	1
6	389	1
6	397	1
6	398	1
6	399	1
6	400	1
6	401	1
6	404	2
6	410	3
6	412	2
6	414	1
6	415	1
6	416	1
6	418	1
6	419	1
6	420	1
6	421	1
6	422	1
6	425	2
6	426	2
6	427	2
6	436	1
6	437	1
6	438	1
6	442	1
6	443	1
6	445	1
6	446	1
6	452	2
6	454	2
6	455	1
6	456	1
6	457	1
6	458	1
6	459	4
6	460	4
6	469	1
6	471	1
6	473	1
6	474	2
6	481	1
6	483	1
6	489	1
6	490	2
6	491	2
6	492	2
6	493	1
6	494	2
6	497	1
6	499	1
6	503	1
6	505	1
6	507	3
6	510	3
6	511	3
6	513	5
6	516	1
6	518	1
6	519	3
6	521	1
6	523	1
6	525	2
7	8	13
7	9	15
7	10	13
7	14	1
7	15	1
7	16	1
7	17	1
7	18	1
7	19	1
7	20	1
7	21	1
7	22	1
7	23	1
7	24	1
7	25	1
7	26	1
7	40	59
7	41	2
7	44	1
7	45	1
7	46	3
7	52	1
7	53	1
7	62	2
7	69	1
7	70	4
7	71	1
7	72	1
7	73	1
7	74	1
7	79	4
7	82	1
7	83	1
7	86	6
7	87	6
7	88	6
7	89	6
7	90	6
7	92	1
7	98	1
7	100	1
7	110	2
7	121	1
7	122	1
7	127	1
7	128	2
7	129	2
7	135	2
7	141	1
7	142	1
7	143	2
7	144	2
7	145	2
7	146	2
7	147	1
7	169	1
7	170	1
7	171	1
7	172	1
7	173	2
7	175	1
7	177	1
7	179	1
7	188	2
7	189	1
7	190	1
7	192	2
7	193	2
7	197	1
7	198	1
7	199	1
7	200	1
7	201	2
7	203	1
7	206	2
7	221	2
7	224	1
7	237	2
7	238	2
7	239	2
7	240	2
7	241	2
7	242	2
7	243	1
7	247	3
7	248	2
7	250	1
7	252	3
7	274	1
7	277	1
7	278	1
7	281	2
7	282	2
7	283	2
7	284	1
7	289	2
7	290	1
7	291	1
7	293	1
7	294	2
7	297	1
7	300	2
7	302	2
7	310	1
7	311	1
7	313	1
7	314	1
7	315	1
7	321	1
7	322	1
7	323	1
7	328	2
7	330	3
7	333	1
7	341	1
7	342	1
7	343	1
7	344	1
7	345	1
7	346	1
7	347	1
7	348	1
7	352	1
7	356	2
7	357	1
7	364	2
7	366	1
7	373	1
7	374	1
7	375	2
7	376	2
7	389	1
7	399	1
7	400	1
7	404	2
7	405	1
7	410	1
7	411	1
7	412	1
7	413	1
7	414	1
7	415	1
7	416	1
7	423	1
7	466	1
7	484	1
7	495	1
7	496	1
7	501	1
7	502	1
7	503	1
7	506	1
7	520	1
8	9	13
8	10	13
8	14	1
8	15	1
8	16	1
8	17	1
8	18	1
8	19	1
8	20	1
8	21	1
8	44	1
8	45	1
8	70	1
8	74	1
8	82	1
8	83	1
8	86	1
8	87	1
8	88	1
8	89	1
8	90	1
8	100	1
8	135	1
8	197	1
8	198	1
8	199	1
8	200	1
8	201	1
8	221	1
8	237	1
8	238	1
8	239	1
8	240	1
8	243	1
8	247	1
8	248	1
8	281	1
8	282	1
8	283	1
8	313	1
8	314	1
8	315	1
8	330	1
8	366	1
8	373	1
8	374	1
8	389	1
8	405	1
8	410	1
8	501	1
8	502	1
8	506	1
8	520	1
9	10	13
9	11	4
9	12	4
9	13	4
9	14	6
9	15	5
9	16	5
9	17	5
9	18	6
9	19	6
9	20	5
9	21	5
9	22	1
9	23	1
9	24	1
9	25	1
9	26	1
9	27	2
9	28	2
9	29	2
9	37	2
9	38	1
9	40	2
9	41	1
9	42	2
9	43	2
9	44	3
9	45	4
9	46	1
9	47	1
9	48	1
9	52	2
9	53	1
9	54	2
9	55	6
9	56	2
9	62	9
9	63	1
9	67	3
9	68	3
9	69	6
9	70	7
9	71	6
9	72	6
9	73	6
9	74	7
9	77	3
9	78	3
9	79	8
9	80	3
9	81	2
9	82	7
9	83	7
9	86	3
9	87	3
9	88	3
9	89	3
9	90	3
9	91	1
9	92	3
9	93	5
9	94	6
9	95	1
9	96	4
9	97	1
9	98	1
9	99	1
9	100	3
9	101	2
9	102	1
9	103	1
9	104	1
9	111	1
9	112	1
9	113	1
9	114	2
9	115	2
9	116	2
9	117	2
9	118	4
9	119	2
9	120	2
9	121	14
9	122	7
9	123	2
9	124	2
9	125	2
9	128	4
9	129	4
9	130	1
9	131	1
9	132	1
9	133	1
9	135	8
9	138	1
9	139	1
9	141	1
9	142	1
9	147	9
9	148	6
9	149	5
9	151	4
9	152	1
9	153	1
9	164	1
9	169	4
9	170	4
9	171	4
9	172	4
9	174	4
9	175	11
9	178	3
9	179	2
9	180	5
9	181	2
9	182	2
9	183	2
9	184	2
9	185	1
9	186	1
9	187	1
9	188	4
9	189	8
9	190	2
9	191	1
9	194	1
9	195	1
9	196	1
9	197	1
9	198	1
9	199	1
9	200	1
9	201	7
9	202	5
9	203	5
9	205	2
9	206	93
9	207	2
9	209	1
9	211	1
9	212	3
9	213	4
9	214	6
9	215	5
9	216	2
9	218	1
9	219	1
9	221	4
9	222	2
9	227	2
9	232	2
9	233	2
9	234	2
9	235	2
9	236	2
9	237	3
9	238	3
9	239	4
9	240	3
9	241	5
9	242	1
9	243	1
9	247	9
9	248	8
9	249	1
9	250	1
9	251	6
9	252	6
9	253	1
9	254	1
9	255	1
9	256	1
9	257	1
9	258	1
9	259	1
9	260	1
9	261	3
9	262	1
9	263	1
9	264	2
9	265	2
9	266	2
9	267	6
9	268	6
9	269	7
9	270	7
9	271	3
9	272	3
9	273	1
9	274	3
9	275	2
9	276	2
9	277	4
9	278	3
9	279	2
9	280	2
9	281	1
9	282	1
9	283	1
9	284	1
9	285	1
9	286	1
9	290	1
9	292	2
9	293	3
9	295	7
9	296	1
9	297	2
9	299	2
9	300	1
9	301	2
9	302	9
9	303	3
9	304	2
9	305	2
9	306	6
9	307	1
9	309	2
9	310	3
9	311	2
9	312	1
9	313	8
9	314	5
9	315	5
9	316	6
9	317	6
9	318	3
9	320	2
9	324	2
9	325	2
9	326	2
9	327	3
9	328	4
9	330	2
9	333	1
9	338	2
9	339	5
9	340	5
9	346	1
9	347	1
9	348	1
9	352	1
9	353	3
9	354	3
9	355	4
9	356	5
9	357	3
9	358	1
9	364	3
9	365	4
9	366	1
9	367	3
9	368	3
9	371	2
9	373	3
9	374	3
9	375	4
9	376	4
9	377	3
9	378	3
9	379	3
9	380	3
9	383	1
9	384	1
9	389	2
9	397	1
9	398	1
9	401	2
9	404	4
9	405	1
9	410	8
9	411	1
9	412	3
9	413	1
9	418	3
9	419	3
9	420	3
9	421	3
9	422	3
9	425	4
9	426	4
9	427	4
9	442	1
9	443	2
9	445	2
9	446	1
9	452	2
9	454	1
9	455	4
9	456	4
9	457	4
9	458	4
9	459	4
9	460	4
9	466	1
9	469	3
9	470	1
9	472	3
9	473	1
9	474	1
9	475	1
9	476	1
9	477	1
9	479	1
9	482	1
9	489	2
9	490	4
9	491	4
9	492	4
9	493	1
9	494	3
9	497	1
9	498	1
9	501	1
9	502	1
9	503	5
9	506	1
9	507	4
9	510	1
9	511	1
9	512	1
9	513	2
9	518	3
9	519	4
9	520	1
9	521	1
9	524	2
9	525	2
9	533	1
10	14	1
10	15	1
10	16	1
10	17	1
10	18	1
10	19	1
10	20	1
10	21	1
10	44	1
10	45	1
10	70	1
10	74	1
10	82	1
10	83	1
10	86	1
10	87	1
10	88	1
10	89	1
10	90	1
10	100	1
10	135	1
10	197	1
10	198	1
10	199	1
10	200	1
10	201	1
10	221	1
10	237	1
10	238	1
10	239	1
10	240	1
10	243	1
10	247	1
10	248	1
10	281	1
10	282	1
10	283	1
10	313	1
10	314	1
10	315	1
10	330	1
10	366	1
10	373	1
10	374	1
10	389	1
10	405	1
10	410	1
10	501	1
10	502	1
10	506	1
10	520	1
11	12	82
11	13	82
11	14	3
11	15	2
11	16	2
11	17	2
11	18	2
11	19	3
11	20	2
11	21	2
11	30	2
11	37	1
11	41	4
11	45	3
11	46	1
11	52	3
11	53	1
11	54	2
11	55	2
11	56	2
11	62	6
11	67	1
11	68	1
11	69	4
11	70	4
11	71	4
11	72	5
11	73	4
11	74	1
11	77	2
11	78	2
11	79	2
11	80	2
11	81	2
11	82	2
11	83	1
11	86	1
11	87	1
11	88	1
11	89	1
11	90	1
11	91	1
11	92	1
11	93	1
11	94	1
11	96	2
11	97	2
11	98	2
11	99	2
11	100	1
11	102	1
11	103	1
11	104	1
11	111	2
11	112	2
11	113	2
11	118	2
11	120	2
11	121	4
11	122	2
11	123	1
11	124	1
11	125	1
11	128	2
11	129	2
11	135	3
11	138	4
11	139	4
11	143	1
11	144	1
11	145	1
11	146	1
11	147	4
11	148	3
11	149	2
11	150	1
11	151	3
11	153	1
11	164	1
11	169	1
11	170	1
11	171	1
11	172	1
11	174	1
11	175	4
11	178	2
11	180	2
11	181	2
11	182	2
11	183	2
11	184	2
11	188	1
11	189	4
11	194	1
11	195	1
11	196	1
11	201	3
11	202	4
11	203	4
11	205	1
11	206	4
11	207	1
11	209	2
11	211	1
11	212	2
11	213	2
11	214	3
11	215	2
11	216	1
11	217	1
11	221	3
11	227	1
11	228	1
11	229	1
11	230	1
11	231	1
11	232	1
11	233	1
11	234	2
11	235	1
11	236	1
11	237	2
11	238	2
11	239	2
11	240	2
11	241	2
11	247	3
11	248	3
11	251	2
11	252	3
11	253	1
11	254	1
11	255	1
11	256	1
11	257	1
11	258	1
11	259	1
11	260	1
11	261	2
11	262	1
11	263	1
11	264	2
11	267	1
11	268	1
11	269	3
11	270	3
11	271	1
11	272	1
11	274	1
11	275	1
11	276	1
11	277	4
11	279	1
11	280	1
11	281	1
11	282	1
11	283	1
11	289	1
11	293	3
11	295	4
11	296	1
11	297	2
11	299	1
11	301	3
11	302	3
11	303	1
11	306	2
11	309	2
11	310	1
11	311	1
11	312	3
11	313	2
11	314	2
11	315	2
11	316	4
11	317	4
11	318	2
11	320	1
11	324	1
11	327	1
11	328	1
11	330	1
11	333	1
11	338	2
11	339	3
11	340	3
11	352	2
11	353	4
11	354	4
11	355	2
11	357	2
11	363	1
11	365	2
11	367	1
11	368	1
11	371	1
11	375	2
11	376	2
11	377	1
11	378	1
11	379	1
11	380	1
11	383	1
11	384	1
11	385	1
11	386	1
11	387	1
11	388	1
11	397	1
11	398	1
11	401	1
11	404	1
11	410	2
11	412	2
11	418	1
11	419	1
11	420	1
11	421	1
11	422	1
11	425	4
11	426	4
11	427	4
11	431	1
11	442	1
11	443	2
11	445	1
11	446	1
11	452	2
11	455	3
11	456	3
11	457	3
11	458	3
11	459	1
11	460	1
11	469	1
11	470	1
11	473	1
11	474	1
11	479	1
11	482	1
11	489	1
11	490	3
11	491	3
11	492	3
11	493	2
11	494	2
11	498	2
11	503	2
11	507	2
11	510	1
11	511	1
11	513	2
11	518	1
11	519	2
11	521	1
11	525	2
12	13	82
12	14	3
12	15	2
12	16	2
12	17	2
12	18	2
12	19	3
12	20	2
12	21	2
12	30	2
12	37	1
12	41	4
12	45	3
12	46	1
12	52	3
12	53	1
12	54	2
12	55	2
12	56	2
12	62	6
12	67	1
12	68	1
12	69	4
12	70	4
12	71	4
12	72	5
12	73	4
12	74	1
12	77	2
12	78	2
12	79	2
12	80	2
12	81	2
12	82	2
12	83	1
12	86	1
12	87	1
12	88	1
12	89	1
12	90	1
12	91	1
12	92	1
12	93	1
12	94	1
12	96	2
12	97	2
12	98	2
12	99	2
12	100	1
12	102	1
12	103	1
12	104	1
12	111	2
12	112	2
12	113	2
12	118	2
12	120	2
12	121	4
12	122	2
12	123	1
12	124	1
12	125	1
12	128	2
12	129	2
12	135	3
12	138	4
12	139	4
12	143	1
12	144	1
12	145	1
12	146	1
12	147	4
12	148	3
12	149	2
12	150	1
12	151	3
12	153	1
12	164	1
12	169	1
12	170	1
12	171	1
12	172	1
12	174	1
12	175	4
12	178	2
12	180	2
12	181	2
12	182	2
12	183	2
12	184	2
12	188	1
12	189	4
12	194	1
12	195	1
12	196	1
12	201	3
12	202	4
12	203	4
12	205	1
12	206	4
12	207	1
12	209	2
12	211	1
12	212	2
12	213	2
12	214	3
12	215	2
12	216	1
12	217	1
12	221	3
12	227	1
12	228	1
12	229	1
12	230	1
12	231	1
12	232	1
12	233	1
12	234	2
12	235	1
12	236	1
12	237	2
12	238	2
12	239	2
12	240	2
12	241	2
12	247	3
12	248	3
12	251	2
12	252	3
12	253	1
12	254	1
12	255	1
12	256	1
12	257	1
12	258	1
12	259	1
12	260	1
12	261	2
12	262	1
12	263	1
12	264	2
12	267	1
12	268	1
12	269	3
12	270	3
12	271	1
12	272	1
12	274	1
12	275	1
12	276	1
12	277	4
12	279	1
12	280	1
12	281	1
12	282	1
12	283	1
12	289	1
12	293	3
12	295	4
12	296	1
12	297	2
12	299	1
12	301	3
12	302	3
12	303	1
12	306	2
12	309	2
12	310	1
12	311	1
12	312	3
12	313	2
12	314	2
12	315	2
12	316	4
12	317	4
12	318	2
12	320	1
12	324	1
12	327	1
12	328	1
12	330	1
12	333	1
12	338	2
12	339	3
12	340	3
12	352	2
12	353	4
12	354	4
12	355	2
12	357	2
12	363	1
12	365	2
12	367	1
12	368	1
12	371	1
12	375	2
12	376	2
12	377	1
12	378	1
12	379	1
12	380	1
12	383	1
12	384	1
12	385	1
12	386	1
12	387	1
12	388	1
12	397	1
12	398	1
12	401	1
12	404	1
12	410	2
12	412	2
12	418	1
12	419	1
12	420	1
12	421	1
12	422	1
12	425	4
12	426	4
12	427	4
12	431	1
12	442	1
12	443	2
12	445	1
12	446	1
12	452	2
12	455	3
12	456	3
12	457	3
12	458	3
12	459	1
12	460	1
12	469	1
12	470	1
12	473	1
12	474	1
12	479	1
12	482	1
12	489	1
12	490	3
12	491	3
12	492	3
12	493	2
12	494	2
12	498	2
12	503	2
12	507	2
12	510	1
12	511	1
12	513	2
12	518	1
12	519	2
12	521	1
12	525	2
13	14	3
13	15	2
13	16	2
13	17	2
13	18	2
13	19	3
13	20	2
13	21	2
13	30	2
13	37	1
13	41	4
13	45	3
13	46	1
13	52	3
13	53	1
13	54	2
13	55	2
13	56	2
13	62	6
13	67	1
13	68	1
13	69	4
13	70	4
13	71	4
13	72	5
13	73	4
13	74	1
13	77	2
13	78	2
13	79	2
13	80	2
13	81	2
13	82	2
13	83	1
13	86	1
13	87	1
13	88	1
13	89	1
13	90	1
13	91	1
13	92	1
13	93	1
13	94	1
13	96	2
13	97	2
13	98	2
13	99	2
13	100	1
13	102	1
13	103	1
13	104	1
13	111	2
13	112	2
13	113	2
13	118	2
13	120	2
13	121	4
13	122	2
13	123	1
13	124	1
13	125	1
13	128	2
13	129	2
13	135	3
13	138	4
13	139	4
13	143	1
13	144	1
13	145	1
13	146	1
13	147	4
13	148	3
13	149	2
13	150	1
13	151	3
13	153	1
13	164	1
13	169	1
13	170	1
13	171	1
13	172	1
13	174	1
13	175	4
13	178	2
13	180	2
13	181	2
13	182	2
13	183	2
13	184	2
13	188	1
13	189	4
13	194	1
13	195	1
13	196	1
13	201	3
13	202	4
13	203	4
13	205	1
13	206	4
13	207	1
13	209	2
13	211	1
13	212	2
13	213	2
13	214	3
13	215	2
13	216	1
13	217	1
13	221	3
13	227	1
13	228	1
13	229	1
13	230	1
13	231	1
13	232	1
13	233	1
13	234	2
13	235	1
13	236	1
13	237	2
13	238	2
13	239	2
13	240	2
13	241	2
13	247	3
13	248	3
13	251	2
13	252	3
13	253	1
13	254	1
13	255	1
13	256	1
13	257	1
13	258	1
13	259	1
13	260	1
13	261	2
13	262	1
13	263	1
13	264	2
13	267	1
13	268	1
13	269	3
13	270	3
13	271	1
13	272	1
13	274	1
13	275	1
13	276	1
13	277	4
13	279	1
13	280	1
13	281	1
13	282	1
13	283	1
13	289	1
13	293	3
13	295	4
13	296	1
13	297	2
13	299	1
13	301	3
13	302	3
13	303	1
13	306	2
13	309	2
13	310	1
13	311	1
13	312	3
13	313	2
13	314	2
13	315	2
13	316	4
13	317	4
13	318	2
13	320	1
13	324	1
13	327	1
13	328	1
13	330	1
13	333	1
13	338	2
13	339	3
13	340	3
13	352	2
13	353	4
13	354	4
13	355	2
13	357	2
13	363	1
13	365	2
13	367	1
13	368	1
13	371	1
13	375	2
13	376	2
13	377	1
13	378	1
13	379	1
13	380	1
13	383	1
13	384	1
13	385	1
13	386	1
13	387	1
13	388	1
13	397	1
13	398	1
13	401	1
13	404	1
13	410	2
13	412	2
13	418	1
13	419	1
13	420	1
13	421	1
13	422	1
13	425	4
13	426	4
13	427	4
13	431	1
13	442	1
13	443	2
13	445	1
13	446	1
13	452	2
13	455	3
13	456	3
13	457	3
13	458	3
13	459	1
13	460	1
13	469	1
13	470	1
13	473	1
13	474	1
13	479	1
13	482	1
13	489	1
13	490	3
13	491	3
13	492	3
13	493	2
13	494	2
13	498	2
13	503	2
13	507	2
13	510	1
13	511	1
13	513	2
13	518	1
13	519	2
13	521	1
13	525	2
14	15	42
14	16	42
14	17	42
14	18	42
14	19	52
14	20	42
14	21	42
14	37	1
14	40	1
14	41	1
14	42	1
14	43	1
14	44	2
14	45	3
14	46	1
14	52	1
14	54	5
14	55	6
14	56	5
14	62	8
14	67	3
14	68	3
14	69	5
14	70	6
14	71	5
14	72	6
14	73	5
14	74	2
14	77	3
14	78	3
14	79	6
14	80	3
14	81	2
14	82	4
14	83	2
14	84	1
14	85	1
14	86	3
14	87	3
14	88	3
14	89	3
14	90	3
14	91	2
14	92	2
14	93	4
14	94	3
14	95	1
14	96	4
14	98	1
14	100	1
14	102	2
14	103	2
14	104	2
14	111	1
14	112	1
14	113	1
14	114	1
14	115	1
14	116	1
14	118	2
14	120	2
14	121	7
14	122	4
14	123	2
14	124	2
14	125	2
14	126	1
14	127	1
14	128	2
14	129	2
14	135	5
14	138	2
14	139	2
14	141	1
14	142	1
14	143	1
14	144	3
14	145	1
14	146	1
14	147	6
14	148	4
14	149	5
14	151	5
14	152	1
14	153	2
14	155	2
14	156	2
14	157	2
14	158	2
14	164	1
14	165	1
14	166	1
14	167	1
14	168	1
14	169	4
14	170	4
14	171	4
14	172	4
14	174	1
14	175	5
14	177	1
14	178	2
14	179	1
14	180	3
14	188	3
14	189	5
14	190	3
14	194	2
14	195	2
14	196	2
14	197	1
14	198	1
14	199	1
14	200	1
14	201	5
14	202	3
14	203	3
14	206	5
14	207	4
14	211	1
14	212	4
14	213	5
14	214	4
14	215	4
14	216	3
14	221	3
14	223	1
14	224	3
14	225	1
14	227	1
14	232	1
14	233	1
14	234	2
14	235	1
14	236	1
14	237	3
14	238	3
14	239	3
14	240	3
14	241	4
14	242	1
14	243	1
14	247	9
14	248	8
14	249	2
14	251	4
14	252	5
14	253	1
14	254	1
14	255	1
14	256	1
14	257	1
14	258	1
14	259	1
14	260	1
14	261	3
14	262	1
14	263	1
14	264	5
14	265	1
14	266	1
14	267	4
14	268	4
14	269	5
14	270	4
14	271	3
14	272	3
14	273	2
14	274	2
14	277	3
14	278	1
14	279	2
14	280	2
14	281	1
14	282	1
14	283	1
14	284	1
14	287	1
14	288	1
14	290	1
14	292	2
14	293	3
14	295	2
14	296	1
14	297	3
14	298	1
14	299	1
14	301	1
14	302	5
14	303	2
14	306	5
14	309	2
14	310	2
14	313	8
14	314	7
14	315	7
14	316	4
14	317	4
14	318	3
14	320	1
14	322	1
14	323	1
14	324	1
14	327	1
14	328	3
14	330	2
14	333	2
14	338	4
14	339	5
14	340	5
14	349	1
14	350	1
14	351	1
14	353	5
14	354	5
14	355	4
14	356	3
14	357	2
14	358	3
14	364	2
14	365	4
14	366	2
14	367	2
14	368	2
14	369	1
14	370	1
14	371	1
14	373	2
14	374	2
14	375	4
14	376	4
14	377	2
14	378	2
14	379	2
14	380	2
14	389	1
14	390	1
14	397	2
14	398	2
14	399	2
14	400	2
14	401	2
14	402	1
14	403	1
14	404	3
14	407	1
14	410	2
14	411	2
14	412	4
14	413	2
14	414	3
14	415	3
14	416	3
14	418	4
14	419	4
14	420	4
14	421	4
14	422	4
14	425	2
14	426	2
14	427	2
14	436	2
14	437	2
14	438	2
14	442	1
14	443	2
14	444	2
14	445	1
14	446	1
14	452	2
14	455	2
14	456	2
14	457	2
14	458	2
14	459	1
14	460	1
14	469	1
14	470	1
14	471	1
14	472	2
14	473	2
14	474	2
14	483	1
14	487	1
14	488	1
14	489	2
14	490	4
14	491	4
14	492	4
14	493	2
14	494	3
14	496	1
14	499	1
14	501	1
14	502	1
14	503	2
14	506	1
14	507	3
14	510	1
14	511	1
14	513	2
14	518	2
14	519	4
14	520	1
14	521	1
14	525	4
14	531	1
14	532	1
15	16	42
15	17	42
15	18	42
15	19	42
15	20	42
15	21	42
15	37	1
15	40	1
15	41	1
15	42	1
15	43	1
15	44	2
15	45	3
15	46	1
15	52	1
15	54	5
15	55	5
15	56	5
15	62	7
15	67	3
15	68	3
15	69	4
15	70	5
15	71	4
15	72	5
15	73	4
15	74	2
15	77	1
15	78	1
15	79	4
15	80	1
15	81	1
15	82	4
15	83	2
15	84	1
15	85	1
15	86	3
15	87	3
15	88	3
15	89	3
15	90	3
15	91	2
15	92	2
15	93	4
15	94	3
15	95	1
15	96	2
15	98	1
15	100	1
15	102	2
15	103	2
15	104	2
15	111	1
15	112	1
15	113	1
15	114	1
15	115	1
15	116	1
15	118	1
15	120	1
15	121	5
15	122	4
15	123	2
15	124	2
15	125	2
15	126	1
15	127	1
15	128	1
15	129	1
15	135	5
15	138	2
15	139	2
15	141	1
15	142	1
15	143	1
15	144	3
15	145	1
15	146	1
15	147	5
15	148	3
15	149	5
15	151	4
15	153	2
15	155	2
15	156	2
15	157	2
15	158	2
15	164	1
15	165	1
15	166	1
15	167	1
15	168	1
15	169	4
15	170	4
15	171	4
15	172	4
15	174	1
15	175	4
15	177	1
15	178	1
15	179	1
15	180	2
15	188	2
15	189	4
15	190	3
15	194	1
15	195	1
15	196	1
15	197	1
15	198	1
15	199	1
15	200	1
15	201	5
15	202	3
15	203	3
15	206	4
15	207	3
15	211	1
15	212	2
15	213	4
15	214	4
15	215	4
15	216	3
15	221	3
15	223	1
15	224	3
15	225	1
15	227	1
15	232	1
15	233	1
15	234	2
15	235	1
15	236	1
15	237	3
15	238	3
15	239	3
15	240	3
15	241	3
15	242	1
15	243	1
15	247	8
15	248	7
15	249	2
15	251	3
15	252	3
15	261	2
15	264	3
15	265	1
15	266	1
15	267	4
15	268	4
15	269	4
15	270	3
15	271	3
15	272	3
15	273	2
15	274	2
15	277	3
15	278	1
15	279	2
15	280	2
15	281	1
15	282	1
15	283	1
15	284	1
15	287	1
15	290	1
15	292	1
15	293	3
15	295	2
15	296	1
15	297	3
15	298	1
15	299	1
15	301	1
15	302	4
15	303	2
15	306	4
15	309	2
15	310	2
15	313	6
15	314	6
15	315	6
15	316	3
15	317	3
15	318	3
15	320	1
15	322	1
15	323	1
15	324	1
15	327	1
15	328	3
15	330	2
15	333	1
15	338	4
15	339	4
15	340	4
15	349	1
15	350	1
15	351	1
15	353	4
15	354	4
15	355	3
15	356	3
15	357	2
15	358	2
15	364	2
15	365	2
15	366	2
15	367	2
15	368	2
15	369	1
15	370	1
15	371	1
15	373	2
15	374	2
15	375	4
15	376	4
15	377	2
15	378	2
15	379	2
15	380	2
15	389	1
15	390	1
15	397	1
15	398	1
15	399	2
15	400	2
15	401	2
15	404	3
15	407	1
15	410	1
15	411	2
15	412	3
15	413	2
15	414	3
15	415	3
15	416	3
15	418	3
15	419	3
15	420	3
15	421	3
15	422	3
15	425	1
15	426	1
15	427	1
15	436	1
15	437	1
15	438	1
15	442	1
15	443	2
15	444	1
15	445	1
15	452	1
15	455	2
15	456	2
15	457	2
15	458	2
15	459	1
15	460	1
15	469	1
15	471	1
15	472	2
15	473	1
15	474	1
15	483	1
15	487	1
15	488	1
15	489	2
15	490	3
15	491	3
15	492	3
15	493	2
15	494	2
15	496	1
15	499	1
15	501	1
15	502	1
15	503	1
15	506	1
15	507	2
15	510	1
15	511	1
15	513	1
15	518	1
15	519	2
15	520	1
15	521	1
15	525	4
16	17	42
16	18	42
16	19	42
16	20	42
16	21	42
16	37	1
16	40	1
16	41	1
16	42	1
16	43	1
16	44	2
16	45	3
16	46	1
16	52	1
16	54	5
16	55	5
16	56	5
16	62	7
16	67	3
16	68	3
16	69	4
16	70	5
16	71	4
16	72	5
16	73	4
16	74	2
16	77	1
16	78	1
16	79	4
16	80	1
16	81	1
16	82	4
16	83	2
16	84	1
16	85	1
16	86	3
16	87	3
16	88	3
16	89	3
16	90	3
16	91	2
16	92	2
16	93	4
16	94	3
16	95	1
16	96	2
16	98	1
16	100	1
16	102	2
16	103	2
16	104	2
16	111	1
16	112	1
16	113	1
16	114	1
16	115	1
16	116	1
16	118	1
16	120	1
16	121	5
16	122	4
16	123	2
16	124	2
16	125	2
16	126	1
16	127	1
16	128	1
16	129	1
16	135	5
16	138	2
16	139	2
16	141	1
16	142	1
16	143	1
16	144	3
16	145	1
16	146	1
16	147	5
16	148	3
16	149	5
16	151	4
16	153	2
16	155	2
16	156	2
16	157	2
16	158	2
16	164	1
16	165	1
16	166	1
16	167	1
16	168	1
16	169	4
16	170	4
16	171	4
16	172	4
16	174	1
16	175	4
16	177	1
16	178	1
16	179	1
16	180	2
16	188	2
16	189	4
16	190	3
16	194	1
16	195	1
16	196	1
16	197	1
16	198	1
16	199	1
16	200	1
16	201	5
16	202	3
16	203	3
16	206	4
16	207	3
16	211	1
16	212	2
16	213	4
16	214	4
16	215	4
16	216	3
16	221	3
16	223	1
16	224	3
16	225	1
16	227	1
16	232	1
16	233	1
16	234	2
16	235	1
16	236	1
16	237	3
16	238	3
16	239	3
16	240	3
16	241	3
16	242	1
16	243	1
16	247	8
16	248	7
16	249	2
16	251	3
16	252	3
16	261	2
16	264	3
16	265	1
16	266	1
16	267	4
16	268	4
16	269	4
16	270	3
16	271	3
16	272	3
16	273	2
16	274	2
16	277	3
16	278	1
16	279	2
16	280	2
16	281	1
16	282	1
16	283	1
16	284	1
16	287	1
16	290	1
16	292	1
16	293	3
16	295	2
16	296	1
16	297	3
16	298	1
16	299	1
16	301	1
16	302	4
16	303	2
16	306	4
16	309	2
16	310	2
16	313	6
16	314	6
16	315	6
16	316	3
16	317	3
16	318	3
16	320	1
16	322	1
16	323	1
16	324	1
16	327	1
16	328	3
16	330	2
16	333	1
16	338	4
16	339	4
16	340	4
16	349	1
16	350	1
16	351	1
16	353	4
16	354	4
16	355	3
16	356	3
16	357	2
16	358	2
16	364	2
16	365	2
16	366	2
16	367	2
16	368	2
16	369	1
16	370	1
16	371	1
16	373	2
16	374	2
16	375	4
16	376	4
16	377	2
16	378	2
16	379	2
16	380	2
16	389	1
16	390	1
16	397	1
16	398	1
16	399	2
16	400	2
16	401	2
16	404	3
16	407	1
16	410	1
16	411	2
16	412	3
16	413	2
16	414	3
16	415	3
16	416	3
16	418	3
16	419	3
16	420	3
16	421	3
16	422	3
16	425	1
16	426	1
16	427	1
16	436	1
16	437	1
16	438	1
16	442	1
16	443	2
16	444	1
16	445	1
16	452	1
16	455	2
16	456	2
16	457	2
16	458	2
16	459	1
16	460	1
16	469	1
16	471	1
16	472	2
16	473	1
16	474	1
16	483	1
16	487	1
16	488	1
16	489	2
16	490	3
16	491	3
16	492	3
16	493	2
16	494	2
16	496	1
16	499	1
16	501	1
16	502	1
16	503	1
16	506	1
16	507	2
16	510	1
16	511	1
16	513	1
16	518	1
16	519	2
16	520	1
16	521	1
16	525	4
17	18	42
17	19	42
17	20	42
17	21	42
17	37	1
17	40	1
17	41	1
17	42	1
17	43	1
17	44	2
17	45	3
17	46	1
17	52	1
17	54	5
17	55	5
17	56	5
17	62	7
17	67	3
17	68	3
17	69	4
17	70	5
17	71	4
17	72	5
17	73	4
17	74	2
17	77	1
17	78	1
17	79	4
17	80	1
17	81	1
17	82	4
17	83	2
17	84	1
17	85	1
17	86	3
17	87	3
17	88	3
17	89	3
17	90	3
17	91	2
17	92	2
17	93	4
17	94	3
17	95	1
17	96	2
17	98	1
17	100	1
17	102	2
17	103	2
17	104	2
17	111	1
17	112	1
17	113	1
17	114	1
17	115	1
17	116	1
17	118	1
17	120	1
17	121	5
17	122	4
17	123	2
17	124	2
17	125	2
17	126	1
17	127	1
17	128	1
17	129	1
17	135	5
17	138	2
17	139	2
17	141	1
17	142	1
17	143	1
17	144	3
17	145	1
17	146	1
17	147	5
17	148	3
17	149	5
17	151	4
17	153	2
17	155	2
17	156	2
17	157	2
17	158	2
17	164	1
17	165	1
17	166	1
17	167	1
17	168	1
17	169	4
17	170	4
17	171	4
17	172	4
17	174	1
17	175	4
17	177	1
17	178	1
17	179	1
17	180	2
17	188	2
17	189	4
17	190	3
17	194	1
17	195	1
17	196	1
17	197	1
17	198	1
17	199	1
17	200	1
17	201	5
17	202	3
17	203	3
17	206	4
17	207	3
17	211	1
17	212	2
17	213	4
17	214	4
17	215	4
17	216	3
17	221	3
17	223	1
17	224	3
17	225	1
17	227	1
17	232	1
17	233	1
17	234	2
17	235	1
17	236	1
17	237	3
17	238	3
17	239	3
17	240	3
17	241	3
17	242	1
17	243	1
17	247	8
17	248	7
17	249	2
17	251	3
17	252	3
17	261	2
17	264	3
17	265	1
17	266	1
17	267	4
17	268	4
17	269	4
17	270	3
17	271	3
17	272	3
17	273	2
17	274	2
17	277	3
17	278	1
17	279	2
17	280	2
17	281	1
17	282	1
17	283	1
17	284	1
17	287	1
17	290	1
17	292	1
17	293	3
17	295	2
17	296	1
17	297	3
17	298	1
17	299	1
17	301	1
17	302	4
17	303	2
17	306	4
17	309	2
17	310	2
17	313	6
17	314	6
17	315	6
17	316	3
17	317	3
17	318	3
17	320	1
17	322	1
17	323	1
17	324	1
17	327	1
17	328	3
17	330	2
17	333	1
17	338	4
17	339	4
17	340	4
17	349	1
17	350	1
17	351	1
17	353	4
17	354	4
17	355	3
17	356	3
17	357	2
17	358	2
17	364	2
17	365	2
17	366	2
17	367	2
17	368	2
17	369	1
17	370	1
17	371	1
17	373	2
17	374	2
17	375	4
17	376	4
17	377	2
17	378	2
17	379	2
17	380	2
17	389	1
17	390	1
17	397	1
17	398	1
17	399	2
17	400	2
17	401	2
17	404	3
17	407	1
17	410	1
17	411	2
17	412	3
17	413	2
17	414	3
17	415	3
17	416	3
17	418	3
17	419	3
17	420	3
17	421	3
17	422	3
17	425	1
17	426	1
17	427	1
17	436	1
17	437	1
17	438	1
17	442	1
17	443	2
17	444	1
17	445	1
17	452	1
17	455	2
17	456	2
17	457	2
17	458	2
17	459	1
17	460	1
17	469	1
17	471	1
17	472	2
17	473	1
17	474	1
17	483	1
17	487	1
17	488	1
17	489	2
17	490	3
17	491	3
17	492	3
17	493	2
17	494	2
17	496	1
17	499	1
17	501	1
17	502	1
17	503	1
17	506	1
17	507	2
17	510	1
17	511	1
17	513	1
17	518	1
17	519	2
17	520	1
17	521	1
17	525	4
18	19	42
18	20	42
18	21	42
18	22	1
18	23	1
18	24	1
18	25	1
18	26	1
18	27	2
18	28	2
18	29	2
18	31	1
18	32	1
18	33	1
18	34	1
18	35	1
18	37	5
18	38	1
18	40	1
18	41	3
18	42	3
18	43	3
18	44	5
18	45	3
18	46	2
18	52	2
18	53	1
18	54	6
18	55	8
18	56	6
18	57	1
18	58	1
18	59	1
18	62	12
18	67	6
18	68	6
18	69	9
18	70	10
18	71	9
18	72	10
18	73	9
18	74	3
18	77	1
18	78	1
18	79	8
18	80	1
18	81	1
18	82	5
18	83	3
18	84	1
18	85	1
18	86	3
18	87	3
18	88	3
18	89	3
18	90	3
18	91	4
18	92	4
18	93	8
18	94	3
18	95	3
18	96	3
18	98	1
18	100	1
18	101	1
18	102	2
18	103	2
18	104	2
18	111	1
18	112	1
18	113	1
18	114	1
18	115	1
18	116	1
18	118	1
18	120	1
18	121	8
18	122	5
18	123	2
18	124	2
18	125	2
18	126	4
18	127	4
18	128	2
18	129	2
18	130	1
18	131	1
18	132	1
18	133	1
18	135	7
18	138	3
18	139	3
18	140	1
18	141	2
18	142	2
18	143	1
18	144	3
18	145	1
18	146	1
18	147	7
18	148	4
18	149	7
18	150	1
18	151	5
18	152	1
18	153	4
18	155	2
18	156	2
18	157	2
18	158	2
18	164	1
18	165	1
18	166	1
18	167	1
18	168	1
18	169	5
18	170	5
18	171	5
18	172	5
18	174	2
18	175	7
18	177	1
18	178	1
18	179	2
18	180	3
18	181	2
18	182	2
18	183	2
18	184	2
18	188	2
18	189	4
18	190	3
18	191	1
18	192	2
18	193	2
18	194	1
18	195	1
18	196	1
18	197	1
18	198	1
18	199	1
18	200	1
18	201	8
18	202	3
18	203	3
18	206	5
18	207	4
18	210	1
18	211	3
18	212	5
18	213	7
18	214	5
18	215	5
18	216	4
18	217	1
18	219	1
18	221	4
18	223	2
18	224	3
18	225	1
18	226	2
18	227	1
18	232	1
18	233	1
18	234	3
18	235	1
18	236	1
18	237	4
18	238	4
18	239	4
18	240	4
18	241	5
18	242	3
18	243	1
18	244	2
18	247	8
18	248	7
18	249	3
18	250	1
18	251	6
18	252	4
18	253	1
18	254	1
18	255	1
18	256	1
18	257	1
18	258	1
18	259	1
18	260	1
18	261	4
18	262	1
18	263	1
18	264	3
18	265	2
18	266	2
18	267	7
18	268	7
18	269	5
18	270	4
18	271	5
18	272	5
18	273	3
18	274	2
18	277	3
18	278	4
18	279	3
18	280	3
18	281	1
18	282	1
18	283	1
18	284	3
18	285	1
18	286	1
18	287	1
18	290	2
18	292	2
18	293	3
18	295	3
18	296	1
18	297	5
18	298	1
18	299	2
18	301	1
18	302	4
18	303	2
18	305	1
18	306	5
18	309	2
18	310	4
18	312	1
18	313	9
18	314	6
18	315	6
18	316	3
18	317	4
18	318	3
18	320	1
18	322	1
18	323	1
18	324	1
18	327	1
18	328	3
18	330	3
18	333	2
18	338	7
18	339	5
18	340	5
18	349	2
18	350	2
18	351	2
18	352	1
18	353	4
18	354	4
18	355	3
18	356	3
18	357	2
18	358	2
18	364	2
18	365	3
18	366	2
18	367	4
18	368	4
18	369	2
18	370	2
18	371	1
18	372	1
18	373	3
18	374	3
18	375	5
18	376	5
18	377	2
18	378	2
18	379	2
18	380	2
18	383	1
18	384	1
18	389	1
18	390	1
18	397	1
18	398	1
18	399	3
18	400	3
18	401	3
18	404	3
18	407	1
18	410	3
18	411	2
18	412	3
18	413	2
18	414	5
18	415	5
18	416	5
18	418	3
18	419	5
18	420	3
18	421	3
18	422	3
18	425	1
18	426	1
18	427	1
18	429	1
18	430	1
18	436	1
18	437	1
18	438	1
18	439	1
18	442	1
18	443	2
18	444	3
18	445	1
18	452	1
18	454	1
18	455	2
18	456	2
18	457	2
18	458	2
18	459	2
18	460	2
18	461	1
18	462	1
18	463	1
18	464	1
18	469	1
18	471	1
18	472	3
18	473	1
18	474	1
18	481	3
18	483	1
18	487	1
18	488	1
18	489	3
18	490	4
18	491	4
18	492	4
18	493	2
18	494	3
18	496	1
18	497	1
18	499	38
18	501	1
18	502	1
18	503	1
18	506	1
18	507	3
18	510	1
18	511	1
18	512	1
18	513	1
18	514	1
18	515	1
18	518	2
18	519	3
18	520	1
18	521	1
18	525	4
18	526	2
18	528	1
18	529	1
18	531	1
18	532	1
19	20	42
19	21	42
19	37	1
19	40	1
19	41	1
19	42	1
19	43	1
19	44	2
19	45	3
19	46	1
19	52	1
19	54	5
19	55	6
19	56	5
19	62	8
19	67	3
19	68	3
19	69	5
19	70	6
19	71	5
19	72	6
19	73	5
19	74	2
19	77	3
19	78	3
19	79	6
19	80	3
19	81	2
19	82	4
19	83	2
19	84	1
19	85	1
19	86	3
19	87	3
19	88	3
19	89	3
19	90	3
19	91	2
19	92	2
19	93	4
19	94	3
19	95	1
19	96	4
19	98	1
19	100	1
19	102	2
19	103	2
19	104	2
19	111	1
19	112	1
19	113	1
19	114	1
19	115	1
19	116	1
19	118	2
19	120	2
19	121	7
19	122	4
19	123	2
19	124	2
19	125	2
19	126	1
19	127	1
19	128	2
19	129	2
19	135	5
19	138	2
19	139	2
19	141	1
19	142	1
19	143	1
19	144	3
19	145	1
19	146	1
19	147	6
19	148	4
19	149	5
19	151	5
19	152	1
19	153	2
19	155	2
19	156	2
19	157	2
19	158	2
19	164	1
19	165	1
19	166	1
19	167	1
19	168	1
19	169	4
19	170	4
19	171	4
19	172	4
19	174	1
19	175	5
19	177	1
19	178	2
19	179	1
19	180	3
19	188	3
19	189	5
19	190	3
19	194	2
19	195	2
19	196	2
19	197	1
19	198	1
19	199	1
19	200	1
19	201	5
19	202	3
19	203	3
19	206	5
19	207	4
19	211	1
19	212	4
19	213	5
19	214	4
19	215	4
19	216	3
19	221	3
19	223	1
19	224	3
19	225	1
19	227	1
19	232	1
19	233	1
19	234	2
19	235	1
19	236	1
19	237	3
19	238	3
19	239	3
19	240	3
19	241	4
19	242	1
19	243	1
19	247	9
19	248	8
19	249	2
19	251	4
19	252	5
19	253	1
19	254	1
19	255	1
19	256	1
19	257	1
19	258	1
19	259	1
19	260	1
19	261	3
19	262	1
19	263	1
19	264	5
19	265	1
19	266	1
19	267	4
19	268	4
19	269	5
19	270	4
19	271	3
19	272	3
19	273	2
19	274	2
19	277	3
19	278	1
19	279	2
19	280	2
19	281	1
19	282	1
19	283	1
19	284	1
19	287	1
19	288	1
19	290	1
19	292	2
19	293	3
19	295	2
19	296	1
19	297	3
19	298	1
19	299	1
19	301	1
19	302	5
19	303	2
19	306	5
19	309	2
19	310	2
19	313	8
19	314	7
19	315	7
19	316	4
19	317	4
19	318	3
19	320	1
19	322	1
19	323	1
19	324	1
19	327	1
19	328	3
19	330	2
19	333	2
19	338	4
19	339	5
19	340	5
19	349	1
19	350	1
19	351	1
19	353	5
19	354	5
19	355	4
19	356	3
19	357	2
19	358	3
19	364	2
19	365	4
19	366	2
19	367	2
19	368	2
19	369	1
19	370	1
19	371	1
19	373	2
19	374	2
19	375	4
19	376	4
19	377	2
19	378	2
19	379	2
19	380	2
19	389	1
19	390	1
19	397	2
19	398	2
19	399	2
19	400	2
19	401	2
19	402	1
19	403	1
19	404	3
19	407	1
19	410	2
19	411	2
19	412	4
19	413	2
19	414	3
19	415	3
19	416	3
19	418	4
19	419	4
19	420	4
19	421	4
19	422	4
19	425	2
19	426	2
19	427	2
19	436	2
19	437	2
19	438	2
19	442	1
19	443	2
19	444	2
19	445	1
19	446	1
19	452	2
19	455	2
19	456	2
19	457	2
19	458	2
19	459	1
19	460	1
19	469	1
19	470	1
19	471	1
19	472	2
19	473	2
19	474	2
19	483	1
19	487	1
19	488	1
19	489	2
19	490	4
19	491	4
19	492	4
19	493	2
19	494	3
19	496	1
19	499	1
19	501	1
19	502	1
19	503	2
19	506	1
19	507	3
19	510	1
19	511	1
19	513	2
19	518	2
19	519	4
19	520	1
19	521	1
19	525	4
19	531	1
19	532	1
20	21	42
20	37	1
20	40	1
20	41	1
20	42	1
20	43	1
20	44	2
20	45	3
20	46	1
20	52	1
20	54	5
20	55	5
20	56	5
20	62	7
20	67	3
20	68	3
20	69	4
20	70	5
20	71	4
20	72	5
20	73	4
20	74	2
20	77	1
20	78	1
20	79	4
20	80	1
20	81	1
20	82	4
20	83	2
20	84	1
20	85	1
20	86	3
20	87	3
20	88	3
20	89	3
20	90	3
20	91	2
20	92	2
20	93	4
20	94	3
20	95	1
20	96	2
20	98	1
20	100	1
20	102	2
20	103	2
20	104	2
20	111	1
20	112	1
20	113	1
20	114	1
20	115	1
20	116	1
20	118	1
20	120	1
20	121	5
20	122	4
20	123	2
20	124	2
20	125	2
20	126	1
20	127	1
20	128	1
20	129	1
20	135	5
20	138	2
20	139	2
20	141	1
20	142	1
20	143	1
20	144	3
20	145	1
20	146	1
20	147	5
20	148	3
20	149	5
20	151	4
20	153	2
20	155	2
20	156	2
20	157	2
20	158	2
20	164	1
20	165	1
20	166	1
20	167	1
20	168	1
20	169	4
20	170	4
20	171	4
20	172	4
20	174	1
20	175	4
20	177	1
20	178	1
20	179	1
20	180	2
20	188	2
20	189	4
20	190	3
20	194	1
20	195	1
20	196	1
20	197	1
20	198	1
20	199	1
20	200	1
20	201	5
20	202	3
20	203	3
20	206	4
20	207	3
20	211	1
20	212	2
20	213	4
20	214	4
20	215	4
20	216	3
20	221	3
20	223	1
20	224	3
20	225	1
20	227	1
20	232	1
20	233	1
20	234	2
20	235	1
20	236	1
20	237	3
20	238	3
20	239	3
20	240	3
20	241	3
20	242	1
20	243	1
20	247	8
20	248	7
20	249	2
20	251	3
20	252	3
20	261	2
20	264	3
20	265	1
20	266	1
20	267	4
20	268	4
20	269	4
20	270	3
20	271	3
20	272	3
20	273	2
20	274	2
20	277	3
20	278	1
20	279	2
20	280	2
20	281	1
20	282	1
20	283	1
20	284	1
20	287	1
20	290	1
20	292	1
20	293	3
20	295	2
20	296	1
20	297	3
20	298	1
20	299	1
20	301	1
20	302	4
20	303	2
20	306	4
20	309	2
20	310	2
20	313	6
20	314	6
20	315	6
20	316	3
20	317	3
20	318	3
20	320	1
20	322	1
20	323	1
20	324	1
20	327	1
20	328	3
20	330	2
20	333	1
20	338	4
20	339	4
20	340	4
20	349	1
20	350	1
20	351	1
20	353	4
20	354	4
20	355	3
20	356	3
20	357	2
20	358	2
20	364	2
20	365	2
20	366	2
20	367	2
20	368	2
20	369	1
20	370	1
20	371	1
20	373	2
20	374	2
20	375	4
20	376	4
20	377	2
20	378	2
20	379	2
20	380	2
20	389	1
20	390	1
20	397	1
20	398	1
20	399	2
20	400	2
20	401	2
20	404	3
20	407	1
20	410	1
20	411	2
20	412	3
20	413	2
20	414	3
20	415	3
20	416	3
20	418	3
20	419	3
20	420	3
20	421	3
20	422	3
20	425	1
20	426	1
20	427	1
20	436	1
20	437	1
20	438	1
20	442	1
20	443	2
20	444	1
20	445	1
20	452	1
20	455	2
20	456	2
20	457	2
20	458	2
20	459	1
20	460	1
20	469	1
20	471	1
20	472	2
20	473	1
20	474	1
20	483	1
20	487	1
20	488	1
20	489	2
20	490	3
20	491	3
20	492	3
20	493	2
20	494	2
20	496	1
20	499	1
20	501	1
20	502	1
20	503	1
20	506	1
20	507	2
20	510	1
20	511	1
20	513	1
20	518	1
20	519	2
20	520	1
20	521	1
20	525	4
21	37	1
21	40	1
21	41	1
21	42	1
21	43	1
21	44	2
21	45	3
21	46	1
21	52	1
21	54	5
21	55	5
21	56	5
21	62	7
21	67	3
21	68	3
21	69	4
21	70	5
21	71	4
21	72	5
21	73	4
21	74	2
21	77	1
21	78	1
21	79	4
21	80	1
21	81	1
21	82	4
21	83	2
21	84	1
21	85	1
21	86	3
21	87	3
21	88	3
21	89	3
21	90	3
21	91	2
21	92	2
21	93	4
21	94	3
21	95	1
21	96	2
21	98	1
21	100	1
21	102	2
21	103	2
21	104	2
21	111	1
21	112	1
21	113	1
21	114	1
21	115	1
21	116	1
21	118	1
21	120	1
21	121	5
21	122	4
21	123	2
21	124	2
21	125	2
21	126	1
21	127	1
21	128	1
21	129	1
21	135	5
21	138	2
21	139	2
21	141	1
21	142	1
21	143	1
21	144	3
21	145	1
21	146	1
21	147	5
21	148	3
21	149	5
21	151	4
21	153	2
21	155	2
21	156	2
21	157	2
21	158	2
21	164	1
21	165	1
21	166	1
21	167	1
21	168	1
21	169	4
21	170	4
21	171	4
21	172	4
21	174	1
21	175	4
21	177	1
21	178	1
21	179	1
21	180	2
21	188	2
21	189	4
21	190	3
21	194	1
21	195	1
21	196	1
21	197	1
21	198	1
21	199	1
21	200	1
21	201	5
21	202	3
21	203	3
21	206	4
21	207	3
21	211	1
21	212	2
21	213	4
21	214	4
21	215	4
21	216	3
21	221	3
21	223	1
21	224	3
21	225	1
21	227	1
21	232	1
21	233	1
21	234	2
21	235	1
21	236	1
21	237	3
21	238	3
21	239	3
21	240	3
21	241	3
21	242	1
21	243	1
21	247	8
21	248	7
21	249	2
21	251	3
21	252	3
21	261	2
21	264	3
21	265	1
21	266	1
21	267	4
21	268	4
21	269	4
21	270	3
21	271	3
21	272	3
21	273	2
21	274	2
21	277	3
21	278	1
21	279	2
21	280	2
21	281	1
21	282	1
21	283	1
21	284	1
21	287	1
21	290	1
21	292	1
21	293	3
21	295	2
21	296	1
21	297	3
21	298	1
21	299	1
21	301	1
21	302	4
21	303	2
21	306	4
21	309	2
21	310	2
21	313	6
21	314	6
21	315	6
21	316	3
21	317	3
21	318	3
21	320	1
21	322	1
21	323	1
21	324	1
21	327	1
21	328	3
21	330	2
21	333	1
21	338	4
21	339	4
21	340	4
21	349	1
21	350	1
21	351	1
21	353	4
21	354	4
21	355	3
21	356	3
21	357	2
21	358	2
21	364	2
21	365	2
21	366	2
21	367	2
21	368	2
21	369	1
21	370	1
21	371	1
21	373	2
21	374	2
21	375	4
21	376	4
21	377	2
21	378	2
21	379	2
21	380	2
21	389	1
21	390	1
21	397	1
21	398	1
21	399	2
21	400	2
21	401	2
21	404	3
21	407	1
21	410	1
21	411	2
21	412	3
21	413	2
21	414	3
21	415	3
21	416	3
21	418	3
21	419	3
21	420	3
21	421	3
21	422	3
21	425	1
21	426	1
21	427	1
21	436	1
21	437	1
21	438	1
21	442	1
21	443	2
21	444	1
21	445	1
21	452	1
21	455	2
21	456	2
21	457	2
21	458	2
21	459	1
21	460	1
21	469	1
21	471	1
21	472	2
21	473	1
21	474	1
21	483	1
21	487	1
21	488	1
21	489	2
21	490	3
21	491	3
21	492	3
21	493	2
21	494	2
21	496	1
21	499	1
21	501	1
21	502	1
21	503	1
21	506	1
21	507	2
21	510	1
21	511	1
21	513	1
21	518	1
21	519	2
21	520	1
21	521	1
21	525	4
22	23	47
22	24	47
22	25	47
22	26	47
22	31	1
22	32	1
22	33	1
22	34	1
22	35	1
22	40	1
22	41	2
22	44	1
22	46	2
22	57	1
22	58	1
22	59	1
22	62	2
22	67	1
22	68	1
22	69	1
22	70	1
22	71	1
22	72	1
22	73	1
22	74	1
22	79	2
22	82	1
22	83	1
22	93	1
22	95	1
22	101	1
22	121	1
22	126	1
22	127	1
22	128	1
22	129	1
22	130	1
22	131	1
22	132	1
22	133	1
22	137	1
22	140	1
22	143	1
22	144	1
22	145	1
22	146	1
22	147	1
22	148	1
22	150	1
22	175	1
22	180	1
22	185	1
22	186	1
22	187	1
22	188	1
22	189	2
22	190	1
22	192	1
22	193	1
22	206	1
22	207	1
22	210	1
22	211	1
22	212	1
22	213	1
22	214	1
22	219	1
22	221	1
22	247	1
22	248	1
22	251	1
22	252	1
22	253	1
22	254	1
22	255	1
22	256	1
22	257	1
22	258	1
22	259	1
22	260	1
22	261	1
22	262	1
22	263	1
22	265	2
22	266	2
22	267	1
22	268	1
22	270	2
22	271	1
22	272	1
22	273	1
22	278	1
22	284	1
22	290	1
22	300	1
22	302	1
22	312	1
22	313	2
22	314	1
22	315	1
22	316	1
22	317	1
22	330	1
22	333	1
22	341	1
22	342	1
22	343	1
22	344	1
22	345	1
22	352	2
22	363	1
22	365	1
22	367	1
22	368	1
22	370	1
22	372	1
22	375	1
22	376	1
22	399	2
22	400	2
22	404	1
22	410	3
22	412	1
22	414	2
22	415	2
22	416	2
22	418	1
22	419	2
22	420	1
22	421	1
22	422	1
22	439	1
22	444	1
22	447	1
22	461	1
22	462	1
22	463	1
22	464	1
22	473	1
22	474	1
22	482	1
22	484	1
22	494	1
22	499	1
22	507	1
22	518	1
22	519	1
22	522	1
22	528	3
22	529	3
23	24	47
23	25	47
23	26	47
23	31	1
23	32	1
23	33	1
23	34	1
23	35	1
23	40	1
23	41	2
23	44	1
23	46	2
23	57	1
23	58	1
23	59	1
23	62	2
23	67	1
23	68	1
23	69	1
23	70	1
23	71	1
23	72	1
23	73	1
23	74	1
23	79	2
23	82	1
23	83	1
23	93	1
23	95	1
23	101	1
23	121	1
23	126	1
23	127	1
23	128	1
23	129	1
23	130	1
23	131	1
23	132	1
23	133	1
23	137	1
23	140	1
23	143	1
23	144	1
23	145	1
23	146	1
23	147	1
23	148	1
23	150	1
23	175	1
23	180	1
23	185	1
23	186	1
23	187	1
23	188	1
23	189	2
23	190	1
23	192	1
23	193	1
23	206	1
23	207	1
23	210	1
23	211	1
23	212	1
23	213	1
23	214	1
23	219	1
23	221	1
23	247	1
23	248	1
23	251	1
23	252	1
23	253	1
23	254	1
23	255	1
23	256	1
23	257	1
23	258	1
23	259	1
23	260	1
23	261	1
23	262	1
23	263	1
23	265	2
23	266	2
23	267	1
23	268	1
23	270	2
23	271	1
23	272	1
23	273	1
23	278	1
23	284	1
23	290	1
23	300	1
23	302	1
23	312	1
23	313	2
23	314	1
23	315	1
23	316	1
23	317	1
23	330	1
23	333	1
23	341	1
23	342	1
23	343	1
23	344	1
23	345	1
23	352	2
23	363	1
23	365	1
23	367	1
23	368	1
23	370	1
23	372	1
23	375	1
23	376	1
23	399	2
23	400	2
23	404	1
23	410	3
23	412	1
23	414	2
23	415	2
23	416	2
23	418	1
23	419	2
23	420	1
23	421	1
23	422	1
23	439	1
23	444	1
23	447	1
23	461	1
23	462	1
23	463	1
23	464	1
23	473	1
23	474	1
23	482	1
23	484	1
23	494	1
23	499	1
23	507	1
23	518	1
23	519	1
23	522	1
23	528	3
23	529	3
24	25	47
24	26	47
24	31	1
24	32	1
24	33	1
24	34	1
24	35	1
24	40	1
24	41	2
24	44	1
24	46	2
24	57	1
24	58	1
24	59	1
24	62	2
24	67	1
24	68	1
24	69	1
24	70	1
24	71	1
24	72	1
24	73	1
24	74	1
24	79	2
24	82	1
24	83	1
24	93	1
24	95	1
24	101	1
24	121	1
24	126	1
24	127	1
24	128	1
24	129	1
24	130	1
24	131	1
24	132	1
24	133	1
24	137	1
24	140	1
24	143	1
24	144	1
24	145	1
24	146	1
24	147	1
24	148	1
24	150	1
24	175	1
24	180	1
24	185	1
24	186	1
24	187	1
24	188	1
24	189	2
24	190	1
24	192	1
24	193	1
24	206	1
24	207	1
24	210	1
24	211	1
24	212	1
24	213	1
24	214	1
24	219	1
24	221	1
24	247	1
24	248	1
24	251	1
24	252	1
24	253	1
24	254	1
24	255	1
24	256	1
24	257	1
24	258	1
24	259	1
24	260	1
24	261	1
24	262	1
24	263	1
24	265	2
24	266	2
24	267	1
24	268	1
24	270	2
24	271	1
24	272	1
24	273	1
24	278	1
24	284	1
24	290	1
24	300	1
24	302	1
24	312	1
24	313	2
24	314	1
24	315	1
24	316	1
24	317	1
24	330	1
24	333	1
24	341	1
24	342	1
24	343	1
24	344	1
24	345	1
24	352	2
24	363	1
24	365	1
24	367	1
24	368	1
24	370	1
24	372	1
24	375	1
24	376	1
24	399	2
24	400	2
24	404	1
24	410	3
24	412	1
24	414	2
24	415	2
24	416	2
24	418	1
24	419	2
24	420	1
24	421	1
24	422	1
24	439	1
24	444	1
24	447	1
24	461	1
24	462	1
24	463	1
24	464	1
24	473	1
24	474	1
24	482	1
24	484	1
24	494	1
24	499	1
24	507	1
24	518	1
24	519	1
24	522	1
24	528	3
24	529	3
25	26	47
25	31	1
25	32	1
25	33	1
25	34	1
25	35	1
25	40	1
25	41	2
25	44	1
25	46	2
25	57	1
25	58	1
25	59	1
25	62	2
25	67	1
25	68	1
25	69	1
25	70	1
25	71	1
25	72	1
25	73	1
25	74	1
25	79	2
25	82	1
25	83	1
25	93	1
25	95	1
25	101	1
25	121	1
25	126	1
25	127	1
25	128	1
25	129	1
25	130	1
25	131	1
25	132	1
25	133	1
25	137	1
25	140	1
25	143	1
25	144	1
25	145	1
25	146	1
25	147	1
25	148	1
25	150	1
25	175	1
25	180	1
25	185	1
25	186	1
25	187	1
25	188	1
25	189	2
25	190	1
25	192	1
25	193	1
25	206	1
25	207	1
25	210	1
25	211	1
25	212	1
25	213	1
25	214	1
25	219	1
25	221	1
25	247	1
25	248	1
25	251	1
25	252	1
25	253	1
25	254	1
25	255	1
25	256	1
25	257	1
25	258	1
25	259	1
25	260	1
25	261	1
25	262	1
25	263	1
25	265	2
25	266	2
25	267	1
25	268	1
25	270	2
25	271	1
25	272	1
25	273	1
25	278	1
25	284	1
25	290	1
25	300	1
25	302	1
25	312	1
25	313	2
25	314	1
25	315	1
25	316	1
25	317	1
25	330	1
25	333	1
25	341	1
25	342	1
25	343	1
25	344	1
25	345	1
25	352	2
25	363	1
25	365	1
25	367	1
25	368	1
25	370	1
25	372	1
25	375	1
25	376	1
25	399	2
25	400	2
25	404	1
25	410	3
25	412	1
25	414	2
25	415	2
25	416	2
25	418	1
25	419	2
25	420	1
25	421	1
25	422	1
25	439	1
25	444	1
25	447	1
25	461	1
25	462	1
25	463	1
25	464	1
25	473	1
25	474	1
25	482	1
25	484	1
25	494	1
25	499	1
25	507	1
25	518	1
25	519	1
25	522	1
25	528	3
25	529	3
26	31	1
26	32	1
26	33	1
26	34	1
26	35	1
26	40	1
26	41	2
26	44	1
26	46	2
26	57	1
26	58	1
26	59	1
26	62	2
26	67	1
26	68	1
26	69	1
26	70	1
26	71	1
26	72	1
26	73	1
26	74	1
26	79	2
26	82	1
26	83	1
26	93	1
26	95	1
26	101	1
26	121	1
26	126	1
26	127	1
26	128	1
26	129	1
26	130	1
26	131	1
26	132	1
26	133	1
26	137	1
26	140	1
26	143	1
26	144	1
26	145	1
26	146	1
26	147	1
26	148	1
26	150	1
26	175	1
26	180	1
26	185	1
26	186	1
26	187	1
26	188	1
26	189	2
26	190	1
26	192	1
26	193	1
26	206	1
26	207	1
26	210	1
26	211	1
26	212	1
26	213	1
26	214	1
26	219	1
26	221	1
26	247	1
26	248	1
26	251	1
26	252	1
26	253	1
26	254	1
26	255	1
26	256	1
26	257	1
26	258	1
26	259	1
26	260	1
26	261	1
26	262	1
26	263	1
26	265	2
26	266	2
26	267	1
26	268	1
26	270	2
26	271	1
26	272	1
26	273	1
26	278	1
26	284	1
26	290	1
26	300	1
26	302	1
26	312	1
26	313	2
26	314	1
26	315	1
26	316	1
26	317	1
26	330	1
26	333	1
26	341	1
26	342	1
26	343	1
26	344	1
26	345	1
26	352	2
26	363	1
26	365	1
26	367	1
26	368	1
26	370	1
26	372	1
26	375	1
26	376	1
26	399	2
26	400	2
26	404	1
26	410	3
26	412	1
26	414	2
26	415	2
26	416	2
26	418	1
26	419	2
26	420	1
26	421	1
26	422	1
26	439	1
26	444	1
26	447	1
26	461	1
26	462	1
26	463	1
26	464	1
26	473	1
26	474	1
26	482	1
26	484	1
26	494	1
26	499	1
26	507	1
26	518	1
26	519	1
26	522	1
26	528	3
26	529	3
27	28	27
27	29	27
27	37	1
27	42	2
27	43	2
27	44	2
27	52	1
27	53	1
27	55	1
27	62	4
27	69	2
27	70	2
27	71	2
27	72	4
27	73	2
27	74	2
27	79	1
27	83	1
27	96	1
27	100	2
27	101	1
27	114	1
27	115	1
27	116	1
27	121	3
27	128	1
27	129	1
27	130	1
27	131	1
27	132	1
27	133	1
27	134	2
27	135	2
27	148	1
27	149	1
27	153	1
27	169	1
27	170	1
27	171	1
27	172	1
27	174	2
27	175	2
27	179	1
27	180	1
27	181	1
27	182	1
27	183	1
27	184	1
27	191	1
27	201	2
27	206	2
27	212	1
27	216	1
27	218	1
27	219	1
27	221	1
27	222	1
27	223	2
27	234	1
27	237	1
27	238	1
27	239	1
27	240	1
27	241	1
27	242	1
27	247	2
27	248	1
27	267	1
27	268	1
27	269	1
27	270	1
27	271	1
27	272	1
27	278	3
27	290	2
27	292	1
27	295	2
27	299	1
27	302	1
27	305	2
27	313	1
27	318	1
27	325	1
27	326	1
27	327	1
27	328	1
27	330	1
27	338	2
27	349	1
27	350	1
27	351	1
27	355	1
27	356	1
27	357	3
27	358	1
27	364	1
27	365	1
27	367	1
27	368	1
27	369	2
27	370	2
27	373	1
27	374	1
27	383	1
27	384	1
27	399	1
27	400	1
27	404	1
27	410	2
27	431	1
27	454	1
27	459	2
27	460	2
27	472	1
27	497	1
27	510	1
27	511	1
27	513	1
27	519	1
27	524	1
27	531	1
27	532	1
28	29	27
28	37	1
28	42	2
28	43	2
28	44	2
28	52	1
28	53	1
28	55	1
28	62	4
28	69	2
28	70	2
28	71	2
28	72	4
28	73	2
28	74	2
28	79	1
28	83	1
28	96	1
28	100	2
28	101	1
28	114	1
28	115	1
28	116	1
28	121	3
28	128	1
28	129	1
28	130	1
28	131	1
28	132	1
28	133	1
28	134	2
28	135	2
28	148	1
28	149	1
28	153	1
28	169	1
28	170	1
28	171	1
28	172	1
28	174	2
28	175	2
28	179	1
28	180	1
28	181	1
28	182	1
28	183	1
28	184	1
28	191	1
28	201	2
28	206	2
28	212	1
28	216	1
28	218	1
28	219	1
28	221	1
28	222	1
28	223	2
28	234	1
28	237	1
28	238	1
28	239	1
28	240	1
28	241	1
28	242	1
28	247	2
28	248	1
28	267	1
28	268	1
28	269	1
28	270	1
28	271	1
28	272	1
28	278	3
28	290	2
28	292	1
28	295	2
28	299	1
28	302	1
28	305	2
28	313	1
28	318	1
28	325	1
28	326	1
28	327	1
28	328	1
28	330	1
28	338	2
28	349	1
28	350	1
28	351	1
28	355	1
28	356	1
28	357	3
28	358	1
28	364	1
28	365	1
28	367	1
28	368	1
28	369	2
28	370	2
28	373	1
28	374	1
28	383	1
28	384	1
28	399	1
28	400	1
28	404	1
28	410	2
28	431	1
28	454	1
28	459	2
28	460	2
28	472	1
28	497	1
28	510	1
28	511	1
28	513	1
28	519	1
28	524	1
28	531	1
28	532	1
29	37	1
29	42	2
29	43	2
29	44	2
29	52	1
29	53	1
29	55	1
29	62	4
29	69	2
29	70	2
29	71	2
29	72	4
29	73	2
29	74	2
29	79	1
29	83	1
29	96	1
29	100	2
29	101	1
29	114	1
29	115	1
29	116	1
29	121	3
29	128	1
29	129	1
29	130	1
29	131	1
29	132	1
29	133	1
29	134	2
29	135	2
29	148	1
29	149	1
29	153	1
29	169	1
29	170	1
29	171	1
29	172	1
29	174	2
29	175	2
29	179	1
29	180	1
29	181	1
29	182	1
29	183	1
29	184	1
29	191	1
29	201	2
29	206	2
29	212	1
29	216	1
29	218	1
29	219	1
29	221	1
29	222	1
29	223	2
29	234	1
29	237	1
29	238	1
29	239	1
29	240	1
29	241	1
29	242	1
29	247	2
29	248	1
29	267	1
29	268	1
29	269	1
29	270	1
29	271	1
29	272	1
29	278	3
29	290	2
29	292	1
29	295	2
29	299	1
29	302	1
29	305	2
29	313	1
29	318	1
29	325	1
29	326	1
29	327	1
29	328	1
29	330	1
29	338	2
29	349	1
29	350	1
29	351	1
29	355	1
29	356	1
29	357	3
29	358	1
29	364	1
29	365	1
29	367	1
29	368	1
29	369	2
29	370	2
29	373	1
29	374	1
29	383	1
29	384	1
29	399	1
29	400	1
29	404	1
29	410	2
29	431	1
29	454	1
29	459	2
29	460	2
29	472	1
29	497	1
29	510	1
29	511	1
29	513	1
29	519	1
29	524	1
29	531	1
29	532	1
30	41	2
30	45	2
30	52	5
30	53	4
30	54	2
30	55	2
30	56	2
30	62	1
30	63	1
30	97	1
30	98	2
30	99	1
30	110	1
30	111	2
30	112	2
30	113	2
30	117	1
30	118	2
30	119	1
30	121	1
30	122	1
30	130	1
30	131	1
30	132	1
30	133	1
30	135	1
30	140	1
30	141	1
30	142	1
30	147	1
30	148	5
30	149	1
30	151	1
30	159	1
30	160	1
30	161	1
30	169	1
30	170	1
30	171	1
30	172	1
30	175	1
30	177	1
30	178	2
30	180	2
30	189	2
30	190	1
30	205	1
30	220	1
30	227	2
30	252	2
30	261	1
30	267	1
30	268	1
30	269	1
30	281	1
30	282	1
30	283	1
30	289	1
30	294	1
30	295	2
30	299	3
30	301	2
30	304	1
30	306	1
30	309	1
30	312	1
30	316	2
30	317	2
30	318	1
30	338	2
30	339	1
30	340	1
30	357	1
30	363	1
30	365	1
30	401	1
30	404	1
30	407	1
30	425	1
30	426	1
30	427	1
30	428	1
30	439	1
30	455	2
30	456	2
30	457	2
30	458	2
30	459	1
30	460	1
30	479	1
30	493	1
30	494	1
30	507	1
30	513	1
30	519	1
30	524	1
30	525	1
31	32	20
31	33	20
31	34	20
31	35	20
31	41	3
31	42	2
31	43	2
31	44	2
31	54	1
31	55	1
31	56	1
31	57	19
31	58	19
31	59	19
31	62	4
31	67	1
31	68	1
31	69	2
31	70	3
31	71	2
31	72	2
31	73	2
31	74	5
31	75	1
31	76	1
31	79	1
31	81	1
31	82	2
31	83	3
31	86	1
31	87	1
31	88	1
31	89	1
31	90	1
31	91	1
31	92	3
31	93	3
31	95	2
31	100	3
31	101	1
31	110	2
31	114	1
31	118	1
31	120	2
31	121	1
31	122	1
31	126	1
31	127	3
31	134	2
31	135	1
31	138	2
31	139	2
31	140	1
31	141	1
31	142	1
31	150	2
31	153	3
31	154	1
31	172	1
31	173	1
31	178	1
31	179	3
31	180	1
31	188	1
31	189	1
31	201	1
31	202	1
31	203	1
31	207	1
31	210	2
31	211	4
31	212	4
31	213	4
31	214	1
31	221	1
31	235	1
31	241	2
31	242	1
31	244	1
31	247	3
31	248	2
31	252	3
31	253	1
31	254	1
31	255	1
31	256	1
31	257	1
31	258	1
31	259	1
31	260	1
31	261	1
31	262	1
31	263	1
31	264	1
31	270	1
31	271	4
31	272	4
31	273	2
31	278	2
31	284	2
31	289	1
31	292	1
31	302	2
31	303	1
31	305	1
31	306	2
31	307	2
31	310	1
31	312	1
31	313	3
31	314	2
31	315	2
31	316	1
31	317	1
31	320	1
31	322	1
31	323	1
31	333	2
31	349	1
31	350	1
31	351	1
31	352	2
31	356	1
31	357	1
31	358	3
31	365	2
31	366	1
31	371	2
31	372	1
31	389	2
31	399	1
31	400	1
31	404	1
31	406	1
31	410	1
31	412	2
31	414	2
31	415	2
31	416	2
31	419	1
31	431	1
31	439	2
31	444	1
31	449	1
31	454	1
31	475	1
31	476	1
31	477	1
31	482	1
31	493	2
31	494	1
31	499	1
31	500	1
31	501	1
31	502	1
31	503	1
31	507	1
31	518	1
31	519	2
31	528	1
31	529	1
32	33	20
32	34	20
32	35	20
32	41	2
32	57	6
32	58	6
32	59	6
32	62	4
32	67	1
32	68	1
32	69	2
32	70	2
32	71	2
32	72	2
32	73	2
32	74	4
32	79	1
32	82	2
32	83	3
32	86	1
32	87	1
32	88	1
32	89	1
32	90	1
32	92	2
32	93	2
32	95	2
32	100	3
32	101	1
32	120	1
32	126	1
32	127	1
32	134	2
32	140	1
32	150	2
32	153	1
32	154	1
32	179	2
32	180	1
32	188	1
32	189	1
32	207	1
32	210	1
32	211	3
32	212	3
32	213	3
32	214	1
32	221	1
32	235	1
32	241	1
32	244	1
32	247	1
32	252	2
32	253	1
32	254	1
32	255	1
32	256	1
32	257	1
32	258	1
32	259	1
32	260	1
32	261	1
32	262	1
32	263	1
32	271	2
32	272	2
32	273	1
32	278	2
32	284	1
32	302	1
32	306	1
32	310	1
32	312	1
32	313	1
32	320	1
32	322	1
32	323	1
32	333	2
32	352	2
32	356	1
32	357	1
32	358	1
32	365	1
32	372	1
32	389	1
32	410	1
32	412	1
32	414	2
32	415	2
32	416	2
32	419	1
32	431	1
32	439	2
32	444	1
32	482	1
32	493	1
32	499	1
32	501	1
32	502	1
32	503	1
32	507	1
32	518	1
32	519	1
32	528	1
32	529	1
33	34	20
33	35	20
33	41	2
33	57	6
33	58	6
33	59	6
33	62	4
33	67	1
33	68	1
33	69	2
33	70	2
33	71	2
33	72	2
33	73	2
33	74	4
33	79	1
33	82	2
33	83	3
33	86	1
33	87	1
33	88	1
33	89	1
33	90	1
33	92	2
33	93	2
33	95	2
33	100	3
33	101	1
33	120	1
33	126	1
33	127	1
33	134	2
33	140	1
33	150	2
33	153	1
33	154	1
33	179	2
33	180	1
33	188	1
33	189	1
33	207	1
33	210	1
33	211	3
33	212	3
33	213	3
33	214	1
33	221	1
33	235	1
33	241	1
33	244	1
33	247	1
33	252	2
33	253	1
33	254	1
33	255	1
33	256	1
33	257	1
33	258	1
33	259	1
33	260	1
33	261	1
33	262	1
33	263	1
33	271	2
33	272	2
33	273	1
33	278	2
33	284	1
33	302	1
33	306	1
33	310	1
33	312	1
33	313	1
33	320	1
33	322	1
33	323	1
33	333	2
33	352	2
33	356	1
33	357	1
33	358	1
33	365	1
33	372	1
33	389	1
33	410	1
33	412	1
33	414	2
33	415	2
33	416	2
33	419	1
33	431	1
33	439	2
33	444	1
33	482	1
33	493	1
33	499	1
33	501	1
33	502	1
33	503	1
33	507	1
33	518	1
33	519	1
33	528	1
33	529	1
34	35	20
34	41	2
34	57	6
34	58	6
34	59	6
34	62	4
34	67	1
34	68	1
34	69	2
34	70	2
34	71	2
34	72	2
34	73	2
34	74	4
34	79	1
34	82	2
34	83	3
34	86	1
34	87	1
34	88	1
34	89	1
34	90	1
34	92	2
34	93	2
34	95	2
34	100	3
34	101	1
34	120	1
34	126	1
34	127	1
34	134	2
34	140	1
34	150	2
34	153	1
34	154	1
34	179	2
34	180	1
34	188	1
34	189	1
34	207	1
34	210	1
34	211	3
34	212	3
34	213	3
34	214	1
34	221	1
34	235	1
34	241	1
34	244	1
34	247	1
34	252	2
34	253	1
34	254	1
34	255	1
34	256	1
34	257	1
34	258	1
34	259	1
34	260	1
34	261	1
34	262	1
34	263	1
34	271	2
34	272	2
34	273	1
34	278	2
34	284	1
34	302	1
34	306	1
34	310	1
34	312	1
34	313	1
34	320	1
34	322	1
34	323	1
34	333	2
34	352	2
34	356	1
34	357	1
34	358	1
34	365	1
34	372	1
34	389	1
34	410	1
34	412	1
34	414	2
34	415	2
34	416	2
34	419	1
34	431	1
34	439	2
34	444	1
34	482	1
34	493	1
34	499	1
34	501	1
34	502	1
34	503	1
34	507	1
34	518	1
34	519	1
34	528	1
34	529	1
35	41	2
35	57	6
35	58	6
35	59	6
35	62	4
35	67	1
35	68	1
35	69	2
35	70	2
35	71	2
35	72	2
35	73	2
35	74	4
35	79	1
35	82	2
35	83	3
35	86	1
35	87	1
35	88	1
35	89	1
35	90	1
35	92	2
35	93	2
35	95	2
35	100	3
35	101	1
35	120	1
35	126	1
35	127	1
35	134	2
35	140	1
35	150	2
35	153	1
35	154	1
35	179	2
35	180	1
35	188	1
35	189	1
35	207	1
35	210	1
35	211	3
35	212	3
35	213	3
35	214	1
35	221	1
35	235	1
35	241	1
35	244	1
35	247	1
35	252	2
35	253	1
35	254	1
35	255	1
35	256	1
35	257	1
35	258	1
35	259	1
35	260	1
35	261	1
35	262	1
35	263	1
35	271	2
35	272	2
35	273	1
35	278	2
35	284	1
35	302	1
35	306	1
35	310	1
35	312	1
35	313	1
35	320	1
35	322	1
35	323	1
35	333	2
35	352	2
35	356	1
35	357	1
35	358	1
35	365	1
35	372	1
35	389	1
35	410	1
35	412	1
35	414	2
35	415	2
35	416	2
35	419	1
35	431	1
35	439	2
35	444	1
35	482	1
35	493	1
35	499	1
35	501	1
35	502	1
35	503	1
35	507	1
35	518	1
35	519	1
35	528	1
35	529	1
36	37	35
36	38	35
36	39	35
36	147	1
36	148	1
36	150	1
36	175	1
36	189	1
36	203	1
36	205	1
36	277	1
36	293	1
36	389	1
36	407	1
36	425	1
36	426	1
36	427	1
36	495	2
37	38	35
37	39	35
37	41	1
37	42	3
37	43	3
37	44	5
37	45	3
37	47	1
37	48	1
37	52	1
37	54	3
37	55	5
37	56	3
37	62	11
37	63	3
37	69	7
37	70	7
37	71	7
37	72	11
37	73	10
37	74	3
37	79	3
37	82	4
37	83	3
37	86	2
37	87	2
37	88	2
37	89	2
37	90	2
37	93	1
37	96	1
37	97	1
37	98	2
37	99	1
37	102	1
37	103	1
37	104	1
37	110	1
37	111	1
37	112	1
37	113	1
37	118	2
37	121	7
37	122	3
37	123	1
37	124	1
37	125	1
37	126	1
37	127	3
37	128	3
37	129	3
37	130	1
37	131	1
37	132	1
37	133	1
37	135	2
37	138	1
37	139	1
37	141	2
37	142	2
37	143	2
37	144	2
37	145	2
37	146	2
37	147	1
37	148	5
37	149	3
37	150	2
37	151	1
37	152	1
37	153	1
37	155	1
37	165	3
37	166	3
37	167	3
37	168	3
37	169	1
37	170	1
37	171	1
37	172	1
37	173	1
37	174	1
37	175	3
37	177	1
37	178	2
37	179	1
37	180	5
37	181	4
37	182	4
37	183	4
37	184	4
37	188	1
37	189	4
37	190	1
37	191	1
37	194	1
37	195	1
37	196	1
37	201	2
37	203	2
37	205	3
37	206	2
37	212	1
37	216	1
37	218	1
37	219	1
37	220	6
37	221	4
37	222	3
37	223	3
37	226	3
37	227	2
37	234	1
37	236	2
37	237	1
37	238	1
37	239	1
37	240	1
37	241	2
37	242	2
37	247	3
37	248	1
37	249	1
37	250	1
37	251	2
37	252	3
37	253	1
37	254	1
37	255	1
37	256	1
37	257	1
37	258	1
37	259	1
37	260	1
37	261	5
37	262	1
37	263	1
37	267	2
37	268	2
37	269	1
37	270	1
37	274	1
37	275	1
37	276	1
37	277	2
37	278	1
37	289	1
37	290	1
37	292	1
37	293	2
37	294	1
37	295	4
37	296	2
37	297	1
37	298	1
37	299	2
37	301	1
37	302	1
37	304	1
37	305	1
37	306	2
37	313	3
37	314	1
37	315	1
37	316	1
37	317	1
37	318	2
37	324	1
37	327	1
37	328	3
37	330	1
37	338	4
37	341	1
37	342	1
37	343	1
37	344	1
37	345	1
37	349	1
37	350	1
37	351	1
37	353	1
37	354	1
37	356	2
37	358	2
37	364	2
37	366	1
37	367	1
37	368	1
37	372	1
37	373	2
37	374	2
37	383	2
37	384	2
37	389	1
37	397	1
37	398	1
37	401	2
37	407	1
37	410	1
37	417	1
37	425	3
37	426	3
37	427	3
37	428	1
37	443	1
37	445	1
37	454	1
37	455	1
37	456	1
37	457	1
37	458	1
37	459	2
37	460	2
37	471	1
37	480	1
37	481	1
37	483	1
37	489	1
37	490	1
37	491	1
37	492	1
37	493	1
37	495	5
37	497	1
37	499	2
37	500	1
37	512	1
37	516	1
37	518	1
37	520	2
37	523	1
37	525	4
37	527	1
37	531	2
37	532	2
37	533	2
38	39	35
38	45	1
38	52	1
38	53	1
38	55	1
38	63	1
38	79	1
38	92	1
38	94	1
38	96	1
38	118	2
38	121	1
38	122	1
38	126	1
38	127	1
38	128	1
38	129	1
38	135	1
38	147	3
38	148	2
38	149	1
38	150	1
38	151	1
38	169	1
38	170	1
38	171	1
38	172	1
38	174	1
38	175	2
38	178	2
38	189	2
38	202	1
38	203	2
38	205	1
38	206	1
38	227	1
38	241	3
38	242	2
38	247	1
38	248	1
38	252	1
38	261	1
38	267	1
38	268	1
38	269	1
38	270	1
38	277	2
38	278	1
38	285	60
38	286	60
38	293	2
38	295	1
38	297	3
38	301	1
38	303	1
38	306	1
38	313	1
38	314	1
38	315	1
38	316	1
38	317	1
38	320	1
38	321	1
38	324	1
38	328	1
38	357	1
38	365	1
38	371	1
38	389	1
38	401	1
38	407	1
38	410	1
38	425	1
38	426	1
38	427	1
38	455	1
38	456	1
38	457	1
38	458	1
38	475	1
38	476	1
38	477	1
38	478	1
38	479	1
38	489	1
38	495	2
38	519	1
38	525	1
39	62	1
39	72	1
39	74	1
39	82	1
39	83	1
39	102	1
39	103	1
39	104	1
39	114	1
39	115	1
39	116	1
39	118	1
39	121	1
39	122	1
39	128	1
39	129	1
39	135	1
39	141	1
39	142	1
39	147	2
39	148	2
39	150	1
39	165	1
39	166	1
39	167	1
39	168	1
39	175	1
39	178	1
39	189	1
39	201	1
39	203	1
39	205	1
39	207	1
39	241	2
39	242	1
39	247	1
39	248	1
39	252	2
39	271	1
39	272	1
39	277	1
39	293	1
39	304	1
39	306	1
39	307	1
39	311	1
39	327	1
39	328	1
39	353	1
39	354	1
39	356	1
39	364	1
39	372	1
39	389	1
39	399	1
39	400	1
39	407	1
39	425	1
39	426	1
39	427	1
39	445	1
39	490	1
39	491	1
39	492	1
39	495	2
39	497	1
39	518	1
40	41	2
40	46	3
40	52	1
40	53	1
40	62	2
40	69	1
40	70	3
40	71	1
40	72	1
40	73	1
40	79	5
40	86	5
40	87	5
40	88	5
40	89	5
40	90	5
40	92	1
40	98	1
40	110	2
40	121	1
40	122	1
40	127	1
40	128	2
40	129	2
40	135	1
40	137	1
40	141	1
40	142	1
40	143	2
40	144	2
40	145	2
40	146	2
40	147	1
40	169	1
40	170	1
40	171	1
40	172	1
40	173	2
40	175	1
40	177	1
40	179	1
40	188	2
40	189	1
40	190	1
40	192	2
40	193	2
40	201	1
40	203	1
40	206	2
40	221	1
40	224	2
40	237	1
40	238	1
40	239	1
40	240	1
40	241	3
40	242	3
40	247	2
40	248	1
40	250	1
40	252	3
40	274	1
40	277	1
40	278	1
40	281	1
40	282	1
40	283	1
40	284	2
40	289	2
40	290	1
40	291	1
40	293	1
40	294	2
40	297	1
40	298	1
40	300	2
40	302	3
40	307	1
40	309	1
40	310	1
40	311	1
40	321	1
40	322	1
40	323	1
40	328	2
40	330	2
40	333	1
40	341	1
40	342	1
40	343	1
40	344	1
40	345	1
40	346	1
40	347	1
40	348	1
40	352	1
40	356	2
40	357	1
40	364	2
40	367	1
40	368	1
40	375	2
40	376	2
40	399	1
40	400	1
40	404	2
40	407	1
40	411	2
40	412	2
40	413	2
40	414	1
40	415	1
40	416	1
40	423	1
40	466	1
40	470	1
40	484	1
40	487	14
40	488	14
40	495	1
40	496	1
40	503	1
40	525	1
41	45	2
41	46	1
41	52	4
41	53	3
41	54	1
41	55	1
41	56	1
41	57	3
41	58	3
41	59	3
41	62	5
41	63	3
41	67	2
41	68	2
41	69	2
41	70	3
41	71	2
41	72	4
41	73	2
41	74	6
41	77	1
41	78	1
41	79	3
41	80	1
41	81	1
41	82	4
41	83	4
41	84	1
41	85	1
41	86	3
41	87	3
41	88	3
41	89	3
41	90	3
41	91	1
41	92	1
41	93	3
41	94	1
41	95	1
41	96	2
41	97	2
41	98	6
41	99	2
41	100	3
41	101	3
41	102	1
41	103	1
41	104	1
41	109	1
41	110	7
41	111	1
41	112	1
41	113	1
41	114	1
41	115	1
41	116	1
41	118	7
41	120	1
41	121	2
41	122	2
41	123	1
41	124	1
41	125	1
41	126	3
41	127	1
41	128	4
41	129	4
41	130	2
41	131	2
41	132	2
41	133	2
41	134	2
41	135	4
41	136	1
41	137	3
41	138	12
41	139	12
41	140	5
41	141	1
41	142	1
41	143	1
41	144	1
41	145	1
41	146	1
41	147	2
41	148	6
41	149	1
41	150	1
41	151	3
41	152	1
41	153	3
41	154	1
41	159	1
41	160	1
41	161	1
41	165	2
41	166	2
41	167	2
41	168	2
41	169	1
41	170	1
41	171	1
41	172	4
41	173	6
41	174	2
41	175	1
41	176	1
41	177	4
41	178	7
41	179	4
41	180	5
41	185	1
41	186	1
41	187	1
41	188	2
41	189	7
41	190	1
41	192	4
41	193	4
41	194	1
41	195	1
41	196	1
41	201	3
41	202	5
41	203	5
41	204	1
41	205	3
41	206	1
41	207	2
41	209	1
41	210	2
41	211	2
41	212	3
41	213	3
41	214	1
41	215	1
41	216	2
41	217	1
41	218	1
41	219	1
41	221	1
41	224	1
41	226	1
41	227	2
41	230	1
41	231	1
41	232	1
41	233	1
41	234	3
41	235	1
41	236	1
41	237	1
41	238	1
41	239	1
41	240	1
41	241	3
41	242	1
41	247	4
41	248	2
41	249	1
41	251	1
41	252	10
41	253	1
41	254	1
41	255	1
41	256	1
41	257	1
41	258	1
41	259	1
41	260	1
41	261	2
41	262	1
41	263	1
41	264	1
41	265	3
41	266	3
41	267	1
41	268	1
41	269	1
41	270	2
41	271	3
41	272	3
41	273	1
41	274	1
41	277	1
41	278	4
41	279	6
41	280	6
41	281	2
41	282	2
41	283	2
41	284	2
41	287	1
41	289	3
41	290	1
41	292	2
41	293	1
41	294	4
41	295	4
41	297	1
41	299	2
41	300	2
41	301	2
41	302	4
41	303	1
41	305	2
41	306	3
41	307	1
41	309	1
41	312	9
41	313	4
41	314	2
41	315	2
41	316	3
41	317	3
41	318	1
41	320	1
41	321	1
41	324	1
41	327	2
41	328	1
41	330	2
41	333	1
41	338	2
41	339	1
41	340	1
41	341	2
41	342	2
41	343	2
41	344	2
41	345	2
41	349	2
41	350	2
41	351	2
41	352	5
41	353	3
41	354	3
41	355	1
41	357	1
41	363	1
41	365	2
41	371	1
41	372	3
41	375	3
41	376	3
41	377	3
41	378	3
41	379	3
41	380	3
41	383	1
41	384	1
41	390	1
41	397	1
41	398	1
41	399	4
41	400	4
41	401	1
41	404	1
41	410	4
41	412	3
41	414	4
41	415	4
41	416	4
41	417	1
41	418	1
41	419	2
41	420	1
41	421	1
41	422	1
41	423	1
41	425	2
41	426	2
41	427	2
41	429	1
41	430	1
41	431	2
41	436	2
41	437	2
41	438	2
41	439	3
41	442	1
41	443	1
41	444	1
41	445	1
41	450	1
41	452	2
41	455	1
41	456	1
41	457	1
41	458	1
41	459	1
41	460	1
41	469	1
41	470	1
41	471	1
41	475	3
41	476	3
41	477	3
41	480	1
41	481	1
41	484	1
41	489	1
41	490	2
41	491	2
41	492	2
41	493	2
41	494	1
41	496	1
41	499	1
41	505	1
41	507	4
41	509	1
41	510	1
41	511	1
41	513	3
41	516	1
41	518	1
41	519	2
41	521	3
41	523	4
41	524	1
41	525	3
41	528	2
41	529	2
41	533	2
42	43	73
42	44	73
42	54	2
42	55	4
42	56	2
42	57	2
42	58	2
42	59	2
42	62	6
42	63	1
42	67	1
42	68	1
42	69	2
42	70	2
42	71	2
42	72	4
42	73	2
42	74	6
42	75	1
42	76	1
42	79	2
42	82	3
42	83	4
42	84	1
42	85	1
42	93	3
42	95	1
42	96	1
42	97	2
42	98	2
42	99	2
42	100	4
42	102	1
42	103	1
42	104	1
42	114	1
42	117	4
42	118	4
42	119	4
42	121	4
42	122	1
42	123	1
42	124	1
42	125	1
42	127	2
42	128	1
42	129	1
42	130	2
42	131	2
42	132	2
42	133	2
42	134	3
42	135	3
42	141	2
42	142	2
42	144	1
42	147	2
42	148	2
42	149	1
42	150	2
42	151	2
42	153	2
42	155	1
42	156	1
42	157	1
42	158	1
42	159	1
42	160	1
42	161	1
42	169	2
42	170	2
42	171	2
42	172	3
42	174	4
42	175	1
42	178	2
42	179	2
42	180	4
42	181	1
42	182	1
42	183	1
42	184	1
42	189	1
42	190	1
42	191	1
42	194	1
42	195	1
42	196	1
42	201	3
42	203	1
42	206	2
42	207	2
42	211	3
42	212	4
42	213	4
42	214	3
42	215	1
42	218	1
42	219	1
42	220	1
42	221	3
42	224	1
42	228	1
42	229	1
42	234	1
42	237	1
42	238	1
42	239	1
42	240	1
42	241	4
42	242	3
42	247	3
42	248	2
42	249	1
42	251	2
42	252	3
42	253	1
42	254	1
42	255	1
42	256	1
42	257	1
42	258	1
42	259	1
42	260	1
42	261	2
42	262	1
42	263	1
42	264	2
42	267	1
42	268	1
42	269	1
42	270	1
42	271	5
42	272	5
42	273	2
42	275	1
42	276	1
42	277	1
42	278	3
42	290	3
42	292	1
42	293	1
42	294	3
42	295	2
42	297	1
42	301	1
42	303	1
42	304	2
42	305	3
42	306	3
42	309	1
42	313	3
42	314	2
42	315	2
42	316	2
42	317	2
42	318	3
42	320	1
42	324	1
42	328	3
42	333	1
42	338	4
42	349	1
42	350	1
42	351	1
42	353	1
42	354	1
42	356	2
42	357	1
42	358	2
42	364	2
42	365	1
42	366	1
42	371	1
42	373	1
42	374	1
42	375	1
42	376	1
42	383	1
42	384	1
42	389	2
42	399	2
42	400	2
42	401	1
42	406	1
42	410	1
42	412	1
42	414	1
42	415	1
42	416	1
42	418	1
42	419	1
42	420	1
42	421	1
42	422	1
42	431	2
42	436	1
42	437	1
42	438	1
42	444	1
42	448	1
42	449	1
42	454	1
42	459	1
42	460	1
42	469	1
42	471	1
42	475	1
42	476	1
42	477	1
42	482	2
42	483	1
42	484	1
42	489	1
42	494	1
42	497	1
42	500	2
42	505	3
42	507	1
42	510	2
42	511	2
42	512	1
42	513	1
42	516	1
42	519	1
42	521	1
42	524	2
42	525	2
42	531	2
42	532	2
43	44	73
43	54	2
43	55	4
43	56	2
43	57	2
43	58	2
43	59	2
43	62	6
43	63	1
43	67	1
43	68	1
43	69	2
43	70	2
43	71	2
43	72	4
43	73	2
43	74	6
43	75	1
43	76	1
43	79	2
43	82	3
43	83	4
43	84	1
43	85	1
43	93	3
43	95	1
43	96	1
43	97	2
43	98	2
43	99	2
43	100	4
43	102	1
43	103	1
43	104	1
43	114	1
43	117	4
43	118	4
43	119	4
43	121	4
43	122	1
43	123	1
43	124	1
43	125	1
43	127	2
43	128	1
43	129	1
43	130	2
43	131	2
43	132	2
43	133	2
43	134	3
43	135	3
43	141	2
43	142	2
43	144	1
43	147	2
43	148	2
43	149	1
43	150	2
43	151	2
43	153	2
43	155	1
43	156	1
43	157	1
43	158	1
43	159	1
43	160	1
43	161	1
43	169	2
43	170	2
43	171	2
43	172	3
43	174	4
43	175	1
43	178	2
43	179	2
43	180	4
43	181	1
43	182	1
43	183	1
43	184	1
43	189	1
43	190	1
43	191	1
43	194	1
43	195	1
43	196	1
43	201	3
43	203	1
43	206	2
43	207	2
43	211	3
43	212	4
43	213	4
43	214	3
43	215	1
43	218	1
43	219	1
43	220	1
43	221	3
43	224	1
43	228	1
43	229	1
43	234	1
43	237	1
43	238	1
43	239	1
43	240	1
43	241	4
43	242	3
43	247	3
43	248	2
43	249	1
43	251	2
43	252	3
43	253	1
43	254	1
43	255	1
43	256	1
43	257	1
43	258	1
43	259	1
43	260	1
43	261	2
43	262	1
43	263	1
43	264	2
43	267	1
43	268	1
43	269	1
43	270	1
43	271	5
43	272	5
43	273	2
43	275	1
43	276	1
43	277	1
43	278	3
43	290	3
43	292	1
43	293	1
43	294	3
43	295	2
43	297	1
43	301	1
43	303	1
43	304	2
43	305	3
43	306	3
43	309	1
43	313	3
43	314	2
43	315	2
43	316	2
43	317	2
43	318	3
43	320	1
43	324	1
43	328	3
43	333	1
43	338	4
43	349	1
43	350	1
43	351	1
43	353	1
43	354	1
43	356	2
43	357	1
43	358	2
43	364	2
43	365	1
43	366	1
43	371	1
43	373	1
43	374	1
43	375	1
43	376	1
43	383	1
43	384	1
43	389	2
43	399	2
43	400	2
43	401	1
43	406	1
43	410	1
43	412	1
43	414	1
43	415	1
43	416	1
43	418	1
43	419	1
43	420	1
43	421	1
43	422	1
43	431	2
43	436	1
43	437	1
43	438	1
43	444	1
43	448	1
43	449	1
43	454	1
43	459	1
43	460	1
43	469	1
43	471	1
43	475	1
43	476	1
43	477	1
43	482	2
43	483	1
43	484	1
43	489	1
43	494	1
43	497	1
43	500	2
43	505	3
43	507	1
43	510	2
43	511	2
43	512	1
43	513	1
43	516	1
43	519	1
43	521	1
43	524	2
43	525	2
43	531	2
43	532	2
44	45	2
44	46	1
44	54	3
44	55	5
44	56	3
44	57	2
44	58	2
44	59	2
44	62	9
44	63	2
44	67	1
44	68	1
44	69	2
44	70	3
44	71	2
44	72	5
44	73	2
44	74	8
44	75	1
44	76	1
44	79	2
44	82	4
44	83	5
44	84	1
44	85	1
44	86	1
44	87	1
44	88	1
44	89	1
44	90	1
44	93	3
44	95	1
44	96	1
44	97	2
44	98	4
44	99	2
44	100	6
44	102	1
44	103	1
44	104	1
44	114	1
44	117	4
44	118	5
44	119	4
44	121	5
44	122	1
44	123	1
44	124	1
44	125	1
44	127	2
44	128	1
44	129	1
44	130	2
44	131	2
44	132	2
44	133	2
44	134	4
44	135	3
44	138	1
44	139	1
44	141	3
44	142	3
44	144	1
44	147	3
44	148	3
44	149	2
44	150	3
44	151	3
44	152	1
44	153	2
44	155	2
44	156	1
44	157	1
44	158	1
44	159	1
44	160	1
44	161	1
44	165	2
44	166	2
44	167	2
44	168	2
44	169	2
44	170	2
44	171	2
44	172	3
44	174	4
44	175	3
44	177	2
44	178	3
44	179	2
44	180	4
44	181	1
44	182	1
44	183	1
44	184	1
44	188	1
44	189	1
44	190	1
44	191	1
44	194	1
44	195	1
44	196	1
44	197	3
44	198	3
44	199	3
44	200	3
44	201	4
44	203	1
44	206	2
44	207	2
44	211	3
44	212	4
44	213	4
44	214	3
44	215	1
44	218	1
44	219	28
44	220	1
44	221	4
44	224	1
44	227	1
44	228	1
44	229	1
44	234	3
44	235	1
44	237	2
44	238	2
44	239	2
44	240	2
44	241	5
44	242	4
44	243	1
44	247	6
44	248	3
44	249	1
44	251	2
44	252	4
44	253	1
44	254	1
44	255	1
44	256	1
44	257	1
44	258	1
44	259	1
44	260	1
44	261	2
44	262	1
44	263	1
44	264	2
44	267	1
44	268	1
44	269	1
44	270	1
44	271	5
44	272	5
44	273	2
44	275	2
44	276	2
44	277	1
44	278	3
44	281	1
44	282	1
44	283	1
44	289	1
44	290	3
44	292	1
44	293	1
44	294	3
44	295	3
44	296	1
44	297	1
44	299	1
44	301	2
44	303	1
44	304	2
44	305	3
44	306	3
44	309	1
44	313	4
44	314	3
44	315	3
44	316	2
44	317	2
44	318	3
44	320	1
44	324	1
44	327	1
44	328	3
44	333	1
44	338	4
44	349	1
44	350	1
44	351	1
44	353	1
44	354	1
44	356	2
44	357	1
44	358	2
44	364	2
44	365	1
44	366	2
44	371	1
44	373	2
44	374	2
44	375	1
44	376	1
44	383	1
44	384	1
44	389	4
44	399	2
44	400	2
44	401	2
44	406	1
44	410	1
44	412	1
44	414	1
44	415	1
44	416	1
44	418	1
44	419	2
44	420	1
44	421	1
44	422	1
44	431	3
44	436	1
44	437	1
44	438	1
44	444	2
44	447	1
44	448	1
44	449	1
44	454	1
44	455	1
44	456	1
44	457	1
44	458	1
44	459	2
44	460	2
44	461	27
44	462	27
44	463	27
44	464	27
44	469	1
44	470	1
44	471	1
44	475	1
44	476	1
44	477	1
44	482	2
44	483	1
44	484	1
44	489	1
44	494	1
44	495	1
44	497	1
44	500	2
44	501	2
44	502	2
44	505	4
44	506	1
44	507	2
44	510	2
44	511	2
44	512	2
44	513	1
44	516	2
44	519	1
44	520	20
44	521	1
44	524	2
44	525	2
44	527	1
44	531	3
44	532	3
45	52	3
45	53	2
45	54	6
45	55	8
45	56	6
45	62	3
45	63	4
45	67	2
45	68	2
45	69	2
45	70	4
45	71	2
45	72	4
45	73	3
45	74	3
45	77	2
45	78	2
45	79	4
45	80	2
45	81	2
45	82	4
45	83	3
45	86	3
45	87	3
45	88	3
45	89	3
45	90	3
45	91	2
45	92	4
45	93	3
45	94	3
45	95	1
45	96	3
45	98	2
45	100	1
45	102	2
45	103	2
45	104	2
45	110	2
45	111	2
45	112	2
45	113	2
45	114	1
45	115	1
45	116	1
45	117	1
45	118	4
45	119	1
45	120	1
45	121	9
45	122	7
45	123	1
45	124	1
45	125	1
45	126	1
45	128	3
45	129	3
45	135	4
45	138	3
45	139	3
45	141	2
45	142	2
45	143	1
45	144	2
45	145	1
45	146	1
45	147	2
45	148	5
45	149	6
45	150	1
45	151	4
45	153	2
45	154	2
45	155	2
45	156	1
45	157	1
45	158	1
45	159	1
45	160	1
45	161	1
45	164	1
45	165	2
45	166	2
45	167	2
45	168	2
45	169	4
45	170	4
45	171	4
45	172	4
45	173	1
45	174	2
45	175	3
45	177	2
45	178	4
45	179	1
45	180	3
45	188	1
45	189	4
45	190	1
45	194	1
45	195	1
45	196	1
45	197	1
45	198	1
45	199	1
45	200	1
45	201	3
45	202	3
45	203	3
45	206	3
45	207	2
45	211	2
45	212	3
45	213	3
45	214	4
45	215	3
45	216	2
45	218	1
45	219	1
45	220	2
45	221	5
45	222	1
45	223	2
45	224	1
45	225	1
45	226	1
45	227	44
45	232	1
45	233	1
45	234	4
45	235	1
45	236	1
45	237	3
45	238	3
45	239	3
45	240	3
45	241	6
45	242	2
45	243	1
45	247	6
45	248	5
45	249	1
45	251	1
45	252	9
45	253	1
45	254	1
45	255	1
45	256	1
45	257	1
45	258	1
45	259	1
45	260	1
45	261	5
45	262	1
45	263	1
45	264	1
45	265	1
45	266	1
45	267	4
45	268	4
45	269	3
45	270	2
45	271	2
45	272	2
45	273	1
45	274	2
45	275	1
45	276	1
45	277	2
45	278	1
45	279	1
45	280	1
45	281	1
45	282	1
45	283	1
45	284	1
45	285	1
45	286	1
45	293	2
45	294	1
45	295	6
45	296	1
45	297	5
45	298	1
45	299	3
45	301	4
45	302	2
45	303	4
45	304	1
45	306	10
45	313	7
45	314	5
45	315	5
45	316	5
45	317	5
45	318	2
45	320	3
45	324	2
45	327	2
45	328	4
45	330	2
45	333	2
45	338	3
45	339	2
45	340	2
45	355	2
45	356	3
45	357	5
45	358	1
45	364	2
45	365	3
45	366	1
45	367	1
45	368	1
45	369	1
45	370	1
45	371	2
45	372	1
45	373	1
45	374	1
45	375	1
45	376	1
45	377	2
45	378	2
45	379	2
45	380	2
45	389	1
45	390	1
45	397	1
45	398	1
45	399	1
45	400	1
45	401	4
45	404	5
45	407	2
45	410	2
45	412	1
45	414	1
45	415	1
45	416	1
45	418	1
45	419	2
45	420	1
45	421	1
45	422	1
45	425	1
45	426	1
45	427	1
45	428	1
45	431	1
45	436	2
45	437	2
45	438	2
45	439	1
45	442	1
45	443	1
45	445	1
45	452	1
45	455	4
45	456	4
45	457	4
45	458	4
45	459	3
45	460	3
45	469	1
45	471	1
45	473	1
45	474	1
45	475	1
45	476	1
45	477	1
45	479	2
45	482	1
45	483	1
45	489	2
45	490	1
45	491	1
45	492	1
45	493	3
45	494	3
45	495	1
45	496	1
45	501	1
45	502	1
45	506	1
45	507	2
45	510	2
45	511	2
45	512	1
45	513	3
45	516	1
45	519	3
45	520	2
45	521	1
45	523	1
45	524	1
45	525	4
45	527	1
45	528	1
45	529	1
45	531	1
45	532	1
46	52	1
46	53	1
46	62	3
46	69	1
46	70	2
46	71	1
46	72	1
46	73	1
46	77	1
46	78	1
46	79	2
46	80	1
46	94	1
46	98	1
46	102	1
46	103	1
46	104	1
46	121	2
46	122	1
46	126	2
46	127	2
46	128	2
46	129	2
46	130	1
46	131	1
46	132	1
46	133	1
46	135	2
46	137	1
46	138	2
46	139	2
46	143	1
46	144	1
46	145	1
46	146	1
46	147	1
46	148	3
46	149	1
46	151	1
46	175	2
46	177	1
46	189	1
46	197	1
46	198	1
46	199	1
46	200	1
46	201	3
46	202	1
46	203	1
46	205	2
46	206	1
46	214	1
46	221	2
46	226	1
46	228	2
46	229	2
46	234	2
46	237	1
46	238	1
46	239	1
46	240	1
46	245	1
46	246	1
46	247	3
46	248	2
46	265	1
46	266	1
46	267	1
46	268	1
46	269	1
46	270	2
46	277	1
46	278	1
46	289	2
46	293	1
46	295	1
46	297	1
46	300	1
46	302	2
46	310	1
46	311	1
46	313	1
46	314	1
46	315	1
46	316	1
46	317	1
46	318	1
46	321	1
46	327	1
46	338	1
46	339	2
46	340	2
46	353	1
46	354	1
46	358	1
46	363	1
46	367	3
46	368	3
46	370	1
46	373	1
46	374	1
46	375	2
46	376	2
46	399	2
46	400	2
46	404	2
46	412	1
46	414	1
46	415	1
46	416	1
46	419	1
46	425	1
46	426	1
46	427	1
46	428	1
46	431	1
46	440	1
46	441	1
46	443	1
46	444	1
46	447	1
46	459	1
46	460	1
46	473	2
46	474	2
46	482	1
46	490	1
46	491	1
46	492	1
46	499	1
46	505	1
46	520	1
46	522	1
46	528	2
46	529	2
47	48	51
47	73	1
47	180	1
47	181	1
47	182	1
47	183	1
47	184	1
47	206	1
47	220	1
47	221	1
47	222	1
47	223	1
47	289	1
47	295	1
47	341	1
47	342	1
47	343	1
47	344	1
47	345	1
47	383	1
47	384	1
47	443	1
47	471	1
47	483	1
47	518	2
47	525	1
48	73	1
48	180	1
48	181	1
48	182	1
48	183	1
48	184	1
48	206	1
48	220	1
48	221	1
48	222	1
48	223	1
48	289	1
48	295	1
48	341	1
48	342	1
48	343	1
48	344	1
48	345	1
48	383	1
48	384	1
48	443	1
48	471	1
48	483	1
48	518	2
48	525	1
49	50	18
49	51	18
50	51	18
52	53	74
52	54	5
52	55	5
52	56	5
52	62	5
52	63	4
52	67	2
52	68	2
52	69	4
52	70	5
52	71	4
52	72	4
52	73	5
52	77	5
52	78	5
52	79	6
52	80	5
52	81	2
52	82	1
52	84	1
52	85	1
52	86	1
52	87	1
52	88	1
52	89	1
52	90	1
52	91	1
52	92	1
52	93	1
52	94	4
52	96	2
52	97	1
52	98	3
52	99	1
52	101	1
52	102	1
52	103	1
52	104	1
52	110	2
52	111	55
52	112	55
52	113	55
52	114	1
52	115	1
52	116	1
52	117	3
52	118	6
52	119	3
52	120	1
52	121	8
52	122	4
52	123	1
52	124	1
52	125	1
52	126	3
52	127	2
52	128	2
52	129	2
52	130	1
52	131	1
52	132	1
52	133	1
52	135	3
52	138	6
52	139	6
52	141	2
52	142	2
52	147	5
52	148	6
52	149	4
52	151	3
52	153	3
52	159	4
52	160	4
52	161	4
52	165	1
52	166	1
52	167	1
52	168	1
52	169	2
52	170	2
52	171	2
52	172	2
52	174	2
52	175	6
52	176	1
52	177	2
52	178	4
52	180	4
52	181	2
52	182	2
52	183	2
52	184	2
52	188	1
52	189	6
52	190	1
52	194	1
52	195	1
52	196	1
52	201	2
52	202	2
52	203	2
52	205	2
52	206	2
52	207	1
52	210	1
52	211	4
52	212	4
52	213	4
52	214	4
52	215	1
52	216	2
52	220	2
52	221	5
52	222	2
52	223	1
52	224	1
52	227	3
52	232	2
52	233	2
52	234	2
52	235	2
52	236	2
52	237	1
52	238	1
52	239	1
52	240	1
52	241	4
52	242	2
52	243	1
52	247	4
52	248	4
52	251	2
52	252	8
52	261	2
52	264	1
52	267	3
52	268	3
52	269	5
52	270	2
52	271	2
52	272	2
52	274	1
52	277	1
52	278	1
52	279	1
52	280	1
52	281	1
52	282	1
52	283	1
52	285	1
52	286	1
52	289	3
52	291	1
52	293	1
52	294	1
52	295	6
52	297	2
52	299	3
52	300	1
52	301	4
52	302	2
52	303	1
52	304	2
52	305	3
52	306	3
52	307	1
52	309	1
52	311	2
52	313	4
52	314	2
52	315	2
52	316	5
52	317	5
52	318	2
52	320	1
52	321	1
52	324	1
52	325	1
52	326	1
52	327	3
52	328	3
52	330	1
52	333	1
52	338	2
52	339	4
52	340	4
52	346	2
52	347	2
52	348	2
52	352	1
52	353	3
52	354	3
52	355	3
52	356	3
52	357	3
52	358	1
52	363	2
52	364	2
52	365	2
52	371	1
52	375	1
52	376	1
52	377	2
52	378	2
52	379	2
52	380	2
52	385	1
52	386	1
52	387	1
52	388	1
52	397	1
52	398	1
52	399	1
52	400	1
52	401	3
52	404	3
52	407	1
52	410	2
52	411	1
52	412	2
52	413	1
52	418	2
52	419	4
52	420	2
52	421	2
52	422	2
52	425	4
52	426	4
52	427	4
52	439	1
52	442	1
52	443	3
52	444	1
52	445	1
52	452	1
52	455	1
52	456	1
52	457	1
52	458	1
52	459	3
52	460	3
52	469	1
52	472	1
52	479	1
52	480	2
52	482	3
52	489	1
52	490	2
52	491	2
52	492	2
52	493	2
52	494	5
52	503	1
52	507	2
52	510	1
52	511	1
52	513	2
52	518	1
52	519	2
52	521	1
52	524	3
52	525	5
52	533	1
53	54	2
53	55	2
53	56	2
53	62	1
53	63	4
53	67	1
53	68	1
53	70	1
53	73	1
53	77	3
53	78	3
53	79	3
53	80	3
53	84	1
53	85	1
53	94	1
53	97	1
53	98	3
53	99	1
53	101	1
53	110	2
53	111	2
53	112	2
53	113	2
53	114	1
53	115	1
53	116	1
53	117	3
53	118	5
53	119	3
53	121	2
53	122	1
53	126	1
53	127	2
53	128	1
53	129	1
53	130	1
53	131	1
53	132	1
53	133	1
53	135	2
53	138	2
53	139	2
53	141	2
53	142	2
53	147	1
53	148	4
53	149	2
53	151	2
53	153	1
53	159	3
53	160	3
53	161	3
53	169	1
53	170	1
53	171	1
53	172	1
53	175	3
53	176	1
53	177	2
53	178	3
53	180	3
53	181	2
53	182	2
53	183	2
53	184	2
53	189	3
53	190	1
53	201	1
53	202	1
53	203	1
53	205	2
53	206	1
53	210	1
53	211	1
53	212	1
53	213	1
53	214	2
53	216	1
53	220	2
53	221	3
53	222	2
53	223	1
53	224	1
53	227	2
53	241	3
53	242	2
53	247	3
53	248	3
53	252	5
53	261	1
53	267	1
53	268	1
53	269	3
53	271	1
53	272	1
53	278	1
53	285	1
53	286	1
53	289	3
53	291	1
53	294	1
53	295	4
53	299	2
53	300	1
53	301	2
53	302	1
53	304	1
53	305	1
53	306	1
53	309	1
53	311	2
53	313	1
53	314	1
53	315	1
53	316	3
53	317	3
53	318	1
53	321	1
53	325	1
53	326	1
53	327	1
53	328	2
53	333	1
53	338	1
53	339	1
53	340	1
53	346	2
53	347	2
53	348	2
53	353	1
53	354	1
53	355	1
53	356	2
53	357	1
53	358	1
53	363	2
53	364	2
53	365	1
53	377	1
53	378	1
53	379	1
53	380	1
53	385	1
53	386	1
53	387	1
53	388	1
53	401	1
53	404	2
53	407	1
53	410	1
53	418	1
53	419	1
53	420	1
53	421	1
53	422	1
53	425	1
53	426	1
53	427	1
53	439	1
53	459	2
53	460	2
53	472	1
53	479	1
53	482	2
53	490	1
53	491	1
53	492	1
53	493	1
53	494	1
53	507	1
53	513	1
53	519	1
53	524	2
53	525	4
53	533	1
54	55	74
54	56	96
54	57	1
54	58	1
54	59	1
54	62	6
54	63	3
54	67	3
54	68	3
54	69	3
54	70	3
54	71	3
54	72	6
54	73	4
54	74	2
54	75	1
54	76	1
54	77	1
54	78	1
54	79	2
54	80	1
54	81	2
54	82	3
54	83	1
54	84	2
54	85	2
54	86	3
54	87	3
54	88	3
54	89	3
54	90	3
54	91	2
54	92	3
54	93	8
54	94	2
54	95	4
54	96	2
54	98	2
54	102	2
54	103	2
54	104	2
54	110	3
54	111	4
54	112	4
54	113	4
54	114	2
54	115	2
54	116	2
54	117	4
54	118	7
54	119	4
54	120	2
54	121	18
54	122	10
54	123	2
54	124	2
54	125	2
54	126	1
54	127	1
54	128	1
54	129	1
54	135	7
54	138	4
54	139	4
54	141	3
54	142	3
54	143	1
54	144	2
54	145	1
54	146	1
54	147	8
54	148	9
54	149	11
54	150	1
54	151	4
54	153	3
54	155	2
54	156	1
54	157	1
54	158	1
54	159	5
54	160	5
54	161	5
54	164	1
54	165	2
54	166	2
54	167	2
54	168	2
54	169	4
54	170	4
54	171	4
54	172	4
54	173	3
54	174	1
54	175	6
54	177	2
54	178	4
54	179	3
54	180	3
54	181	1
54	182	1
54	183	1
54	184	1
54	188	1
54	189	3
54	190	3
54	194	3
54	195	3
54	196	3
54	201	6
54	202	1
54	203	1
54	206	2
54	207	3
54	210	1
54	211	2
54	212	3
54	213	4
54	214	3
54	215	3
54	216	4
54	218	2
54	220	2
54	221	3
54	222	1
54	223	2
54	224	3
54	225	1
54	227	4
54	232	1
54	233	1
54	234	4
54	235	1
54	236	1
54	237	2
54	238	2
54	239	2
54	240	2
54	241	6
54	242	3
54	247	8
54	248	5
54	249	3
54	251	3
54	252	11
54	261	4
54	264	4
54	265	1
54	266	1
54	267	4
54	268	4
54	269	5
54	270	2
54	271	3
54	272	3
54	273	2
54	274	3
54	275	1
54	276	1
54	277	1
54	278	1
54	279	2
54	280	2
54	281	1
54	282	1
54	283	1
54	287	1
54	289	1
54	292	4
54	293	1
54	294	1
54	295	6
54	296	1
54	297	2
54	298	1
54	299	3
54	301	6
54	302	2
54	303	4
54	304	1
54	306	6
54	309	1
54	310	3
54	311	1
54	313	8
54	314	6
54	315	6
54	316	4
54	317	5
54	318	2
54	319	2
54	320	1
54	324	1
54	327	2
54	328	3
54	330	2
54	333	1
54	338	4
54	339	3
54	340	3
54	346	1
54	347	1
54	348	1
54	349	1
54	350	1
54	351	1
54	353	2
54	354	2
54	355	3
54	356	3
54	357	3
54	358	2
54	364	2
54	365	5
54	366	1
54	367	1
54	368	1
54	369	1
54	370	1
54	371	1
54	372	1
54	373	1
54	374	1
54	375	2
54	376	2
54	377	2
54	378	2
54	379	2
54	380	2
54	390	1
54	397	1
54	398	1
54	399	3
54	400	3
54	401	4
54	404	6
54	405	1
54	407	2
54	410	2
54	411	1
54	412	2
54	413	1
54	414	2
54	415	2
54	416	2
54	418	2
54	419	2
54	420	2
54	421	2
54	422	2
54	431	1
54	436	1
54	437	1
54	438	1
54	439	1
54	442	1
54	443	1
54	445	2
54	452	1
54	454	1
54	455	3
54	456	3
54	457	3
54	458	3
54	459	4
54	460	4
54	469	1
54	472	1
54	473	1
54	474	1
54	479	1
54	489	2
54	490	1
54	491	1
54	492	1
54	493	4
54	494	3
54	495	1
54	496	1
54	499	1
54	503	1
54	505	1
54	507	4
54	510	4
54	511	4
54	512	2
54	513	2
54	516	1
54	518	2
54	519	5
54	520	1
54	521	1
54	524	1
54	525	2
54	527	1
54	531	3
54	532	3
55	56	74
55	57	1
55	58	1
55	59	1
55	62	9
55	63	4
55	67	5
55	68	5
55	69	5
55	70	5
55	71	5
55	72	8
55	73	6
55	74	3
55	75	1
55	76	1
55	77	1
55	78	1
55	79	6
55	80	1
55	81	3
55	82	4
55	83	2
55	84	2
55	85	2
55	86	3
55	87	3
55	88	3
55	89	3
55	90	3
55	91	3
55	92	5
55	93	9
55	94	3
55	95	4
55	96	4
55	98	2
55	102	2
55	103	2
55	104	2
55	110	5
55	111	4
55	112	4
55	113	4
55	114	3
55	115	3
55	116	3
55	117	5
55	118	10
55	119	5
55	120	2
55	121	23
55	122	11
55	123	2
55	124	2
55	125	2
55	126	1
55	127	1
55	128	3
55	129	3
55	130	1
55	131	1
55	132	1
55	133	1
55	135	11
55	136	1
55	137	2
55	138	5
55	139	5
55	141	4
55	142	4
55	143	1
55	144	2
55	145	1
55	146	1
55	147	10
55	148	11
55	149	13
55	150	1
55	151	8
55	152	1
55	153	3
55	155	2
55	156	1
55	157	1
55	158	1
55	159	5
55	160	5
55	161	5
55	164	1
55	165	2
55	166	2
55	167	2
55	168	2
55	169	6
55	170	6
55	171	6
55	172	6
55	173	5
55	174	3
55	175	8
55	177	2
55	178	6
55	179	6
55	180	5
55	181	3
55	182	3
55	183	3
55	184	3
55	188	1
55	189	5
55	190	4
55	191	1
55	192	1
55	193	1
55	194	4
55	195	4
55	196	4
55	201	9
55	202	2
55	203	2
55	205	1
55	206	6
55	207	3
55	210	1
55	211	2
55	212	4
55	213	5
55	214	3
55	215	3
55	216	5
55	218	2
55	220	3
55	221	4
55	222	1
55	223	2
55	224	3
55	225	1
55	227	6
55	228	1
55	229	1
55	232	2
55	233	2
55	234	5
55	235	2
55	236	2
55	237	3
55	238	3
55	239	3
55	240	3
55	241	9
55	242	4
55	247	10
55	248	7
55	249	3
55	251	4
55	252	15
55	253	1
55	254	1
55	255	1
55	256	1
55	257	1
55	258	1
55	259	1
55	260	1
55	261	7
55	262	1
55	263	1
55	264	5
55	265	1
55	266	1
55	267	8
55	268	8
55	269	7
55	270	4
55	271	5
55	272	5
55	273	3
55	274	3
55	275	1
55	276	1
55	277	2
55	278	3
55	279	2
55	280	2
55	281	1
55	282	1
55	283	1
55	284	1
55	285	1
55	286	1
55	287	1
55	289	1
55	290	1
55	292	6
55	293	2
55	294	1
55	295	8
55	296	1
55	297	4
55	298	1
55	299	3
55	301	8
55	302	3
55	303	6
55	304	1
55	305	1
55	306	10
55	309	1
55	310	3
55	311	1
55	313	12
55	314	8
55	315	8
55	316	5
55	317	6
55	318	3
55	319	2
55	320	2
55	324	2
55	327	3
55	328	5
55	330	2
55	333	1
55	338	6
55	339	4
55	340	4
55	346	1
55	347	1
55	348	1
55	349	1
55	350	1
55	351	1
55	353	2
55	354	2
55	355	3
55	356	4
55	357	5
55	358	3
55	364	3
55	365	8
55	366	1
55	367	1
55	368	1
55	369	1
55	370	1
55	371	2
55	372	1
55	373	2
55	374	2
55	375	2
55	376	2
55	377	3
55	378	3
55	379	3
55	380	3
55	383	1
55	384	1
55	390	1
55	397	2
55	398	2
55	399	3
55	400	3
55	401	4
55	402	1
55	403	1
55	404	9
55	405	1
55	407	2
55	410	4
55	411	1
55	412	2
55	413	1
55	414	3
55	415	3
55	416	3
55	418	2
55	419	3
55	420	2
55	421	2
55	422	2
55	428	1
55	429	1
55	430	1
55	431	2
55	436	2
55	437	2
55	438	2
55	439	1
55	442	1
55	443	1
55	445	2
55	452	1
55	454	2
55	455	4
55	456	4
55	457	4
55	458	4
55	459	5
55	460	5
55	469	1
55	470	1
55	472	1
55	473	1
55	474	1
55	475	1
55	476	1
55	477	1
55	479	2
55	489	3
55	490	1
55	491	1
55	492	1
55	493	4
55	494	4
55	495	1
55	496	1
55	497	1
55	499	1
55	503	1
55	505	1
55	507	4
55	510	5
55	511	5
55	512	3
55	513	3
55	516	1
55	518	2
55	519	8
55	520	1
55	521	1
55	524	1
55	525	3
55	527	1
55	528	2
55	529	2
55	531	4
55	532	4
55	533	1
56	57	1
56	58	1
56	59	1
56	62	6
56	63	3
56	67	3
56	68	3
56	69	3
56	70	3
56	71	3
56	72	6
56	73	4
56	74	2
56	75	1
56	76	1
56	77	1
56	78	1
56	79	2
56	80	1
56	81	2
56	82	3
56	83	1
56	84	2
56	85	2
56	86	3
56	87	3
56	88	3
56	89	3
56	90	3
56	91	2
56	92	3
56	93	8
56	94	2
56	95	4
56	96	2
56	98	2
56	102	2
56	103	2
56	104	2
56	110	3
56	111	4
56	112	4
56	113	4
56	114	2
56	115	2
56	116	2
56	117	4
56	118	7
56	119	4
56	120	2
56	121	18
56	122	10
56	123	2
56	124	2
56	125	2
56	126	1
56	127	1
56	128	1
56	129	1
56	135	7
56	138	4
56	139	4
56	141	3
56	142	3
56	143	1
56	144	2
56	145	1
56	146	1
56	147	8
56	148	9
56	149	11
56	150	1
56	151	4
56	153	3
56	155	2
56	156	1
56	157	1
56	158	1
56	159	5
56	160	5
56	161	5
56	164	1
56	165	2
56	166	2
56	167	2
56	168	2
56	169	4
56	170	4
56	171	4
56	172	4
56	173	3
56	174	1
56	175	6
56	177	2
56	178	4
56	179	3
56	180	3
56	181	1
56	182	1
56	183	1
56	184	1
56	188	1
56	189	3
56	190	3
56	194	3
56	195	3
56	196	3
56	201	6
56	202	1
56	203	1
56	206	2
56	207	3
56	210	1
56	211	2
56	212	3
56	213	4
56	214	3
56	215	3
56	216	4
56	218	2
56	220	2
56	221	3
56	222	1
56	223	2
56	224	3
56	225	1
56	227	4
56	232	1
56	233	1
56	234	4
56	235	1
56	236	1
56	237	2
56	238	2
56	239	2
56	240	2
56	241	6
56	242	3
56	247	8
56	248	5
56	249	3
56	251	3
56	252	11
56	261	4
56	264	4
56	265	1
56	266	1
56	267	4
56	268	4
56	269	5
56	270	2
56	271	3
56	272	3
56	273	2
56	274	3
56	275	1
56	276	1
56	277	1
56	278	1
56	279	2
56	280	2
56	281	1
56	282	1
56	283	1
56	287	1
56	289	1
56	292	4
56	293	1
56	294	1
56	295	6
56	296	1
56	297	2
56	298	1
56	299	3
56	301	6
56	302	2
56	303	4
56	304	1
56	306	6
56	309	1
56	310	3
56	311	1
56	313	8
56	314	6
56	315	6
56	316	4
56	317	5
56	318	2
56	319	2
56	320	1
56	324	1
56	327	2
56	328	3
56	330	2
56	333	1
56	338	4
56	339	3
56	340	3
56	346	1
56	347	1
56	348	1
56	349	1
56	350	1
56	351	1
56	353	2
56	354	2
56	355	3
56	356	3
56	357	3
56	358	2
56	364	2
56	365	5
56	366	1
56	367	1
56	368	1
56	369	1
56	370	1
56	371	1
56	372	1
56	373	1
56	374	1
56	375	2
56	376	2
56	377	2
56	378	2
56	379	2
56	380	2
56	390	1
56	397	1
56	398	1
56	399	3
56	400	3
56	401	4
56	404	6
56	405	1
56	407	2
56	410	2
56	411	1
56	412	2
56	413	1
56	414	2
56	415	2
56	416	2
56	418	2
56	419	2
56	420	2
56	421	2
56	422	2
56	431	1
56	436	1
56	437	1
56	438	1
56	439	1
56	442	1
56	443	1
56	445	2
56	452	1
56	454	1
56	455	3
56	456	3
56	457	3
56	458	3
56	459	4
56	460	4
56	469	1
56	472	1
56	473	1
56	474	1
56	479	1
56	489	2
56	490	1
56	491	1
56	492	1
56	493	4
56	494	3
56	495	1
56	496	1
56	499	1
56	503	1
56	505	1
56	507	4
56	510	4
56	511	4
56	512	2
56	513	2
56	516	1
56	518	2
56	519	5
56	520	1
56	521	1
56	524	1
56	525	2
56	527	1
56	531	3
56	532	3
57	58	19
57	59	19
57	62	3
57	67	1
57	68	1
57	69	2
57	70	3
57	71	2
57	72	2
57	73	2
57	74	3
57	75	1
57	76	1
57	81	1
57	82	1
57	83	1
57	86	1
57	87	1
57	88	1
57	89	1
57	90	1
57	91	1
57	92	3
57	93	2
57	95	1
57	100	1
57	101	1
57	110	2
57	114	1
57	118	1
57	120	1
57	121	1
57	122	1
57	126	1
57	127	3
57	134	1
57	135	1
57	138	2
57	139	2
57	140	1
57	141	1
57	142	1
57	150	1
57	153	2
57	154	1
57	172	1
57	173	1
57	178	1
57	179	2
57	180	1
57	189	1
57	201	1
57	202	1
57	203	1
57	207	1
57	210	2
57	211	4
57	212	4
57	213	4
57	241	2
57	242	1
57	244	1
57	247	2
57	248	2
57	252	3
57	253	1
57	254	1
57	255	1
57	256	1
57	257	1
57	258	1
57	259	1
57	260	1
57	261	1
57	262	1
57	263	1
57	264	1
57	270	1
57	271	3
57	272	3
57	273	2
57	278	1
57	284	2
57	289	1
57	292	1
57	302	2
57	303	1
57	305	1
57	306	2
57	307	2
57	310	1
57	312	1
57	313	3
57	314	2
57	315	2
57	316	1
57	317	1
57	320	1
57	333	2
57	349	1
57	350	1
57	351	1
57	352	2
57	358	2
57	365	2
57	366	1
57	371	2
57	372	1
57	389	2
57	399	1
57	400	1
57	404	1
57	406	1
57	410	1
57	412	1
57	414	1
57	415	1
57	416	1
57	431	1
57	439	1
57	449	1
57	454	1
57	475	1
57	476	1
57	477	1
57	493	2
57	494	1
57	499	1
57	500	1
57	501	1
57	502	1
57	507	1
57	518	1
57	519	2
57	528	1
57	529	1
58	59	19
58	62	3
58	67	1
58	68	1
58	69	2
58	70	3
58	71	2
58	72	2
58	73	2
58	74	3
58	75	1
58	76	1
58	81	1
58	82	1
58	83	1
58	86	1
58	87	1
58	88	1
58	89	1
58	90	1
58	91	1
58	92	3
58	93	2
58	95	1
58	100	1
58	101	1
58	110	2
58	114	1
58	118	1
58	120	1
58	121	1
58	122	1
58	126	1
58	127	3
58	134	1
58	135	1
58	138	2
58	139	2
58	140	1
58	141	1
58	142	1
58	150	1
58	153	2
58	154	1
58	172	1
58	173	1
58	178	1
58	179	2
58	180	1
58	189	1
58	201	1
58	202	1
58	203	1
58	207	1
58	210	2
58	211	4
58	212	4
58	213	4
58	241	2
58	242	1
58	244	1
58	247	2
58	248	2
58	252	3
58	253	1
58	254	1
58	255	1
58	256	1
58	257	1
58	258	1
58	259	1
58	260	1
58	261	1
58	262	1
58	263	1
58	264	1
58	270	1
58	271	3
58	272	3
58	273	2
58	278	1
58	284	2
58	289	1
58	292	1
58	302	2
58	303	1
58	305	1
58	306	2
58	307	2
58	310	1
58	312	1
58	313	3
58	314	2
58	315	2
58	316	1
58	317	1
58	320	1
58	333	2
58	349	1
58	350	1
58	351	1
58	352	2
58	358	2
58	365	2
58	366	1
58	371	2
58	372	1
58	389	2
58	399	1
58	400	1
58	404	1
58	406	1
58	410	1
58	412	1
58	414	1
58	415	1
58	416	1
58	431	1
58	439	1
58	449	1
58	454	1
58	475	1
58	476	1
58	477	1
58	493	2
58	494	1
58	499	1
58	500	1
58	501	1
58	502	1
58	507	1
58	518	1
58	519	2
58	528	1
58	529	1
59	62	3
59	67	1
59	68	1
59	69	2
59	70	3
59	71	2
59	72	2
59	73	2
59	74	3
59	75	1
59	76	1
59	81	1
59	82	1
59	83	1
59	86	1
59	87	1
59	88	1
59	89	1
59	90	1
59	91	1
59	92	3
59	93	2
59	95	1
59	100	1
59	101	1
59	110	2
59	114	1
59	118	1
59	120	1
59	121	1
59	122	1
59	126	1
59	127	3
59	134	1
59	135	1
59	138	2
59	139	2
59	140	1
59	141	1
59	142	1
59	150	1
59	153	2
59	154	1
59	172	1
59	173	1
59	178	1
59	179	2
59	180	1
59	189	1
59	201	1
59	202	1
59	203	1
59	207	1
59	210	2
59	211	4
59	212	4
59	213	4
59	241	2
59	242	1
59	244	1
59	247	2
59	248	2
59	252	3
59	253	1
59	254	1
59	255	1
59	256	1
59	257	1
59	258	1
59	259	1
59	260	1
59	261	1
59	262	1
59	263	1
59	264	1
59	270	1
59	271	3
59	272	3
59	273	2
59	278	1
59	284	2
59	289	1
59	292	1
59	302	2
59	303	1
59	305	1
59	306	2
59	307	2
59	310	1
59	312	1
59	313	3
59	314	2
59	315	2
59	316	1
59	317	1
59	320	1
59	333	2
59	349	1
59	350	1
59	351	1
59	352	2
59	358	2
59	365	2
59	366	1
59	371	2
59	372	1
59	389	2
59	399	1
59	400	1
59	404	1
59	406	1
59	410	1
59	412	1
59	414	1
59	415	1
59	416	1
59	431	1
59	439	1
59	449	1
59	454	1
59	475	1
59	476	1
59	477	1
59	493	2
59	494	1
59	499	1
59	500	1
59	501	1
59	502	1
59	507	1
59	518	1
59	519	2
59	528	1
59	529	1
60	61	22
60	72	1
60	105	51
60	106	51
60	107	51
60	108	51
60	138	1
60	139	1
60	230	1
60	231	1
60	241	3
60	264	1
60	294	1
60	311	2
60	346	2
60	347	2
60	348	2
60	359	2
60	360	2
60	361	2
60	362	2
60	363	2
60	533	1
62	63	4
62	67	7
62	68	7
62	69	76
62	70	76
62	71	76
62	72	83
62	73	77
62	74	17
62	77	2
62	78	2
62	79	11
62	80	2
62	81	2
62	82	9
62	83	14
62	86	4
62	87	4
62	88	4
62	89	4
62	90	4
62	91	3
62	92	3
62	93	10
62	94	2
62	95	1
62	96	4
62	97	39
62	98	40
62	99	39
62	100	12
62	101	1
62	102	2
62	103	2
62	104	2
62	109	1
62	110	2
62	111	4
62	112	4
62	113	4
62	114	1
62	115	1
62	116	1
62	117	2
62	118	6
62	119	2
62	120	5
62	121	10
62	122	5
62	123	3
62	124	3
62	125	3
62	126	3
62	127	4
62	128	7
62	129	7
62	130	4
62	131	4
62	132	4
62	133	4
62	134	8
62	135	6
62	137	2
62	138	4
62	139	4
62	140	1
62	141	6
62	142	6
62	143	2
62	144	3
62	145	2
62	146	2
62	147	8
62	148	12
62	149	7
62	150	2
62	151	7
62	152	2
62	153	4
62	155	3
62	156	1
62	157	1
62	158	1
62	164	1
62	165	3
62	166	3
62	167	3
62	168	3
62	169	3
62	170	3
62	171	3
62	172	3
62	174	7
62	175	7
62	176	2
62	177	1
62	178	5
62	179	3
62	180	12
62	181	4
62	182	4
62	183	4
62	184	4
62	188	1
62	189	10
62	190	2
62	191	1
62	192	1
62	193	1
62	194	2
62	195	2
62	196	2
62	197	2
62	198	2
62	199	2
62	200	2
62	201	8
62	202	5
62	203	10
62	205	4
62	206	9
62	207	4
62	209	3
62	210	1
62	211	5
62	212	8
62	213	7
62	214	6
62	215	3
62	216	2
62	219	1
62	220	4
62	221	8
62	222	2
62	223	4
62	224	1
62	225	1
62	226	3
62	227	2
62	228	2
62	229	2
62	232	1
62	233	1
62	234	5
62	235	1
62	236	1
62	237	3
62	238	3
62	239	4
62	240	3
62	241	16
62	242	11
62	244	1
62	247	32
62	248	9
62	249	6
62	251	5
62	252	12
62	253	2
62	254	2
62	255	2
62	256	2
62	257	2
62	258	2
62	259	2
62	260	2
62	261	9
62	262	2
62	263	2
62	264	2
62	265	1
62	266	1
62	267	5
62	268	5
62	269	7
62	270	6
62	271	7
62	272	7
62	273	4
62	274	2
62	275	4
62	276	4
62	277	10
62	278	8
62	279	1
62	280	1
62	284	2
62	287	1
62	289	2
62	290	3
62	292	3
62	293	8
62	294	4
62	295	7
62	296	2
62	297	2
62	298	1
62	299	2
62	300	1
62	301	3
62	302	7
62	303	2
62	305	3
62	306	5
62	307	2
62	309	1
62	311	2
62	312	2
62	313	12
62	314	8
62	315	8
62	316	5
62	317	5
62	318	6
62	320	1
62	322	1
62	323	1
62	324	3
62	327	4
62	328	4
62	330	3
62	333	5
62	338	11
62	339	4
62	340	4
62	341	1
62	342	1
62	343	1
62	344	1
62	345	1
62	346	1
62	347	1
62	348	1
62	349	2
62	350	2
62	351	2
62	352	4
62	353	2
62	354	2
62	355	5
62	356	2
62	357	7
62	358	2
62	359	1
62	360	1
62	361	1
62	362	1
62	363	3
62	364	2
62	365	7
62	366	2
62	367	5
62	368	5
62	369	2
62	370	3
62	371	1
62	372	1
62	373	2
62	374	2
62	375	2
62	376	2
62	377	3
62	378	3
62	379	3
62	380	3
62	383	1
62	384	1
62	389	2
62	390	2
62	397	2
62	398	2
62	399	3
62	400	3
62	401	3
62	404	4
62	410	4
62	412	5
62	414	4
62	415	4
62	416	4
62	418	1
62	419	2
62	420	1
62	421	1
62	422	1
62	425	6
62	426	6
62	427	6
62	428	1
62	429	1
62	430	1
62	431	1
62	436	4
62	437	4
62	438	4
62	439	1
62	440	1
62	441	1
62	442	1
62	443	4
62	444	1
62	445	2
62	446	1
62	452	2
62	454	1
62	455	4
62	456	4
62	457	4
62	458	4
62	459	3
62	460	3
62	461	1
62	462	1
62	463	1
62	464	1
62	469	2
62	470	1
62	472	2
62	473	3
62	474	3
62	479	2
62	481	1
62	482	3
62	484	1
62	489	2
62	490	4
62	491	4
62	492	4
62	493	3
62	494	5
62	495	1
62	496	1
62	497	1
62	499	3
62	500	1
62	503	4
62	505	3
62	507	5
62	508	1
62	510	5
62	511	5
62	512	1
62	513	3
62	516	3
62	518	2
62	519	7
62	520	2
62	521	5
62	522	1
62	524	1
62	525	8
62	527	1
62	528	3
62	529	3
62	531	3
62	532	3
62	533	1
63	69	1
63	70	1
63	71	1
63	72	3
63	73	1
63	74	5
63	82	4
63	83	5
63	86	1
63	87	1
63	88	1
63	89	1
63	90	1
63	91	1
63	92	2
63	93	2
63	94	1
63	95	1
63	98	4
63	100	1
63	101	1
63	109	1
63	110	2
63	111	1
63	112	1
63	113	1
63	114	1
63	115	1
63	116	1
63	117	3
63	118	5
63	119	3
63	121	3
63	122	2
63	128	4
63	129	4
63	134	1
63	135	2
63	138	1
63	139	1
63	141	4
63	142	4
63	143	1
63	144	1
63	145	1
63	146	1
63	147	3
63	148	4
63	149	3
63	151	2
63	153	1
63	154	2
63	155	1
63	159	1
63	160	1
63	161	1
63	165	1
63	166	1
63	167	1
63	168	1
63	169	2
63	170	2
63	171	2
63	172	2
63	173	1
63	174	2
63	175	4
63	177	4
63	178	3
63	180	4
63	181	3
63	182	3
63	183	3
63	184	3
63	189	4
63	190	1
63	201	1
63	202	1
63	203	1
63	206	1
63	207	2
63	209	2
63	210	1
63	214	1
63	218	3
63	219	3
63	220	1
63	221	1
63	226	1
63	227	4
63	234	1
63	241	3
63	242	1
63	244	1
63	247	3
63	248	2
63	251	1
63	252	8
63	261	1
63	267	2
63	268	2
63	269	3
63	270	1
63	271	1
63	272	1
63	273	1
63	275	2
63	276	2
63	277	1
63	278	1
63	281	1
63	282	1
63	283	1
63	285	1
63	286	1
63	287	2
63	291	1
63	293	1
63	294	2
63	295	5
63	297	1
63	299	2
63	301	3
63	302	1
63	303	2
63	304	1
63	306	4
63	313	1
63	314	1
63	315	1
63	316	4
63	317	4
63	318	1
63	320	1
63	324	2
63	327	1
63	328	1
63	333	1
63	338	2
63	339	1
63	340	1
63	352	1
63	353	1
63	354	1
63	356	1
63	357	3
63	358	1
63	364	1
63	365	2
63	367	2
63	368	2
63	371	1
63	372	2
63	373	1
63	374	1
63	385	1
63	386	1
63	387	1
63	388	1
63	401	2
63	404	1
63	407	1
63	410	1
63	417	4
63	439	1
63	455	2
63	456	2
63	457	2
63	458	2
63	459	3
63	460	3
63	475	1
63	476	1
63	477	1
63	479	3
63	482	1
63	489	1
63	493	1
63	494	1
63	505	1
63	507	1
63	510	1
63	511	1
63	512	1
63	513	3
63	516	2
63	519	2
63	520	1
63	521	1
63	523	3
63	524	1
63	525	2
63	527	1
63	531	1
63	532	1
63	533	1
64	65	96
64	66	96
64	77	2
64	78	2
64	79	2
64	80	2
64	138	1
64	139	1
64	244	1
64	252	1
64	265	1
64	266	1
64	289	1
64	309	1
64	328	1
64	371	1
65	66	96
65	77	2
65	78	2
65	79	2
65	80	2
65	138	1
65	139	1
65	244	1
65	252	1
65	265	1
65	266	1
65	289	1
65	309	1
65	328	1
65	371	1
66	77	2
66	78	2
66	79	2
66	80	2
66	138	1
66	139	1
66	244	1
66	252	1
66	265	1
66	266	1
66	289	1
66	309	1
66	328	1
66	371	1
67	68	46
67	69	5
67	70	5
67	71	5
67	72	5
67	73	5
67	74	5
67	77	1
67	78	1
67	79	3
67	80	1
67	81	1
67	82	4
67	83	3
67	84	1
67	85	1
67	86	1
67	87	1
67	88	1
67	89	1
67	90	1
67	91	3
67	92	3
67	93	7
67	94	3
67	95	2
67	96	2
67	100	2
67	101	1
67	102	2
67	103	2
67	104	2
67	111	1
67	112	1
67	113	1
67	114	1
67	115	1
67	116	1
67	117	1
67	118	2
67	119	1
67	120	1
67	121	4
67	122	3
67	123	2
67	124	2
67	125	2
67	126	3
67	127	2
67	128	1
67	129	1
67	134	2
67	135	4
67	137	1
67	138	2
67	139	2
67	140	1
67	141	1
67	142	1
67	144	1
67	147	5
67	148	5
67	149	2
67	150	1
67	151	2
67	153	1
67	154	1
67	155	1
67	156	1
67	157	1
67	158	1
67	164	1
67	169	4
67	170	4
67	171	4
67	172	4
67	174	2
67	175	3
67	178	2
67	179	2
67	180	4
67	181	1
67	182	1
67	183	1
67	184	1
67	188	1
67	189	1
67	190	1
67	192	1
67	193	2
67	194	1
67	195	1
67	196	1
67	201	5
67	202	1
67	203	2
67	206	3
67	207	4
67	210	1
67	211	2
67	212	3
67	213	3
67	214	3
67	215	3
67	216	2
67	221	2
67	223	1
67	224	1
67	225	1
67	227	1
67	232	1
67	233	1
67	234	2
67	235	1
67	236	1
67	237	2
67	238	2
67	239	2
67	240	2
67	241	3
67	242	1
67	243	1
67	247	4
67	248	2
67	249	2
67	251	4
67	252	4
67	253	1
67	254	1
67	255	1
67	256	1
67	257	1
67	258	1
67	259	1
67	260	1
67	261	4
67	262	1
67	263	1
67	264	1
67	265	1
67	266	1
67	267	4
67	268	4
67	269	3
67	270	3
67	271	6
67	272	6
67	273	4
67	274	2
67	275	1
67	276	1
67	277	2
67	278	2
67	279	2
67	280	2
67	284	2
67	289	1
67	290	1
67	292	1
67	293	2
67	295	2
67	296	1
67	297	2
67	298	1
67	299	2
67	301	1
67	302	2
67	303	2
67	306	3
67	309	1
67	310	1
67	312	1
67	313	5
67	314	4
67	315	4
67	316	2
67	317	2
67	318	2
67	320	1
67	324	1
67	327	1
67	328	2
67	330	2
67	333	2
67	338	3
67	339	3
67	340	3
67	352	1
67	355	4
67	356	1
67	357	2
67	358	1
67	364	1
67	365	4
67	369	1
67	370	1
67	371	1
67	372	1
67	375	2
67	376	2
67	377	3
67	378	3
67	379	3
67	380	3
67	389	1
67	390	2
67	397	1
67	398	1
67	399	1
67	400	1
67	401	2
67	404	4
67	408	1
67	409	1
67	410	2
67	411	1
67	412	2
67	413	1
67	414	3
67	415	3
67	416	3
67	418	2
67	419	2
67	420	2
67	421	2
67	422	2
67	429	1
67	430	1
67	436	1
67	437	1
67	438	1
67	439	1
67	442	1
67	443	2
67	445	1
67	452	1
67	455	2
67	456	2
67	457	2
67	458	2
67	459	1
67	460	1
67	469	2
67	472	1
67	473	1
67	474	1
67	489	2
67	490	1
67	491	1
67	492	1
67	493	2
67	494	3
67	496	2
67	499	2
67	507	4
67	510	1
67	511	1
67	513	2
67	514	1
67	515	1
67	518	2
67	519	4
67	521	1
67	524	1
67	525	2
67	528	2
67	529	2
68	69	5
68	70	5
68	71	5
68	72	5
68	73	5
68	74	5
68	77	1
68	78	1
68	79	3
68	80	1
68	81	1
68	82	4
68	83	3
68	84	1
68	85	1
68	86	1
68	87	1
68	88	1
68	89	1
68	90	1
68	91	3
68	92	3
68	93	7
68	94	3
68	95	2
68	96	2
68	100	2
68	101	1
68	102	2
68	103	2
68	104	2
68	111	1
68	112	1
68	113	1
68	114	1
68	115	1
68	116	1
68	117	1
68	118	2
68	119	1
68	120	1
68	121	4
68	122	3
68	123	2
68	124	2
68	125	2
68	126	3
68	127	2
68	128	1
68	129	1
68	134	2
68	135	4
68	137	1
68	138	2
68	139	2
68	140	1
68	141	1
68	142	1
68	144	1
68	147	5
68	148	5
68	149	2
68	150	1
68	151	2
68	153	1
68	154	1
68	155	1
68	156	1
68	157	1
68	158	1
68	164	1
68	169	4
68	170	4
68	171	4
68	172	4
68	174	2
68	175	3
68	178	2
68	179	2
68	180	4
68	181	1
68	182	1
68	183	1
68	184	1
68	188	1
68	189	1
68	190	1
68	192	1
68	193	2
68	194	1
68	195	1
68	196	1
68	201	5
68	202	1
68	203	2
68	206	3
68	207	4
68	210	1
68	211	2
68	212	3
68	213	3
68	214	3
68	215	3
68	216	2
68	221	2
68	223	1
68	224	1
68	225	1
68	227	1
68	232	1
68	233	1
68	234	2
68	235	1
68	236	1
68	237	2
68	238	2
68	239	2
68	240	2
68	241	3
68	242	1
68	243	1
68	247	4
68	248	2
68	249	2
68	251	4
68	252	4
68	253	1
68	254	1
68	255	1
68	256	1
68	257	1
68	258	1
68	259	1
68	260	1
68	261	4
68	262	1
68	263	1
68	264	1
68	265	1
68	266	1
68	267	4
68	268	4
68	269	3
68	270	3
68	271	6
68	272	6
68	273	4
68	274	2
68	275	1
68	276	1
68	277	2
68	278	2
68	279	2
68	280	2
68	284	2
68	289	1
68	290	1
68	292	1
68	293	2
68	295	2
68	296	1
68	297	2
68	298	1
68	299	2
68	301	1
68	302	2
68	303	2
68	306	3
68	309	1
68	310	1
68	312	1
68	313	5
68	314	4
68	315	4
68	316	2
68	317	2
68	318	2
68	320	1
68	324	1
68	327	1
68	328	2
68	330	2
68	333	2
68	338	3
68	339	3
68	340	3
68	352	1
68	355	4
68	356	1
68	357	2
68	358	1
68	364	1
68	365	4
68	369	1
68	370	1
68	371	1
68	372	1
68	375	2
68	376	2
68	377	3
68	378	3
68	379	3
68	380	3
68	389	1
68	390	2
68	397	1
68	398	1
68	399	1
68	400	1
68	401	2
68	404	4
68	408	1
68	409	1
68	410	2
68	411	1
68	412	2
68	413	1
68	414	3
68	415	3
68	416	3
68	418	2
68	419	2
68	420	2
68	421	2
68	422	2
68	429	1
68	430	1
68	436	1
68	437	1
68	438	1
68	439	1
68	442	1
68	443	2
68	445	1
68	452	1
68	455	2
68	456	2
68	457	2
68	458	2
68	459	1
68	460	1
68	469	2
68	472	1
68	473	1
68	474	1
68	489	2
68	490	1
68	491	1
68	492	1
68	493	2
68	494	3
68	496	2
68	499	2
68	507	4
68	510	1
68	511	1
68	513	2
68	514	1
68	515	1
68	518	2
68	519	4
68	521	1
68	524	1
68	525	2
68	528	2
68	529	2
69	70	76
69	71	76
69	72	76
69	73	76
69	74	3
69	77	2
69	78	2
69	79	6
69	80	2
69	81	2
69	82	3
69	83	3
69	86	1
69	87	1
69	88	1
69	89	1
69	90	1
69	91	2
69	92	2
69	93	6
69	94	2
69	95	1
69	96	4
69	100	1
69	101	1
69	102	2
69	103	2
69	104	2
69	110	1
69	111	4
69	112	4
69	113	4
69	114	1
69	115	1
69	116	1
69	117	1
69	118	3
69	119	1
69	120	3
69	121	5
69	122	2
69	123	2
69	124	2
69	125	2
69	126	2
69	127	2
69	128	4
69	129	4
69	130	1
69	131	1
69	132	1
69	133	1
69	135	5
69	138	3
69	139	3
69	140	1
69	141	1
69	142	1
69	143	1
69	144	2
69	145	1
69	146	1
69	147	5
69	148	5
69	149	5
69	150	1
69	151	5
69	152	1
69	153	1
69	155	2
69	156	1
69	157	1
69	158	1
69	164	1
69	169	3
69	170	3
69	171	3
69	172	3
69	174	3
69	175	5
69	176	1
69	178	3
69	179	1
69	180	4
69	181	2
69	182	2
69	183	2
69	184	2
69	188	1
69	189	5
69	190	1
69	191	1
69	192	1
69	193	1
69	194	2
69	195	2
69	196	2
69	201	7
69	202	3
69	203	3
69	205	1
69	206	6
69	207	3
69	209	1
69	210	1
69	211	3
69	212	6
69	213	5
69	214	3
69	215	3
69	216	1
69	220	2
69	221	4
69	222	1
69	223	3
69	224	1
69	225	1
69	226	3
69	227	1
69	232	1
69	233	1
69	234	3
69	235	1
69	236	1
69	237	3
69	238	3
69	239	4
69	240	3
69	241	4
69	242	2
69	247	6
69	248	6
69	249	3
69	251	4
69	252	6
69	253	2
69	254	2
69	255	2
69	256	2
69	257	2
69	258	2
69	259	2
69	260	2
69	261	5
69	262	2
69	263	2
69	264	2
69	267	2
69	268	2
69	269	6
69	270	5
69	271	5
69	272	5
69	273	3
69	274	2
69	275	3
69	276	3
69	277	4
69	278	3
69	279	1
69	280	1
69	284	2
69	290	1
69	292	1
69	293	3
69	294	1
69	295	4
69	296	2
69	297	2
69	298	1
69	299	1
69	301	1
69	302	4
69	303	2
69	305	2
69	306	2
69	307	1
69	312	1
69	313	8
69	314	4
69	315	4
69	316	4
69	317	4
69	318	4
69	320	1
69	324	2
69	327	2
69	328	2
69	330	3
69	333	4
69	338	4
69	339	4
69	340	4
69	349	1
69	350	1
69	351	1
69	352	1
69	353	2
69	354	2
69	355	4
69	356	1
69	357	2
69	358	2
69	364	1
69	365	3
69	367	2
69	368	2
69	369	2
69	370	2
69	371	1
69	372	1
69	373	2
69	374	2
69	375	2
69	376	2
69	377	2
69	378	2
69	379	2
69	380	2
69	383	1
69	384	1
69	389	1
69	390	1
69	397	2
69	398	2
69	399	2
69	400	2
69	401	2
69	404	2
69	410	4
69	412	3
69	414	3
69	415	3
69	416	3
69	418	1
69	419	1
69	420	1
69	421	1
69	422	1
69	425	4
69	426	4
69	427	4
69	429	1
69	430	1
69	436	1
69	437	1
69	438	1
69	439	1
69	440	1
69	441	1
69	442	1
69	443	3
69	445	2
69	446	1
69	452	2
69	454	1
69	455	2
69	456	2
69	457	2
69	458	2
69	459	2
69	460	2
69	469	2
69	472	1
69	473	2
69	474	2
69	481	1
69	489	1
69	490	4
69	491	4
69	492	4
69	493	2
69	494	5
69	496	1
69	497	1
69	499	3
69	500	1
69	503	3
69	505	1
69	507	4
69	510	3
69	511	3
69	513	2
69	518	2
69	519	3
69	521	3
69	524	1
69	525	6
69	528	1
69	529	1
69	531	1
69	532	1
70	71	76
70	72	77
70	73	76
70	74	5
70	77	2
70	78	2
70	79	6
70	80	2
70	81	2
70	82	4
70	83	5
70	86	2
70	87	2
70	88	2
70	89	2
70	90	2
70	91	2
70	92	2
70	93	6
70	94	2
70	95	1
70	96	4
70	98	1
70	100	3
70	101	1
70	102	2
70	103	2
70	104	2
70	110	1
70	111	4
70	112	4
70	113	4
70	114	1
70	115	1
70	116	1
70	117	1
70	118	3
70	119	1
70	120	3
70	121	5
70	122	2
70	123	2
70	124	2
70	125	2
70	126	2
70	127	4
70	128	5
70	129	5
70	130	1
70	131	1
70	132	1
70	133	1
70	135	5
70	138	3
70	139	3
70	140	1
70	141	1
70	142	1
70	143	1
70	144	2
70	145	1
70	146	1
70	147	5
70	148	5
70	149	5
70	150	1
70	151	5
70	152	1
70	153	1
70	155	2
70	156	1
70	157	1
70	158	1
70	164	1
70	169	3
70	170	3
70	171	3
70	172	3
70	174	3
70	175	5
70	176	1
70	177	1
70	178	3
70	179	2
70	180	4
70	181	2
70	182	2
70	183	2
70	184	2
70	188	1
70	189	5
70	190	1
70	191	1
70	192	1
70	193	1
70	194	2
70	195	2
70	196	2
70	197	1
70	198	1
70	199	1
70	200	1
70	201	8
70	202	3
70	203	3
70	205	1
70	206	6
70	207	4
70	209	1
70	210	1
70	211	3
70	212	6
70	213	5
70	214	3
70	215	3
70	216	1
70	220	2
70	221	5
70	222	1
70	223	3
70	224	2
70	225	1
70	226	3
70	227	1
70	232	1
70	233	1
70	234	3
70	235	1
70	236	1
70	237	4
70	238	4
70	239	6
70	240	4
70	241	5
70	242	2
70	243	1
70	247	7
70	248	7
70	249	3
70	251	4
70	252	7
70	253	3
70	254	3
70	255	3
70	256	3
70	257	3
70	258	3
70	259	3
70	260	3
70	261	6
70	262	3
70	263	3
70	264	2
70	267	2
70	268	2
70	269	6
70	270	5
70	271	6
70	272	6
70	273	4
70	274	2
70	275	3
70	276	3
70	277	4
70	278	3
70	279	1
70	280	1
70	281	1
70	282	1
70	283	1
70	284	2
70	289	1
70	290	1
70	292	1
70	293	3
70	294	1
70	295	4
70	296	2
70	297	2
70	298	1
70	299	1
70	300	2
70	301	1
70	302	4
70	303	2
70	305	2
70	306	2
70	307	1
70	312	1
70	313	9
70	314	5
70	315	5
70	316	4
70	317	4
70	318	4
70	320	1
70	321	1
70	324	2
70	327	2
70	328	2
70	330	3
70	333	4
70	338	4
70	339	4
70	340	4
70	349	1
70	350	1
70	351	1
70	352	1
70	353	2
70	354	2
70	355	4
70	356	1
70	357	2
70	358	2
70	364	1
70	365	3
70	366	1
70	367	2
70	368	2
70	369	2
70	370	2
70	371	1
70	372	1
70	373	3
70	374	3
70	375	2
70	376	2
70	377	2
70	378	2
70	379	2
70	380	2
70	383	2
70	384	2
70	389	2
70	390	1
70	397	2
70	398	2
70	399	2
70	400	2
70	401	3
70	404	2
70	410	4
70	412	3
70	414	3
70	415	3
70	416	3
70	418	1
70	419	1
70	420	1
70	421	1
70	422	1
70	425	4
70	426	4
70	427	4
70	429	1
70	430	1
70	436	1
70	437	1
70	438	1
70	439	1
70	440	1
70	441	1
70	442	1
70	443	3
70	445	2
70	446	2
70	452	2
70	454	1
70	455	2
70	456	2
70	457	2
70	458	2
70	459	2
70	460	2
70	469	2
70	472	1
70	473	2
70	474	2
70	481	1
70	489	1
70	490	4
70	491	4
70	492	4
70	493	2
70	494	5
70	496	2
70	497	1
70	499	3
70	500	1
70	501	1
70	502	1
70	503	3
70	505	1
70	506	1
70	507	4
70	510	3
70	511	3
70	513	2
70	518	2
70	519	3
70	520	1
70	521	3
70	524	1
70	525	6
70	528	1
70	529	1
70	531	1
70	532	1
71	72	76
71	73	76
71	74	3
71	77	2
71	78	2
71	79	6
71	80	2
71	81	2
71	82	3
71	83	3
71	86	1
71	87	1
71	88	1
71	89	1
71	90	1
71	91	2
71	92	2
71	93	6
71	94	2
71	95	1
71	96	4
71	100	1
71	101	1
71	102	2
71	103	2
71	104	2
71	110	1
71	111	4
71	112	4
71	113	4
71	114	1
71	115	1
71	116	1
71	117	1
71	118	3
71	119	1
71	120	3
71	121	5
71	122	2
71	123	2
71	124	2
71	125	2
71	126	2
71	127	2
71	128	4
71	129	4
71	130	1
71	131	1
71	132	1
71	133	1
71	135	5
71	138	3
71	139	3
71	140	1
71	141	1
71	142	1
71	143	1
71	144	2
71	145	1
71	146	1
71	147	5
71	148	5
71	149	5
71	150	1
71	151	5
71	152	1
71	153	1
71	155	2
71	156	1
71	157	1
71	158	1
71	164	1
71	169	3
71	170	3
71	171	3
71	172	3
71	174	3
71	175	5
71	176	1
71	178	3
71	179	1
71	180	4
71	181	2
71	182	2
71	183	2
71	184	2
71	188	1
71	189	5
71	190	1
71	191	1
71	192	1
71	193	1
71	194	2
71	195	2
71	196	2
71	201	7
71	202	3
71	203	3
71	205	1
71	206	6
71	207	3
71	209	1
71	210	1
71	211	3
71	212	6
71	213	5
71	214	3
71	215	3
71	216	1
71	220	2
71	221	4
71	222	1
71	223	3
71	224	1
71	225	1
71	226	3
71	227	1
71	232	1
71	233	1
71	234	3
71	235	1
71	236	1
71	237	3
71	238	3
71	239	4
71	240	3
71	241	4
71	242	2
71	247	6
71	248	6
71	249	3
71	251	4
71	252	6
71	253	2
71	254	2
71	255	2
71	256	2
71	257	2
71	258	2
71	259	2
71	260	2
71	261	5
71	262	2
71	263	2
71	264	2
71	267	2
71	268	2
71	269	6
71	270	5
71	271	5
71	272	5
71	273	3
71	274	2
71	275	3
71	276	3
71	277	4
71	278	3
71	279	1
71	280	1
71	284	2
71	290	1
71	292	1
71	293	3
71	294	1
71	295	4
71	296	2
71	297	2
71	298	1
71	299	1
71	301	1
71	302	4
71	303	2
71	305	2
71	306	2
71	307	1
71	312	1
71	313	8
71	314	4
71	315	4
71	316	4
71	317	4
71	318	4
71	320	1
71	324	2
71	327	2
71	328	2
71	330	3
71	333	4
71	338	4
71	339	4
71	340	4
71	349	1
71	350	1
71	351	1
71	352	1
71	353	2
71	354	2
71	355	4
71	356	1
71	357	2
71	358	2
71	364	1
71	365	3
71	367	2
71	368	2
71	369	2
71	370	2
71	371	1
71	372	1
71	373	2
71	374	2
71	375	2
71	376	2
71	377	2
71	378	2
71	379	2
71	380	2
71	383	1
71	384	1
71	389	1
71	390	1
71	397	2
71	398	2
71	399	2
71	400	2
71	401	2
71	404	2
71	410	4
71	412	3
71	414	3
71	415	3
71	416	3
71	418	1
71	419	1
71	420	1
71	421	1
71	422	1
71	425	4
71	426	4
71	427	4
71	429	1
71	430	1
71	436	1
71	437	1
71	438	1
71	439	1
71	440	1
71	441	1
71	442	1
71	443	3
71	445	2
71	446	1
71	452	2
71	454	1
71	455	2
71	456	2
71	457	2
71	458	2
71	459	2
71	460	2
71	469	2
71	472	1
71	473	2
71	474	2
71	481	1
71	489	1
71	490	4
71	491	4
71	492	4
71	493	2
71	494	5
71	496	1
71	497	1
71	499	3
71	500	1
71	503	3
71	505	1
71	507	4
71	510	3
71	511	3
71	513	2
71	518	2
71	519	3
71	521	3
71	524	1
71	525	6
71	528	1
71	529	1
71	531	1
71	532	1
72	73	77
72	74	10
72	77	2
72	78	2
72	79	7
72	80	2
72	81	3
72	82	5
72	83	9
72	84	2
72	85	2
72	86	2
72	87	2
72	88	2
72	89	2
72	90	2
72	91	3
72	92	3
72	93	11
72	94	3
72	95	2
72	96	4
72	97	2
72	98	3
72	99	2
72	100	6
72	101	1
72	102	3
72	103	3
72	104	3
72	105	1
72	106	1
72	107	1
72	108	1
72	109	1
72	110	2
72	111	4
72	112	4
72	113	4
72	114	1
72	115	1
72	116	1
72	117	1
72	118	7
72	119	1
72	120	4
72	121	14
72	122	7
72	123	2
72	124	2
72	125	2
72	126	2
72	127	4
72	128	6
72	129	6
72	130	2
72	131	2
72	132	2
72	133	2
72	134	3
72	135	6
72	138	4
72	139	4
72	140	1
72	141	6
72	142	6
72	143	2
72	144	3
72	145	2
72	146	2
72	147	9
72	148	11
72	149	8
72	150	2
72	151	6
72	152	1
72	153	2
72	155	3
72	156	1
72	157	1
72	158	1
72	159	1
72	160	1
72	161	1
72	162	2
72	163	2
72	164	3
72	165	4
72	166	4
72	167	4
72	168	4
72	169	3
72	170	3
72	171	3
72	172	4
72	173	1
72	174	6
72	175	6
72	176	1
72	177	1
72	178	7
72	179	1
72	180	8
72	181	2
72	182	2
72	183	2
72	184	2
72	188	1
72	189	6
72	190	1
72	191	1
72	192	2
72	193	2
72	194	2
72	195	2
72	196	2
72	201	11
72	202	7
72	203	8
72	205	2
72	206	6
72	207	3
72	209	1
72	210	1
72	211	7
72	212	10
72	213	10
72	214	6
72	215	5
72	216	1
72	218	3
72	219	3
72	220	5
72	221	6
72	222	2
72	223	6
72	224	3
72	225	1
72	226	3
72	227	2
72	230	67
72	231	67
72	232	1
72	233	1
72	234	6
72	235	1
72	236	2
72	237	3
72	238	3
72	239	4
72	240	3
72	241	10
72	242	5
72	244	1
72	247	12
72	248	9
72	249	6
72	251	5
72	252	16
72	253	5
72	254	5
72	255	5
72	256	5
72	257	5
72	258	5
72	259	5
72	260	5
72	261	10
72	262	5
72	263	5
72	264	6
72	267	2
72	268	2
72	269	7
72	270	5
72	271	8
72	272	8
72	273	5
72	274	2
72	275	5
72	276	5
72	277	6
72	278	4
72	279	2
72	280	2
72	284	2
72	288	1
72	290	2
72	292	3
72	293	5
72	294	6
72	295	12
72	296	3
72	297	2
72	298	1
72	299	2
72	300	1
72	301	4
72	302	4
72	303	3
72	305	2
72	306	4
72	307	1
72	309	3
72	311	3
72	312	1
72	313	9
72	314	5
72	315	5
72	316	6
72	317	7
72	318	4
72	320	1
72	321	1
72	322	1
72	323	1
72	324	5
72	327	4
72	328	3
72	330	3
72	333	5
72	338	9
72	339	4
72	340	4
72	346	3
72	347	3
72	348	3
72	349	3
72	350	3
72	351	3
72	352	2
72	353	5
72	354	5
72	355	4
72	356	1
72	357	5
72	358	3
72	359	2
72	360	2
72	361	2
72	362	2
72	363	2
72	364	1
72	365	5
72	366	2
72	367	4
72	368	4
72	369	4
72	370	4
72	371	1
72	372	4
72	373	2
72	374	2
72	375	2
72	376	2
72	377	2
72	378	2
72	379	2
72	380	2
72	383	1
72	384	1
72	389	2
72	390	1
72	397	2
72	398	2
72	399	3
72	400	3
72	401	6
72	404	2
72	410	4
72	412	3
72	414	4
72	415	4
72	416	4
72	417	1
72	418	1
72	419	1
72	420	1
72	421	1
72	422	1
72	425	4
72	426	4
72	427	4
72	429	1
72	430	1
72	431	1
72	436	3
72	437	3
72	438	3
72	439	1
72	440	1
72	441	1
72	442	1
72	443	3
72	445	2
72	446	1
72	448	1
72	452	2
72	454	1
72	455	3
72	456	3
72	457	3
72	458	3
72	459	3
72	460	3
72	469	2
72	472	1
72	473	2
72	474	2
72	475	1
72	476	1
72	477	1
72	479	1
72	481	1
72	482	1
72	489	2
72	490	7
72	491	7
72	492	7
72	493	2
72	494	5
72	496	2
72	497	2
72	499	3
72	500	1
72	503	3
72	505	1
72	507	5
72	510	6
72	511	6
72	512	2
72	513	4
72	516	2
72	518	2
72	519	4
72	520	1
72	521	5
72	524	5
72	525	8
72	526	1
72	527	2
72	528	1
72	529	1
72	531	3
72	532	3
73	74	3
73	77	2
73	78	2
73	79	6
73	80	2
73	81	2
73	82	3
73	83	3
73	86	1
73	87	1
73	88	1
73	89	1
73	90	1
73	91	2
73	92	2
73	93	6
73	94	2
73	95	1
73	96	4
73	97	1
73	98	1
73	99	1
73	100	1
73	101	1
73	102	2
73	103	2
73	104	2
73	110	1
73	111	4
73	112	4
73	113	4
73	114	1
73	115	1
73	116	1
73	117	1
73	118	3
73	119	1
73	120	3
73	121	6
73	122	2
73	123	2
73	124	2
73	125	2
73	126	2
73	127	2
73	128	4
73	129	4
73	130	1
73	131	1
73	132	1
73	133	1
73	135	5
73	138	3
73	139	3
73	140	1
73	141	1
73	142	1
73	143	2
73	144	3
73	145	2
73	146	2
73	147	5
73	148	6
73	149	5
73	150	1
73	151	5
73	152	1
73	153	1
73	155	2
73	156	1
73	157	1
73	158	1
73	159	1
73	160	1
73	161	1
73	164	1
73	169	3
73	170	3
73	171	3
73	172	3
73	174	3
73	175	5
73	176	1
73	178	3
73	179	1
73	180	4
73	181	3
73	182	3
73	183	3
73	184	3
73	188	1
73	189	5
73	190	1
73	191	1
73	192	1
73	193	1
73	194	2
73	195	2
73	196	2
73	201	7
73	202	3
73	203	4
73	205	2
73	206	6
73	207	3
73	209	1
73	210	1
73	211	3
73	212	6
73	213	5
73	214	3
73	215	3
73	216	1
73	220	39
73	221	41
73	222	38
73	223	40
73	224	1
73	225	1
73	226	3
73	227	1
73	232	1
73	233	1
73	234	3
73	235	1
73	236	1
73	237	3
73	238	3
73	239	4
73	240	3
73	241	4
73	242	2
73	247	6
73	248	6
73	249	3
73	251	4
73	252	7
73	253	2
73	254	2
73	255	2
73	256	2
73	257	2
73	258	2
73	259	2
73	260	2
73	261	6
73	262	2
73	263	2
73	264	2
73	267	2
73	268	2
73	269	6
73	270	5
73	271	5
73	272	5
73	273	3
73	274	3
73	275	3
73	276	3
73	277	5
73	278	3
73	279	1
73	280	1
73	284	2
73	289	1
73	290	1
73	292	1
73	293	4
73	294	1
73	295	4
73	296	2
73	297	3
73	298	1
73	299	1
73	300	1
73	301	1
73	302	4
73	303	2
73	305	2
73	306	3
73	307	1
73	309	1
73	312	1
73	313	8
73	314	4
73	315	4
73	316	4
73	317	4
73	318	4
73	320	1
73	324	2
73	327	3
73	328	3
73	330	3
73	333	4
73	338	4
73	339	4
73	340	4
73	341	1
73	342	1
73	343	1
73	344	1
73	345	1
73	349	1
73	350	1
73	351	1
73	352	1
73	353	2
73	354	2
73	355	4
73	356	2
73	357	2
73	358	2
73	364	2
73	365	3
73	367	2
73	368	2
73	369	2
73	370	2
73	371	1
73	372	1
73	373	2
73	374	2
73	375	2
73	376	2
73	377	2
73	378	2
73	379	2
73	380	2
73	383	2
73	384	2
73	389	1
73	390	1
73	397	2
73	398	2
73	399	2
73	400	2
73	401	2
73	404	3
73	407	1
73	410	4
73	412	3
73	414	3
73	415	3
73	416	3
73	418	1
73	419	1
73	420	1
73	421	1
73	422	1
73	425	4
73	426	4
73	427	4
73	429	1
73	430	1
73	436	1
73	437	1
73	438	1
73	439	1
73	440	1
73	441	1
73	442	1
73	443	4
73	445	2
73	446	1
73	452	2
73	454	1
73	455	2
73	456	2
73	457	2
73	458	2
73	459	2
73	460	2
73	465	1
73	469	2
73	471	1
73	472	1
73	473	2
73	474	2
73	481	1
73	483	1
73	485	1
73	486	1
73	489	1
73	490	4
73	491	4
73	492	4
73	493	2
73	494	5
73	495	1
73	496	1
73	497	1
73	499	3
73	500	1
73	503	3
73	505	1
73	507	4
73	508	1
73	510	3
73	511	3
73	513	2
73	518	3
73	519	3
73	521	3
73	524	2
73	525	10
73	528	1
73	529	1
73	531	1
73	532	1
74	75	90
74	76	90
74	79	7
74	82	58
74	83	108
74	84	2
74	85	2
74	86	8
74	87	8
74	88	8
74	89	8
74	90	8
74	91	1
74	92	1
74	93	7
74	94	1
74	95	3
74	96	4
74	97	3
74	98	5
74	99	3
74	100	101
74	101	2
74	102	1
74	103	1
74	104	1
74	109	1
74	110	4
74	114	3
74	115	3
74	116	3
74	117	4
74	118	9
74	119	4
74	120	3
74	121	8
74	122	3
74	123	3
74	124	3
74	125	3
74	126	2
74	127	2
74	128	5
74	129	5
74	130	7
74	131	7
74	132	7
74	133	7
74	134	54
74	135	2
74	138	1
74	139	1
74	140	2
74	141	9
74	142	9
74	143	2
74	144	2
74	145	2
74	146	2
74	147	8
74	148	7
74	149	1
74	150	4
74	151	6
74	152	2
74	153	4
74	154	1
74	155	1
74	159	2
74	160	2
74	161	2
74	165	4
74	166	4
74	167	4
74	168	4
74	169	1
74	170	1
74	171	1
74	172	1
74	173	3
74	174	7
74	175	4
74	176	3
74	177	2
74	178	6
74	179	2
74	180	10
74	181	2
74	182	2
74	183	2
74	184	2
74	188	1
74	189	4
74	190	2
74	192	5
74	193	6
74	197	1
74	198	1
74	199	1
74	200	1
74	201	12
74	202	6
74	203	9
74	205	1
74	206	6
74	207	3
74	209	8
74	210	2
74	211	8
74	212	8
74	213	10
74	214	7
74	215	3
74	216	2
74	218	7
74	219	7
74	220	2
74	221	5
74	222	1
74	223	1
74	224	1
74	227	2
74	228	1
74	229	1
74	230	1
74	231	1
74	237	1
74	238	1
74	239	1
74	240	1
74	241	11
74	242	8
74	243	1
74	244	1
74	247	12
74	248	4
74	249	1
74	251	5
74	252	16
74	253	2
74	254	2
74	255	2
74	256	2
74	257	2
74	258	2
74	259	2
74	260	2
74	261	5
74	262	2
74	263	2
74	264	1
74	265	1
74	266	1
74	267	8
74	268	8
74	269	4
74	270	1
74	271	7
74	272	7
74	273	4
74	274	1
74	275	3
74	276	3
74	277	6
74	278	10
74	279	1
74	280	1
74	281	1
74	282	1
74	283	1
74	284	4
74	287	6
74	289	2
74	290	2
74	292	1
74	293	5
74	294	6
74	295	8
74	300	4
74	302	4
74	303	2
74	305	2
74	306	5
74	307	2
74	309	8
74	310	1
74	311	3
74	312	2
74	313	6
74	314	5
74	315	5
74	316	2
74	317	2
74	318	5
74	321	2
74	324	2
74	325	1
74	326	1
74	327	1
74	328	6
74	333	2
74	338	12
74	339	1
74	340	1
74	346	2
74	347	2
74	348	2
74	349	1
74	350	1
74	351	1
74	352	9
74	353	1
74	354	1
74	355	2
74	356	5
74	357	7
74	358	3
74	359	3
74	360	3
74	361	3
74	362	3
74	363	4
74	364	4
74	365	7
74	366	3
74	367	1
74	368	1
74	369	1
74	370	1
74	372	7
74	373	1
74	374	1
74	375	1
74	376	1
74	377	2
74	378	2
74	379	2
74	380	2
74	389	6
74	390	1
74	399	4
74	400	4
74	401	2
74	404	1
74	408	1
74	409	1
74	410	1
74	411	1
74	412	2
74	413	1
74	414	1
74	415	1
74	416	1
74	417	5
74	418	1
74	419	1
74	420	1
74	421	1
74	422	1
74	431	1
74	436	5
74	437	5
74	438	5
74	439	2
74	443	1
74	446	2
74	447	1
74	448	3
74	455	1
74	456	1
74	457	1
74	458	1
74	459	1
74	460	1
74	466	1
74	469	2
74	470	2
74	472	3
74	479	2
74	481	1
74	482	4
74	484	2
74	490	2
74	491	2
74	492	2
74	493	1
74	494	2
74	497	1
74	499	1
74	501	2
74	502	2
74	503	2
74	505	3
74	506	1
74	507	7
74	510	5
74	511	5
74	513	1
74	516	3
74	518	3
74	519	3
74	520	2
74	521	2
74	523	4
74	524	3
74	525	2
74	528	1
74	529	1
74	531	1
74	532	1
74	533	1
75	76	90
75	82	2
75	83	2
75	100	1
75	110	1
75	114	1
75	115	1
75	116	1
75	130	1
75	131	1
75	132	1
75	133	1
75	134	1
75	138	1
75	139	1
75	150	1
75	151	1
75	152	1
75	153	3
75	173	1
75	176	1
75	201	2
75	202	1
75	203	1
75	211	5
75	212	5
75	213	5
75	214	1
75	221	1
75	247	1
75	248	1
75	252	1
75	278	2
75	284	1
75	287	1
75	289	1
75	302	1
75	303	1
75	309	3
75	311	2
75	328	2
75	333	1
75	346	2
75	347	2
75	348	2
75	352	1
75	356	2
75	364	2
75	366	1
75	372	1
75	377	1
75	378	1
75	379	1
75	380	1
75	389	1
75	412	1
75	446	1
75	447	1
75	448	2
75	482	1
75	507	1
75	518	1
76	82	2
76	83	2
76	100	1
76	110	1
76	114	1
76	115	1
76	116	1
76	130	1
76	131	1
76	132	1
76	133	1
76	134	1
76	138	1
76	139	1
76	150	1
76	151	1
76	152	1
76	153	3
76	173	1
76	176	1
76	201	2
76	202	1
76	203	1
76	211	5
76	212	5
76	213	5
76	214	1
76	221	1
76	247	1
76	248	1
76	252	1
76	278	2
76	284	1
76	287	1
76	289	1
76	302	1
76	303	1
76	309	3
76	311	2
76	328	2
76	333	1
76	346	2
76	347	2
76	348	2
76	352	1
76	356	2
76	364	2
76	366	1
76	372	1
76	377	1
76	378	1
76	379	1
76	380	1
76	389	1
76	412	1
76	446	1
76	447	1
76	448	2
76	482	1
76	507	1
76	518	1
77	78	51
77	79	51
77	80	51
77	81	2
77	82	1
77	86	1
77	87	1
77	88	1
77	89	1
77	90	1
77	91	1
77	92	1
77	93	1
77	94	1
77	96	4
77	102	1
77	103	1
77	104	1
77	111	2
77	112	2
77	113	2
77	118	1
77	120	2
77	121	3
77	122	1
77	123	1
77	124	1
77	125	1
77	126	1
77	128	2
77	129	2
77	135	1
77	138	2
77	139	2
77	147	2
77	148	3
77	149	1
77	151	1
77	153	1
77	169	1
77	170	1
77	171	1
77	172	1
77	174	1
77	175	2
77	178	1
77	180	1
77	188	1
77	189	1
77	194	1
77	195	1
77	196	1
77	201	2
77	202	1
77	203	1
77	205	1
77	206	3
77	207	2
77	211	1
77	212	4
77	213	2
77	214	2
77	215	2
77	221	2
77	227	2
77	232	2
77	233	2
77	234	3
77	235	2
77	236	2
77	237	2
77	238	2
77	239	2
77	240	2
77	241	2
77	245	1
77	246	1
77	247	2
77	248	2
77	251	3
77	252	3
77	253	1
77	254	1
77	255	1
77	256	1
77	257	1
77	258	1
77	259	1
77	260	1
77	261	2
77	262	1
77	263	1
77	264	2
77	267	1
77	268	1
77	269	2
77	270	2
77	271	1
77	272	1
77	274	1
77	277	1
77	279	1
77	280	1
77	289	1
77	292	1
77	293	1
77	295	1
77	297	1
77	299	1
77	301	1
77	302	2
77	303	1
77	306	2
77	309	1
77	310	2
77	311	1
77	313	5
77	314	2
77	315	2
77	316	2
77	317	2
77	318	1
77	320	1
77	324	1
77	327	1
77	328	2
77	330	1
77	333	1
77	338	1
77	339	4
77	340	4
77	346	1
77	347	1
77	348	1
77	353	1
77	354	1
77	355	2
77	357	1
77	358	1
77	363	1
77	365	2
77	367	2
77	368	2
77	371	1
77	373	1
77	374	1
77	375	2
77	376	2
77	377	1
77	378	1
77	379	1
77	380	1
77	390	1
77	397	1
77	398	1
77	401	1
77	404	2
77	410	2
77	412	2
77	418	2
77	419	3
77	420	2
77	421	2
77	422	2
77	425	1
77	426	1
77	427	1
77	440	1
77	441	1
77	442	1
77	443	1
77	444	2
77	445	1
77	446	1
77	452	2
77	455	1
77	456	1
77	457	1
77	458	1
77	459	1
77	460	1
77	469	1
77	473	2
77	474	2
77	489	1
77	490	3
77	491	3
77	492	3
77	493	1
77	494	3
77	503	1
77	507	2
77	508	1
77	510	1
77	511	1
77	513	2
77	518	1
77	519	2
77	521	1
77	525	2
78	79	51
78	80	51
78	81	2
78	82	1
78	86	1
78	87	1
78	88	1
78	89	1
78	90	1
78	91	1
78	92	1
78	93	1
78	94	1
78	96	4
78	102	1
78	103	1
78	104	1
78	111	2
78	112	2
78	113	2
78	118	1
78	120	2
78	121	3
78	122	1
78	123	1
78	124	1
78	125	1
78	126	1
78	128	2
78	129	2
78	135	1
78	138	2
78	139	2
78	147	2
78	148	3
78	149	1
78	151	1
78	153	1
78	169	1
78	170	1
78	171	1
78	172	1
78	174	1
78	175	2
78	178	1
78	180	1
78	188	1
78	189	1
78	194	1
78	195	1
78	196	1
78	201	2
78	202	1
78	203	1
78	205	1
78	206	3
78	207	2
78	211	1
78	212	4
78	213	2
78	214	2
78	215	2
78	221	2
78	227	2
78	232	2
78	233	2
78	234	3
78	235	2
78	236	2
78	237	2
78	238	2
78	239	2
78	240	2
78	241	2
78	245	1
78	246	1
78	247	2
78	248	2
78	251	3
78	252	3
78	253	1
78	254	1
78	255	1
78	256	1
78	257	1
78	258	1
78	259	1
78	260	1
78	261	2
78	262	1
78	263	1
78	264	2
78	267	1
78	268	1
78	269	2
78	270	2
78	271	1
78	272	1
78	274	1
78	277	1
78	279	1
78	280	1
78	289	1
78	292	1
78	293	1
78	295	1
78	297	1
78	299	1
78	301	1
78	302	2
78	303	1
78	306	2
78	309	1
78	310	2
78	311	1
78	313	5
78	314	2
78	315	2
78	316	2
78	317	2
78	318	1
78	320	1
78	324	1
78	327	1
78	328	2
78	330	1
78	333	1
78	338	1
78	339	4
78	340	4
78	346	1
78	347	1
78	348	1
78	353	1
78	354	1
78	355	2
78	357	1
78	358	1
78	363	1
78	365	2
78	367	2
78	368	2
78	371	1
78	373	1
78	374	1
78	375	2
78	376	2
78	377	1
78	378	1
78	379	1
78	380	1
78	390	1
78	397	1
78	398	1
78	401	1
78	404	2
78	410	2
78	412	2
78	418	2
78	419	3
78	420	2
78	421	2
78	422	2
78	425	1
78	426	1
78	427	1
78	440	1
78	441	1
78	442	1
78	443	1
78	444	2
78	445	1
78	446	1
78	452	2
78	455	1
78	456	1
78	457	1
78	458	1
78	459	1
78	460	1
78	469	1
78	473	2
78	474	2
78	489	1
78	490	3
78	491	3
78	492	3
78	493	1
78	494	3
78	503	1
78	507	2
78	508	1
78	510	1
78	511	1
78	513	2
78	518	1
78	519	2
78	521	1
78	525	2
79	80	51
79	81	9
79	82	3
79	83	7
79	86	6
79	87	6
79	88	6
79	89	6
79	90	6
79	91	3
79	92	4
79	93	6
79	94	2
79	95	2
79	96	59
79	98	1
79	100	6
79	101	1
79	102	3
79	103	3
79	104	3
79	110	2
79	111	3
79	112	3
79	113	3
79	114	1
79	115	1
79	116	1
79	117	2
79	118	4
79	119	2
79	120	5
79	121	10
79	122	4
79	123	2
79	124	2
79	125	2
79	126	7
79	127	4
79	128	5
79	129	5
79	130	3
79	131	3
79	132	3
79	133	3
79	134	1
79	135	6
79	137	1
79	138	7
79	139	7
79	140	1
79	141	4
79	142	4
79	143	4
79	144	5
79	145	4
79	146	4
79	147	9
79	148	14
79	149	2
79	150	1
79	151	5
79	152	1
79	153	2
79	155	2
79	156	1
79	157	1
79	158	1
79	159	2
79	160	2
79	161	2
79	164	1
79	169	4
79	170	4
79	171	4
79	172	4
79	173	2
79	174	4
79	175	7
79	176	2
79	177	1
79	178	2
79	179	3
79	180	2
79	181	2
79	182	2
79	183	2
79	184	2
79	185	2
79	186	2
79	187	2
79	188	3
79	189	5
79	190	2
79	191	1
79	192	2
79	193	2
79	194	1
79	195	1
79	196	1
79	197	1
79	198	1
79	199	1
79	200	1
79	201	8
79	202	1
79	203	2
79	205	4
79	206	8
79	207	5
79	210	1
79	211	3
79	212	12
79	213	4
79	214	3
79	215	2
79	216	2
79	220	1
79	221	6
79	223	1
79	224	3
79	225	1
79	227	3
79	228	1
79	229	1
79	232	2
79	233	2
79	234	8
79	235	2
79	236	2
79	237	5
79	238	5
79	239	5
79	240	5
79	241	9
79	242	6
79	243	1
79	244	2
79	245	1
79	246	1
79	247	10
79	248	8
79	249	2
79	250	43
79	251	6
79	252	14
79	253	3
79	254	3
79	255	3
79	256	3
79	257	3
79	258	3
79	259	3
79	260	3
79	261	4
79	262	3
79	263	3
79	264	2
79	265	1
79	266	1
79	267	5
79	268	5
79	269	4
79	270	4
79	271	4
79	272	4
79	273	1
79	274	3
79	277	2
79	278	4
79	279	2
79	280	2
79	281	1
79	282	1
79	283	1
79	284	4
79	285	1
79	286	1
79	289	1
79	290	2
79	292	2
79	293	2
79	294	2
79	295	1
79	296	1
79	297	4
79	298	1
79	299	3
79	300	1
79	301	1
79	302	11
79	303	3
79	304	5
79	305	2
79	306	4
79	307	2
79	309	2
79	310	3
79	311	2
79	313	16
79	314	8
79	315	8
79	316	3
79	317	4
79	318	1
79	320	1
79	321	1
79	324	1
79	327	1
79	328	6
79	330	4
79	333	2
79	338	2
79	339	7
79	340	7
79	346	2
79	347	2
79	348	2
79	353	1
79	354	1
79	355	3
79	356	2
79	357	4
79	358	3
79	363	2
79	364	2
79	365	3
79	366	1
79	367	3
79	368	3
79	369	1
79	370	2
79	371	1
79	372	1
79	373	2
79	374	2
79	375	4
79	376	4
79	377	2
79	378	2
79	379	2
79	380	2
79	383	1
79	384	1
79	390	3
79	397	2
79	398	2
79	399	4
79	400	4
79	401	1
79	404	6
79	407	1
79	410	4
79	411	2
79	412	5
79	413	2
79	414	5
79	415	5
79	416	5
79	417	1
79	418	4
79	419	13
79	420	4
79	421	4
79	422	4
79	425	5
79	426	5
79	427	5
79	428	1
79	429	2
79	430	2
79	436	2
79	437	2
79	438	2
79	440	2
79	441	2
79	442	1
79	443	1
79	444	9
79	445	2
79	446	1
79	447	2
79	448	1
79	449	1
79	452	2
79	454	1
79	455	2
79	456	2
79	457	2
79	458	2
79	459	2
79	460	2
79	466	1
79	469	1
79	470	1
79	472	1
79	473	4
79	474	4
79	480	1
79	481	1
79	482	1
79	484	1
79	487	1
79	488	1
79	489	1
79	490	5
79	491	5
79	492	5
79	493	4
79	494	6
79	496	2
79	497	1
79	503	3
79	505	1
79	507	4
79	508	1
79	510	4
79	511	4
79	512	3
79	513	3
79	516	1
79	518	2
79	519	3
79	521	1
79	522	1
79	525	4
79	528	2
79	529	2
79	533	1
80	81	2
80	82	1
80	86	1
80	87	1
80	88	1
80	89	1
80	90	1
80	91	1
80	92	1
80	93	1
80	94	1
80	96	4
80	102	1
80	103	1
80	104	1
80	111	2
80	112	2
80	113	2
80	118	1
80	120	2
80	121	3
80	122	1
80	123	1
80	124	1
80	125	1
80	126	1
80	128	2
80	129	2
80	135	1
80	138	2
80	139	2
80	147	2
80	148	3
80	149	1
80	151	1
80	153	1
80	169	1
80	170	1
80	171	1
80	172	1
80	174	1
80	175	2
80	178	1
80	180	1
80	188	1
80	189	1
80	194	1
80	195	1
80	196	1
80	201	2
80	202	1
80	203	1
80	205	1
80	206	3
80	207	2
80	211	1
80	212	4
80	213	2
80	214	2
80	215	2
80	221	2
80	227	2
80	232	2
80	233	2
80	234	3
80	235	2
80	236	2
80	237	2
80	238	2
80	239	2
80	240	2
80	241	2
80	245	1
80	246	1
80	247	2
80	248	2
80	251	3
80	252	3
80	253	1
80	254	1
80	255	1
80	256	1
80	257	1
80	258	1
80	259	1
80	260	1
80	261	2
80	262	1
80	263	1
80	264	2
80	267	1
80	268	1
80	269	2
80	270	2
80	271	1
80	272	1
80	274	1
80	277	1
80	279	1
80	280	1
80	289	1
80	292	1
80	293	1
80	295	1
80	297	1
80	299	1
80	301	1
80	302	2
80	303	1
80	306	2
80	309	1
80	310	2
80	311	1
80	313	5
80	314	2
80	315	2
80	316	2
80	317	2
80	318	1
80	320	1
80	324	1
80	327	1
80	328	2
80	330	1
80	333	1
80	338	1
80	339	4
80	340	4
80	346	1
80	347	1
80	348	1
80	353	1
80	354	1
80	355	2
80	357	1
80	358	1
80	363	1
80	365	2
80	367	2
80	368	2
80	371	1
80	373	1
80	374	1
80	375	2
80	376	2
80	377	1
80	378	1
80	379	1
80	380	1
80	390	1
80	397	1
80	398	1
80	401	1
80	404	2
80	410	2
80	412	2
80	418	2
80	419	3
80	420	2
80	421	2
80	422	2
80	425	1
80	426	1
80	427	1
80	440	1
80	441	1
80	442	1
80	443	1
80	444	2
80	445	1
80	446	1
80	452	2
80	455	1
80	456	1
80	457	1
80	458	1
80	459	1
80	460	1
80	469	1
80	473	2
80	474	2
80	489	1
80	490	3
80	491	3
80	492	3
80	493	1
80	494	3
80	503	1
80	507	2
80	508	1
80	510	1
80	511	1
80	513	2
80	518	1
80	519	2
80	521	1
80	525	2
81	82	1
81	84	1
81	85	1
81	86	1
81	87	1
81	88	1
81	89	1
81	90	1
81	91	1
81	92	1
81	93	1
81	94	1
81	96	8
81	102	1
81	103	1
81	104	1
81	110	1
81	111	2
81	112	2
81	113	2
81	118	2
81	120	22
81	121	5
81	122	2
81	123	1
81	124	1
81	125	1
81	128	2
81	129	2
81	135	3
81	138	4
81	139	4
81	147	5
81	148	4
81	149	1
81	151	1
81	153	1
81	159	1
81	160	1
81	161	1
81	169	1
81	170	1
81	171	1
81	172	1
81	173	1
81	174	1
81	175	4
81	178	2
81	179	1
81	180	2
81	188	1
81	189	2
81	194	1
81	195	1
81	196	1
81	197	1
81	198	1
81	199	1
81	200	1
81	201	1
81	202	1
81	203	2
81	206	2
81	207	1
81	210	1
81	211	2
81	212	3
81	213	3
81	214	1
81	215	1
81	221	1
81	227	2
81	232	1
81	233	1
81	234	1
81	235	1
81	236	1
81	237	1
81	238	1
81	239	1
81	240	1
81	241	3
81	242	1
81	244	1
81	247	6
81	248	5
81	251	4
81	252	4
81	253	1
81	254	1
81	255	1
81	256	1
81	257	1
81	258	1
81	259	1
81	260	1
81	261	2
81	262	1
81	263	1
81	264	4
81	267	2
81	268	2
81	269	2
81	270	2
81	271	2
81	272	2
81	273	1
81	274	2
81	277	2
81	279	1
81	280	1
81	287	2
81	289	1
81	293	2
81	294	1
81	295	1
81	297	2
81	299	2
81	301	1
81	302	2
81	303	3
81	305	1
81	306	3
81	313	7
81	314	6
81	315	6
81	316	2
81	317	2
81	318	1
81	320	1
81	324	2
81	327	1
81	328	2
81	330	1
81	333	1
81	338	3
81	339	2
81	340	2
81	353	1
81	354	1
81	355	2
81	357	2
81	358	1
81	365	3
81	371	1
81	375	1
81	376	1
81	377	1
81	378	1
81	379	1
81	380	1
81	397	1
81	398	1
81	399	3
81	400	3
81	401	1
81	404	4
81	410	2
81	412	2
81	414	1
81	415	1
81	416	1
81	418	1
81	419	2
81	420	1
81	421	1
81	422	1
81	425	2
81	426	2
81	427	2
81	428	1
81	442	1
81	443	1
81	445	1
81	446	1
81	452	2
81	454	1
81	455	1
81	456	1
81	457	1
81	458	1
81	459	1
81	460	1
81	469	1
81	473	1
81	474	1
81	489	1
81	490	2
81	491	2
81	492	2
81	493	1
81	494	2
81	503	1
81	507	2
81	510	1
81	511	1
81	513	2
81	518	1
81	519	3
81	521	1
81	525	1
81	528	1
81	529	1
82	83	57
82	86	5
82	87	5
82	88	5
82	89	5
82	90	5
82	91	1
82	92	1
82	93	7
82	94	2
82	95	3
82	96	2
82	97	2
82	98	4
82	99	2
82	100	13
82	101	2
82	102	2
82	103	2
82	104	2
82	110	3
82	111	1
82	112	1
82	113	1
82	114	2
82	115	2
82	116	2
82	117	2
82	118	6
82	119	2
82	120	1
82	121	5
82	122	2
82	123	24
82	124	24
82	125	24
82	126	2
82	127	1
82	128	5
82	129	5
82	130	4
82	131	4
82	132	4
82	133	4
82	134	8
82	135	2
82	138	1
82	139	1
82	140	2
82	141	4
82	142	4
82	143	2
82	144	2
82	145	2
82	146	2
82	147	5
82	148	4
82	149	2
82	150	2
82	151	2
82	152	1
82	153	1
82	165	1
82	166	1
82	167	1
82	168	1
82	169	2
82	170	2
82	171	2
82	172	2
82	173	2
82	174	3
82	175	4
82	176	1
82	177	2
82	178	5
82	179	1
82	180	10
82	181	3
82	182	3
82	183	3
82	184	3
82	188	1
82	189	2
82	190	1
82	192	2
82	193	2
82	194	2
82	195	2
82	196	2
82	197	1
82	198	1
82	199	1
82	200	1
82	201	8
82	202	4
82	203	5
82	205	1
82	206	6
82	207	3
82	209	3
82	210	2
82	211	3
82	212	3
82	213	4
82	214	6
82	215	5
82	216	2
82	218	6
82	219	6
82	220	1
82	221	3
82	222	1
82	227	3
82	230	1
82	231	1
82	232	1
82	233	1
82	234	1
82	235	1
82	236	1
82	237	2
82	238	2
82	239	2
82	240	2
82	241	9
82	242	5
82	243	1
82	247	5
82	248	3
82	249	1
82	251	4
82	252	9
82	253	1
82	254	1
82	255	1
82	256	1
82	257	1
82	258	1
82	259	1
82	260	1
82	261	4
82	262	1
82	263	1
82	264	1
82	265	1
82	266	1
82	267	4
82	268	4
82	269	3
82	270	2
82	271	4
82	272	4
82	273	2
82	274	3
82	275	2
82	276	2
82	277	3
82	278	3
82	279	2
82	280	2
82	281	1
82	282	1
82	283	1
82	284	2
82	287	3
82	289	1
82	292	1
82	293	2
82	294	3
82	295	5
82	297	1
82	299	1
82	301	2
82	302	2
82	303	1
82	305	1
82	306	4
82	309	4
82	310	1
82	311	1
82	312	2
82	313	4
82	314	3
82	315	3
82	316	2
82	317	2
82	318	3
82	320	1
82	321	2
82	324	1
82	325	1
82	326	1
82	327	1
82	328	5
82	330	1
82	333	2
82	338	6
82	339	2
82	340	2
82	352	7
82	353	1
82	354	1
82	355	2
82	356	3
82	357	4
82	358	1
82	359	2
82	360	2
82	361	2
82	362	2
82	363	3
82	364	3
82	365	3
82	366	1
82	367	1
82	368	1
82	371	1
82	372	5
82	373	1
82	374	1
82	375	2
82	376	2
82	377	1
82	378	1
82	379	1
82	380	1
82	389	4
82	390	1
82	397	1
82	398	1
82	399	3
82	400	3
82	401	2
82	404	2
82	410	3
82	411	2
82	412	3
82	413	2
82	414	1
82	415	1
82	416	1
82	417	5
82	418	2
82	419	2
82	420	2
82	421	2
82	422	2
82	436	2
82	437	2
82	438	2
82	439	1
82	442	1
82	443	2
82	445	1
82	448	2
82	452	1
82	455	2
82	456	2
82	457	2
82	458	2
82	459	1
82	460	1
82	469	3
82	470	1
82	472	1
82	479	1
82	481	1
82	482	1
82	484	1
82	489	1
82	490	3
82	491	3
82	492	3
82	493	1
82	494	2
82	497	1
82	499	1
82	501	1
82	502	1
82	503	2
82	506	1
82	507	3
82	510	2
82	511	2
82	513	1
82	518	2
82	519	3
82	520	1
82	521	1
82	523	3
82	524	1
82	525	2
82	526	1
82	528	1
82	529	1
82	531	1
82	532	1
82	533	1
83	86	5
83	87	5
83	88	5
83	89	5
83	90	5
83	91	1
83	92	1
83	93	7
83	94	1
83	95	3
83	96	4
83	97	3
83	98	5
83	99	3
83	100	63
83	101	2
83	102	1
83	103	1
83	104	1
83	109	1
83	110	3
83	114	2
83	115	2
83	116	2
83	117	4
83	118	8
83	119	4
83	120	3
83	121	6
83	122	2
83	123	2
83	124	2
83	125	2
83	126	2
83	127	1
83	128	5
83	129	5
83	130	6
83	131	6
83	132	6
83	133	6
83	134	16
83	135	1
83	140	2
83	141	8
83	142	8
83	143	2
83	144	2
83	145	2
83	146	2
83	147	6
83	148	5
83	149	1
83	150	3
83	151	5
83	152	1
83	154	1
83	159	1
83	160	1
83	161	1
83	165	2
83	166	2
83	167	2
83	168	2
83	169	1
83	170	1
83	171	1
83	172	1
83	173	2
83	174	6
83	175	4
83	176	1
83	177	2
83	178	5
83	179	2
83	180	8
83	181	2
83	182	2
83	183	2
83	184	2
83	188	1
83	189	3
83	190	2
83	192	3
83	193	4
83	197	1
83	198	1
83	199	1
83	200	1
83	201	9
83	202	6
83	203	8
83	205	1
83	206	6
83	207	3
83	209	4
83	210	2
83	211	4
83	212	4
83	213	6
83	214	5
83	215	3
83	216	2
83	218	7
83	219	7
83	220	1
83	221	3
83	222	1
83	223	1
83	227	2
83	228	1
83	229	1
83	230	1
83	231	1
83	237	1
83	238	1
83	239	1
83	240	1
83	241	9
83	242	6
83	243	1
83	244	1
83	247	9
83	248	2
83	249	1
83	251	3
83	252	11
83	253	1
83	254	1
83	255	1
83	256	1
83	257	1
83	258	1
83	259	1
83	260	1
83	261	4
83	262	1
83	263	1
83	265	1
83	266	1
83	267	6
83	268	6
83	269	4
83	270	1
83	271	5
83	272	5
83	273	3
83	274	1
83	275	3
83	276	3
83	277	5
83	278	6
83	279	1
83	280	1
83	281	1
83	282	1
83	283	1
83	284	2
83	287	4
83	289	1
83	293	4
83	294	5
83	295	5
83	300	4
83	302	2
83	305	1
83	306	5
83	309	6
83	310	1
83	311	1
83	312	2
83	313	4
83	314	3
83	315	3
83	316	2
83	317	2
83	318	3
83	321	2
83	324	1
83	325	1
83	326	1
83	327	1
83	328	4
83	333	2
83	338	7
83	339	1
83	340	1
83	352	7
83	353	1
83	354	1
83	355	1
83	356	4
83	357	5
83	358	2
83	359	3
83	360	3
83	361	3
83	362	3
83	363	4
83	364	3
83	365	6
83	366	2
83	367	1
83	368	1
83	369	1
83	370	1
83	372	6
83	373	1
83	374	1
83	375	1
83	376	1
83	377	1
83	378	1
83	379	1
83	380	1
83	389	4
83	390	1
83	399	3
83	400	3
83	401	1
83	404	1
83	408	1
83	409	1
83	410	1
83	411	1
83	412	1
83	413	1
83	414	1
83	415	1
83	416	1
83	417	5
83	418	1
83	419	1
83	420	1
83	421	1
83	422	1
83	436	4
83	437	4
83	438	4
83	439	1
83	443	1
83	446	1
83	448	2
83	455	1
83	456	1
83	457	1
83	458	1
83	459	1
83	460	1
83	466	1
83	469	2
83	470	2
83	472	2
83	479	2
83	481	1
83	482	2
83	484	2
83	490	2
83	491	2
83	492	2
83	494	2
83	497	1
83	499	1
83	501	1
83	502	1
83	503	2
83	505	2
83	506	1
83	507	4
83	510	4
83	511	4
83	513	1
83	516	2
83	518	2
83	519	2
83	520	1
83	521	2
83	523	4
83	524	1
83	525	2
83	528	1
83	529	1
83	531	1
83	532	1
83	533	1
84	85	33
84	86	2
84	87	2
84	88	2
84	89	2
84	90	2
84	100	2
84	110	1
84	114	2
84	115	2
84	116	2
84	118	1
84	120	1
84	121	3
84	126	1
84	127	1
84	128	1
84	129	1
84	134	2
84	135	4
84	141	1
84	142	1
84	147	3
84	148	3
84	149	1
84	150	2
84	155	1
84	173	1
84	178	1
84	189	1
84	214	1
84	216	1
84	218	19
84	220	2
84	221	1
84	224	2
84	234	1
84	241	2
84	242	1
84	247	1
84	248	1
84	251	1
84	252	4
84	253	1
84	254	1
84	255	1
84	256	1
84	257	1
84	258	1
84	259	1
84	260	1
84	261	2
84	262	1
84	263	1
84	264	1
84	267	1
84	268	1
84	271	2
84	272	2
84	273	2
84	274	1
84	278	1
84	287	2
84	292	1
84	294	1
84	295	1
84	298	1
84	302	1
84	310	1
84	311	1
84	313	1
84	314	1
84	315	1
84	319	19
84	322	1
84	323	1
84	324	2
84	338	4
84	346	1
84	347	1
84	348	1
84	349	1
84	350	1
84	351	1
84	356	1
84	366	1
84	372	1
84	373	1
84	374	1
84	399	1
84	400	1
84	401	1
84	417	1
84	431	2
84	439	1
84	443	1
84	445	1
84	482	1
84	516	1
84	521	1
84	523	1
84	524	1
84	528	1
84	529	1
84	531	1
84	532	1
85	86	2
85	87	2
85	88	2
85	89	2
85	90	2
85	100	2
85	110	1
85	114	2
85	115	2
85	116	2
85	118	1
85	120	1
85	121	3
85	126	1
85	127	1
85	128	1
85	129	1
85	134	2
85	135	4
85	141	1
85	142	1
85	147	3
85	148	3
85	149	1
85	150	2
85	155	1
85	173	1
85	178	1
85	189	1
85	214	1
85	216	1
85	218	5
85	220	2
85	221	1
85	224	1
85	234	1
85	241	2
85	242	1
85	247	1
85	248	1
85	251	1
85	252	4
85	253	1
85	254	1
85	255	1
85	256	1
85	257	1
85	258	1
85	259	1
85	260	1
85	261	2
85	262	1
85	263	1
85	264	1
85	267	1
85	268	1
85	271	2
85	272	2
85	273	2
85	274	1
85	278	1
85	287	2
85	292	1
85	294	1
85	295	1
85	302	1
85	310	1
85	311	1
85	313	1
85	314	1
85	315	1
85	319	5
85	322	1
85	323	1
85	324	2
85	338	4
85	346	1
85	347	1
85	348	1
85	349	1
85	350	1
85	351	1
85	356	1
85	366	1
85	372	1
85	373	1
85	374	1
85	399	1
85	400	1
85	401	1
85	417	1
85	431	2
85	439	1
85	443	1
85	445	1
85	482	1
85	516	1
85	521	1
85	523	1
85	524	1
85	528	1
85	529	1
85	531	1
85	532	1
86	87	52
86	88	52
86	89	52
86	90	52
86	91	1
86	92	2
86	93	2
86	94	1
86	96	3
86	97	1
86	98	1
86	99	1
86	100	6
86	101	1
86	102	1
86	103	1
86	104	1
86	110	2
86	111	1
86	112	1
86	113	1
86	114	1
86	115	1
86	116	1
86	118	3
86	120	1
86	121	2
86	122	2
86	123	1
86	124	1
86	125	1
86	126	1
86	127	2
86	128	3
86	129	3
86	130	1
86	131	1
86	132	1
86	133	1
86	134	5
86	135	2
86	138	3
86	139	3
86	141	3
86	142	3
86	143	13
86	144	13
86	145	13
86	146	13
86	147	3
86	148	2
86	149	2
86	151	1
86	153	2
86	155	1
86	165	1
86	166	1
86	167	1
86	168	1
86	169	2
86	170	2
86	171	2
86	172	2
86	173	2
86	174	1
86	175	2
86	178	3
86	179	1
86	180	3
86	189	2
86	192	2
86	193	2
86	194	1
86	195	1
86	196	1
86	197	1
86	198	1
86	199	1
86	200	1
86	201	4
86	202	2
86	203	2
86	206	2
86	207	1
86	211	2
86	212	3
86	213	2
86	214	2
86	215	2
86	218	3
86	219	2
86	221	4
86	224	1
86	227	2
86	232	1
86	233	1
86	234	1
86	235	1
86	236	1
86	237	4
86	238	4
86	239	4
86	240	4
86	241	7
86	242	2
86	243	1
86	247	4
86	248	4
86	249	1
86	250	1
86	251	1
86	252	5
86	261	1
86	264	1
86	267	2
86	268	2
86	269	1
86	270	2
86	271	1
86	272	1
86	274	1
86	277	1
86	278	2
86	279	1
86	280	1
86	281	2
86	282	2
86	283	2
86	287	2
86	289	2
86	292	1
86	293	1
86	294	3
86	295	2
86	297	2
86	299	1
86	301	1
86	302	2
86	303	1
86	304	1
86	305	1
86	306	3
86	309	1
86	311	2
86	313	3
86	314	2
86	315	2
86	316	2
86	317	2
86	318	1
86	319	1
86	320	1
86	321	3
86	324	1
86	327	1
86	328	4
86	330	2
86	333	1
86	338	1
86	339	1
86	340	1
86	346	2
86	347	2
86	348	2
86	349	1
86	350	1
86	351	1
86	352	1
86	355	1
86	356	5
86	357	1
86	359	1
86	360	1
86	361	1
86	362	1
86	363	1
86	364	3
86	365	1
86	366	2
86	367	1
86	368	1
86	371	1
86	372	2
86	373	2
86	374	2
86	375	3
86	376	3
86	377	1
86	378	1
86	379	1
86	380	1
86	389	4
86	397	1
86	398	1
86	399	3
86	400	3
86	401	1
86	404	2
86	410	1
86	411	2
86	412	3
86	413	2
86	414	1
86	415	1
86	416	1
86	418	1
86	419	2
86	420	1
86	421	1
86	422	1
86	423	1
86	439	1
86	442	1
86	443	1
86	444	1
86	445	1
86	447	1
86	452	1
86	455	1
86	456	1
86	457	1
86	458	1
86	459	1
86	460	1
86	469	1
86	489	2
86	490	1
86	491	1
86	492	1
86	493	1
86	494	1
86	501	3
86	502	3
86	503	1
86	506	1
86	507	2
86	510	1
86	511	1
86	513	1
86	516	1
86	519	1
86	520	1
86	521	1
86	523	1
86	525	1
86	531	1
86	532	1
87	88	52
87	89	52
87	90	52
87	91	1
87	92	2
87	93	2
87	94	1
87	96	3
87	97	1
87	98	1
87	99	1
87	100	6
87	101	1
87	102	1
87	103	1
87	104	1
87	110	2
87	111	1
87	112	1
87	113	1
87	114	1
87	115	1
87	116	1
87	118	3
87	120	1
87	121	2
87	122	2
87	123	1
87	124	1
87	125	1
87	126	1
87	127	2
87	128	3
87	129	3
87	130	1
87	131	1
87	132	1
87	133	1
87	134	5
87	135	2
87	138	3
87	139	3
87	141	3
87	142	3
87	143	13
87	144	13
87	145	13
87	146	13
87	147	3
87	148	2
87	149	2
87	151	1
87	153	2
87	155	1
87	165	1
87	166	1
87	167	1
87	168	1
87	169	2
87	170	2
87	171	2
87	172	2
87	173	2
87	174	1
87	175	2
87	178	3
87	179	1
87	180	3
87	189	2
87	192	2
87	193	2
87	194	1
87	195	1
87	196	1
87	197	1
87	198	1
87	199	1
87	200	1
87	201	4
87	202	2
87	203	2
87	206	2
87	207	1
87	211	2
87	212	3
87	213	2
87	214	2
87	215	2
87	218	3
87	219	2
87	221	4
87	224	1
87	227	2
87	232	1
87	233	1
87	234	1
87	235	1
87	236	1
87	237	4
87	238	4
87	239	4
87	240	4
87	241	7
87	242	2
87	243	1
87	247	4
87	248	4
87	249	1
87	250	1
87	251	1
87	252	5
87	261	1
87	264	1
87	267	2
87	268	2
87	269	1
87	270	2
87	271	1
87	272	1
87	274	1
87	277	1
87	278	2
87	279	1
87	280	1
87	281	2
87	282	2
87	283	2
87	287	2
87	289	2
87	292	1
87	293	1
87	294	3
87	295	2
87	297	2
87	299	1
87	301	1
87	302	2
87	303	1
87	304	1
87	305	1
87	306	3
87	309	1
87	311	2
87	313	3
87	314	2
87	315	2
87	316	2
87	317	2
87	318	1
87	319	1
87	320	1
87	321	3
87	324	1
87	327	1
87	328	4
87	330	2
87	333	1
87	338	1
87	339	1
87	340	1
87	346	2
87	347	2
87	348	2
87	349	1
87	350	1
87	351	1
87	352	1
87	355	1
87	356	5
87	357	1
87	359	1
87	360	1
87	361	1
87	362	1
87	363	1
87	364	3
87	365	1
87	366	2
87	367	1
87	368	1
87	371	1
87	372	2
87	373	2
87	374	2
87	375	3
87	376	3
87	377	1
87	378	1
87	379	1
87	380	1
87	389	4
87	397	1
87	398	1
87	399	3
87	400	3
87	401	1
87	404	2
87	410	1
87	411	2
87	412	3
87	413	2
87	414	1
87	415	1
87	416	1
87	418	1
87	419	2
87	420	1
87	421	1
87	422	1
87	423	1
87	439	1
87	442	1
87	443	1
87	444	1
87	445	1
87	447	1
87	452	1
87	455	1
87	456	1
87	457	1
87	458	1
87	459	1
87	460	1
87	469	1
87	489	2
87	490	1
87	491	1
87	492	1
87	493	1
87	494	1
87	501	3
87	502	3
87	503	1
87	506	1
87	507	2
87	510	1
87	511	1
87	513	1
87	516	1
87	519	1
87	520	1
87	521	1
87	523	1
87	525	1
87	531	1
87	532	1
88	89	52
88	90	52
88	91	1
88	92	2
88	93	2
88	94	1
88	96	3
88	97	1
88	98	1
88	99	1
88	100	6
88	101	1
88	102	1
88	103	1
88	104	1
88	110	2
88	111	1
88	112	1
88	113	1
88	114	1
88	115	1
88	116	1
88	118	3
88	120	1
88	121	2
88	122	2
88	123	1
88	124	1
88	125	1
88	126	1
88	127	2
88	128	3
88	129	3
88	130	1
88	131	1
88	132	1
88	133	1
88	134	5
88	135	2
88	138	3
88	139	3
88	141	3
88	142	3
88	143	13
88	144	13
88	145	13
88	146	13
88	147	3
88	148	2
88	149	2
88	151	1
88	153	2
88	155	1
88	165	1
88	166	1
88	167	1
88	168	1
88	169	2
88	170	2
88	171	2
88	172	2
88	173	2
88	174	1
88	175	2
88	178	3
88	179	1
88	180	3
88	189	2
88	192	2
88	193	2
88	194	1
88	195	1
88	196	1
88	197	1
88	198	1
88	199	1
88	200	1
88	201	4
88	202	2
88	203	2
88	206	2
88	207	1
88	211	2
88	212	3
88	213	2
88	214	2
88	215	2
88	218	3
88	219	2
88	221	4
88	224	1
88	227	2
88	232	1
88	233	1
88	234	1
88	235	1
88	236	1
88	237	4
88	238	4
88	239	4
88	240	4
88	241	7
88	242	2
88	243	1
88	247	4
88	248	4
88	249	1
88	250	1
88	251	1
88	252	5
88	261	1
88	264	1
88	267	2
88	268	2
88	269	1
88	270	2
88	271	1
88	272	1
88	274	1
88	277	1
88	278	2
88	279	1
88	280	1
88	281	2
88	282	2
88	283	2
88	287	2
88	289	2
88	292	1
88	293	1
88	294	3
88	295	2
88	297	2
88	299	1
88	301	1
88	302	2
88	303	1
88	304	1
88	305	1
88	306	3
88	309	1
88	311	2
88	313	3
88	314	2
88	315	2
88	316	2
88	317	2
88	318	1
88	319	1
88	320	1
88	321	3
88	324	1
88	327	1
88	328	4
88	330	2
88	333	1
88	338	1
88	339	1
88	340	1
88	346	2
88	347	2
88	348	2
88	349	1
88	350	1
88	351	1
88	352	1
88	355	1
88	356	5
88	357	1
88	359	1
88	360	1
88	361	1
88	362	1
88	363	1
88	364	3
88	365	1
88	366	2
88	367	1
88	368	1
88	371	1
88	372	2
88	373	2
88	374	2
88	375	3
88	376	3
88	377	1
88	378	1
88	379	1
88	380	1
88	389	4
88	397	1
88	398	1
88	399	3
88	400	3
88	401	1
88	404	2
88	410	1
88	411	2
88	412	3
88	413	2
88	414	1
88	415	1
88	416	1
88	418	1
88	419	2
88	420	1
88	421	1
88	422	1
88	423	1
88	439	1
88	442	1
88	443	1
88	444	1
88	445	1
88	447	1
88	452	1
88	455	1
88	456	1
88	457	1
88	458	1
88	459	1
88	460	1
88	469	1
88	489	2
88	490	1
88	491	1
88	492	1
88	493	1
88	494	1
88	501	3
88	502	3
88	503	1
88	506	1
88	507	2
88	510	1
88	511	1
88	513	1
88	516	1
88	519	1
88	520	1
88	521	1
88	523	1
88	525	1
88	531	1
88	532	1
89	90	52
89	91	1
89	92	2
89	93	2
89	94	1
89	96	3
89	97	1
89	98	1
89	99	1
89	100	6
89	101	1
89	102	1
89	103	1
89	104	1
89	110	2
89	111	1
89	112	1
89	113	1
89	114	1
89	115	1
89	116	1
89	118	3
89	120	1
89	121	2
89	122	2
89	123	1
89	124	1
89	125	1
89	126	1
89	127	2
89	128	3
89	129	3
89	130	1
89	131	1
89	132	1
89	133	1
89	134	5
89	135	2
89	138	3
89	139	3
89	141	3
89	142	3
89	143	13
89	144	13
89	145	13
89	146	13
89	147	3
89	148	2
89	149	2
89	151	1
89	153	2
89	155	1
89	165	1
89	166	1
89	167	1
89	168	1
89	169	2
89	170	2
89	171	2
89	172	2
89	173	2
89	174	1
89	175	2
89	178	3
89	179	1
89	180	3
89	189	2
89	192	2
89	193	2
89	194	1
89	195	1
89	196	1
89	197	1
89	198	1
89	199	1
89	200	1
89	201	4
89	202	2
89	203	2
89	206	2
89	207	1
89	211	2
89	212	3
89	213	2
89	214	2
89	215	2
89	218	3
89	219	2
89	221	4
89	224	1
89	227	2
89	232	1
89	233	1
89	234	1
89	235	1
89	236	1
89	237	4
89	238	4
89	239	4
89	240	4
89	241	7
89	242	2
89	243	1
89	247	4
89	248	4
89	249	1
89	250	1
89	251	1
89	252	5
89	261	1
89	264	1
89	267	2
89	268	2
89	269	1
89	270	2
89	271	1
89	272	1
89	274	1
89	277	1
89	278	2
89	279	1
89	280	1
89	281	2
89	282	2
89	283	2
89	287	2
89	289	2
89	292	1
89	293	1
89	294	3
89	295	2
89	297	2
89	299	1
89	301	1
89	302	2
89	303	1
89	304	1
89	305	1
89	306	3
89	309	1
89	311	2
89	313	3
89	314	2
89	315	2
89	316	2
89	317	2
89	318	1
89	319	1
89	320	1
89	321	3
89	324	1
89	327	1
89	328	4
89	330	2
89	333	1
89	338	1
89	339	1
89	340	1
89	346	2
89	347	2
89	348	2
89	349	1
89	350	1
89	351	1
89	352	1
89	355	1
89	356	5
89	357	1
89	359	1
89	360	1
89	361	1
89	362	1
89	363	1
89	364	3
89	365	1
89	366	2
89	367	1
89	368	1
89	371	1
89	372	2
89	373	2
89	374	2
89	375	3
89	376	3
89	377	1
89	378	1
89	379	1
89	380	1
89	389	4
89	397	1
89	398	1
89	399	3
89	400	3
89	401	1
89	404	2
89	410	1
89	411	2
89	412	3
89	413	2
89	414	1
89	415	1
89	416	1
89	418	1
89	419	2
89	420	1
89	421	1
89	422	1
89	423	1
89	439	1
89	442	1
89	443	1
89	444	1
89	445	1
89	447	1
89	452	1
89	455	1
89	456	1
89	457	1
89	458	1
89	459	1
89	460	1
89	469	1
89	489	2
89	490	1
89	491	1
89	492	1
89	493	1
89	494	1
89	501	3
89	502	3
89	503	1
89	506	1
89	507	2
89	510	1
89	511	1
89	513	1
89	516	1
89	519	1
89	520	1
89	521	1
89	523	1
89	525	1
89	531	1
89	532	1
90	91	1
90	92	2
90	93	2
90	94	1
90	96	3
90	97	1
90	98	1
90	99	1
90	100	6
90	101	1
90	102	1
90	103	1
90	104	1
90	110	2
90	111	1
90	112	1
90	113	1
90	114	1
90	115	1
90	116	1
90	118	3
90	120	1
90	121	2
90	122	2
90	123	1
90	124	1
90	125	1
90	126	1
90	127	2
90	128	3
90	129	3
90	130	1
90	131	1
90	132	1
90	133	1
90	134	5
90	135	2
90	138	3
90	139	3
90	141	3
90	142	3
90	143	13
90	144	13
90	145	13
90	146	13
90	147	3
90	148	2
90	149	2
90	151	1
90	153	2
90	155	1
90	165	1
90	166	1
90	167	1
90	168	1
90	169	2
90	170	2
90	171	2
90	172	2
90	173	2
90	174	1
90	175	2
90	178	3
90	179	1
90	180	3
90	189	2
90	192	2
90	193	2
90	194	1
90	195	1
90	196	1
90	197	1
90	198	1
90	199	1
90	200	1
90	201	4
90	202	2
90	203	2
90	206	2
90	207	1
90	211	2
90	212	3
90	213	2
90	214	2
90	215	2
90	218	3
90	219	2
90	221	4
90	224	1
90	227	2
90	232	1
90	233	1
90	234	1
90	235	1
90	236	1
90	237	4
90	238	4
90	239	4
90	240	4
90	241	7
90	242	2
90	243	1
90	247	4
90	248	4
90	249	1
90	250	1
90	251	1
90	252	5
90	261	1
90	264	1
90	267	2
90	268	2
90	269	1
90	270	2
90	271	1
90	272	1
90	274	1
90	277	1
90	278	2
90	279	1
90	280	1
90	281	2
90	282	2
90	283	2
90	287	2
90	289	2
90	292	1
90	293	1
90	294	3
90	295	2
90	297	2
90	299	1
90	301	1
90	302	2
90	303	1
90	304	1
90	305	1
90	306	3
90	309	1
90	311	2
90	313	3
90	314	2
90	315	2
90	316	2
90	317	2
90	318	1
90	319	1
90	320	1
90	321	3
90	324	1
90	327	1
90	328	4
90	330	2
90	333	1
90	338	1
90	339	1
90	340	1
90	346	2
90	347	2
90	348	2
90	349	1
90	350	1
90	351	1
90	352	1
90	355	1
90	356	5
90	357	1
90	359	1
90	360	1
90	361	1
90	362	1
90	363	1
90	364	3
90	365	1
90	366	2
90	367	1
90	368	1
90	371	1
90	372	2
90	373	2
90	374	2
90	375	3
90	376	3
90	377	1
90	378	1
90	379	1
90	380	1
90	389	4
90	397	1
90	398	1
90	399	3
90	400	3
90	401	1
90	404	2
90	410	1
90	411	2
90	412	3
90	413	2
90	414	1
90	415	1
90	416	1
90	418	1
90	419	2
90	420	1
90	421	1
90	422	1
90	423	1
90	439	1
90	442	1
90	443	1
90	444	1
90	445	1
90	447	1
90	452	1
90	455	1
90	456	1
90	457	1
90	458	1
90	459	1
90	460	1
90	469	1
90	489	2
90	490	1
90	491	1
90	492	1
90	493	1
90	494	1
90	501	3
90	502	3
90	503	1
90	506	1
90	507	2
90	510	1
90	511	1
90	513	1
90	516	1
90	519	1
90	520	1
90	521	1
90	523	1
90	525	1
90	531	1
90	532	1
91	92	39
91	93	39
91	94	1
91	95	6
91	96	3
91	100	1
91	102	2
91	103	2
91	104	2
91	111	1
91	112	1
91	113	1
91	114	1
91	115	1
91	116	1
91	118	1
91	120	1
91	121	2
91	122	1
91	123	1
91	124	1
91	125	1
91	126	2
91	127	1
91	128	1
91	129	1
91	135	2
91	137	1
91	138	2
91	139	2
91	141	4
91	142	4
91	144	1
91	147	2
91	148	4
91	149	2
91	151	2
91	153	1
91	154	1
91	155	1
91	156	1
91	157	1
91	158	1
91	164	1
91	169	2
91	170	2
91	171	2
91	172	2
91	174	1
91	175	2
91	178	1
91	179	1
91	180	1
91	188	1
91	189	2
91	194	1
91	195	1
91	196	1
91	201	2
91	202	2
91	203	2
91	206	1
91	207	2
91	209	1
91	211	1
91	212	2
91	213	1
91	214	2
91	215	2
91	216	1
91	221	2
91	223	1
91	224	1
91	225	1
91	227	1
91	232	1
91	233	1
91	234	2
91	235	1
91	236	2
91	237	2
91	238	2
91	239	2
91	240	2
91	241	4
91	242	2
91	247	3
91	248	3
91	249	1
91	251	3
91	252	1
91	261	2
91	264	1
91	267	2
91	268	2
91	269	1
91	270	1
91	271	5
91	272	5
91	273	2
91	274	1
91	277	1
91	278	1
91	279	1
91	280	1
91	292	1
91	293	1
91	295	2
91	296	1
91	297	2
91	298	1
91	299	2
91	301	1
91	302	1
91	303	2
91	306	2
91	307	1
91	312	2
91	313	2
91	314	2
91	315	2
91	316	2
91	317	2
91	318	1
91	320	1
91	324	1
91	327	1
91	328	1
91	330	2
91	333	2
91	338	1
91	339	1
91	340	1
91	355	2
91	357	1
91	358	1
91	365	2
91	367	1
91	368	1
91	369	1
91	370	1
91	371	2
91	375	1
91	376	1
91	377	2
91	378	2
91	379	2
91	380	2
91	389	1
91	390	1
91	397	1
91	398	1
91	399	1
91	400	1
91	401	1
91	404	3
91	410	1
91	412	1
91	414	1
91	415	1
91	416	1
91	418	1
91	419	2
91	420	1
91	421	1
91	422	1
91	436	1
91	437	1
91	438	1
91	442	1
91	443	1
91	444	1
91	445	1
91	452	1
91	455	2
91	456	2
91	457	2
91	458	2
91	459	2
91	460	2
91	469	1
91	473	1
91	474	1
91	489	1
91	490	1
91	491	1
91	492	1
91	493	3
91	494	2
91	496	1
91	499	2
91	505	1
91	507	1
91	510	2
91	511	2
91	513	3
91	519	2
91	521	1
91	523	1
91	525	2
91	526	1
91	528	1
91	529	1
92	93	42
92	94	2
92	95	9
92	96	3
92	100	1
92	102	2
92	103	2
92	104	2
92	111	1
92	112	1
92	113	1
92	114	1
92	115	1
92	116	1
92	118	2
92	120	1
92	121	4
92	122	3
92	123	1
92	124	1
92	125	1
92	126	2
92	127	1
92	128	2
92	129	2
92	135	3
92	137	1
92	138	2
92	139	2
92	141	4
92	142	4
92	143	1
92	144	2
92	145	1
92	146	1
92	147	3
92	148	5
92	149	4
92	150	1
92	151	3
92	153	2
92	154	2
92	155	1
92	156	1
92	157	1
92	158	1
92	164	1
92	169	3
92	170	3
92	171	3
92	172	3
92	174	2
92	175	2
92	178	2
92	179	3
92	180	1
92	188	3
92	189	4
92	194	1
92	195	1
92	196	1
92	201	2
92	202	3
92	203	3
92	206	3
92	207	2
92	209	1
92	211	1
92	212	2
92	213	1
92	214	3
92	215	3
92	216	2
92	221	2
92	223	1
92	224	2
92	225	1
92	227	3
92	232	1
92	233	1
92	234	2
92	235	1
92	236	2
92	237	2
92	238	2
92	239	2
92	240	2
92	241	7
92	242	4
92	244	2
92	247	4
92	248	4
92	249	1
92	251	3
92	252	4
92	261	3
92	264	1
92	267	4
92	268	4
92	269	2
92	270	2
92	271	5
92	272	5
92	273	2
92	274	3
92	277	2
92	278	4
92	279	1
92	280	1
92	284	1
92	285	1
92	286	1
92	292	1
92	293	2
92	295	3
92	296	1
92	297	3
92	298	1
92	299	2
92	300	1
92	301	2
92	302	2
92	303	4
92	306	4
92	307	1
92	310	2
92	312	2
92	313	4
92	314	3
92	315	3
92	316	3
92	317	3
92	318	1
92	320	3
92	324	2
92	327	1
92	328	1
92	330	2
92	333	2
92	338	1
92	339	1
92	340	1
92	352	1
92	355	2
92	357	2
92	358	1
92	365	3
92	367	1
92	368	1
92	369	1
92	370	1
92	371	3
92	375	1
92	376	1
92	377	2
92	378	2
92	379	2
92	380	2
92	389	1
92	390	1
92	397	1
92	398	1
92	399	1
92	400	1
92	401	1
92	404	4
92	407	1
92	410	2
92	412	1
92	414	1
92	415	1
92	416	1
92	418	1
92	419	2
92	420	1
92	421	1
92	422	1
92	431	1
92	436	1
92	437	1
92	438	1
92	442	1
92	443	1
92	444	1
92	445	1
92	452	1
92	455	3
92	456	3
92	457	3
92	458	3
92	459	2
92	460	2
92	466	1
92	469	1
92	473	1
92	474	1
92	475	1
92	476	1
92	477	1
92	479	1
92	489	2
92	490	1
92	491	1
92	492	1
92	493	4
92	494	2
92	496	1
92	499	2
92	503	1
92	505	1
92	507	1
92	510	2
92	511	2
92	513	3
92	519	3
92	521	1
92	523	1
92	525	3
92	526	2
92	528	1
92	529	1
93	94	2
93	95	42
93	96	3
93	97	2
93	98	3
93	99	2
93	100	2
93	101	1
93	102	2
93	103	2
93	104	2
93	110	2
93	111	1
93	112	1
93	113	1
93	114	2
93	115	2
93	116	2
93	117	1
93	118	3
93	119	1
93	120	1
93	121	10
93	122	7
93	123	3
93	124	3
93	125	3
93	126	3
93	127	3
93	128	1
93	129	1
93	130	1
93	131	1
93	132	1
93	133	1
93	135	6
93	137	1
93	138	4
93	139	4
93	140	1
93	141	5
93	142	5
93	143	1
93	144	2
93	145	1
93	146	1
93	147	5
93	148	7
93	149	6
93	150	3
93	151	4
93	153	4
93	154	2
93	155	1
93	156	1
93	157	1
93	158	1
93	159	1
93	160	1
93	161	1
93	164	1
93	165	2
93	166	2
93	167	2
93	168	2
93	169	3
93	170	3
93	171	3
93	172	3
93	173	1
93	174	4
93	175	3
93	176	2
93	177	1
93	178	3
93	179	6
93	180	6
93	181	1
93	182	1
93	183	1
93	184	1
93	188	3
93	189	5
93	190	2
93	193	1
93	194	1
93	195	1
93	196	1
93	201	5
93	202	3
93	203	3
93	205	1
93	206	5
93	207	4
93	209	1
93	210	1
93	211	3
93	212	4
93	213	4
93	214	6
93	215	6
93	216	3
93	218	1
93	219	1
93	221	3
93	223	1
93	224	1
93	225	1
93	227	2
93	228	1
93	229	1
93	232	1
93	233	1
93	234	2
93	235	2
93	236	2
93	237	3
93	238	3
93	239	3
93	240	3
93	241	10
93	242	6
93	244	1
93	247	6
93	248	4
93	249	65
93	251	6
93	252	9
93	253	2
93	254	2
93	255	2
93	256	2
93	257	2
93	258	2
93	259	2
93	260	2
93	261	6
93	262	2
93	263	2
93	264	1
93	265	1
93	266	1
93	267	4
93	268	4
93	269	2
93	270	2
93	271	10
93	272	10
93	273	4
93	274	4
93	275	2
93	276	2
93	277	1
93	278	3
93	279	2
93	280	2
93	284	1
93	287	1
93	290	1
93	292	3
93	293	1
93	294	2
93	295	7
93	296	1
93	297	3
93	298	1
93	299	2
93	301	4
93	302	2
93	303	3
93	304	1
93	306	4
93	307	1
93	309	2
93	310	1
93	312	3
93	313	5
93	314	3
93	315	3
93	316	3
93	317	3
93	318	2
93	320	1
93	324	1
93	327	2
93	328	2
93	330	2
93	333	3
93	338	2
93	339	2
93	340	2
93	349	1
93	350	1
93	351	1
93	352	1
93	355	3
93	356	1
93	357	3
93	358	2
93	364	1
93	365	6
93	366	2
93	367	2
93	368	2
93	369	1
93	370	1
93	371	2
93	372	1
93	375	3
93	376	3
93	377	2
93	378	2
93	379	2
93	380	2
93	389	3
93	390	1
93	397	1
93	398	1
93	399	2
93	400	2
93	401	2
93	404	5
93	405	1
93	407	1
93	408	1
93	409	1
93	410	3
93	411	1
93	412	2
93	413	1
93	414	2
93	415	2
93	416	2
93	417	1
93	418	3
93	419	4
93	420	3
93	421	3
93	422	3
93	429	1
93	430	1
93	436	3
93	437	3
93	438	3
93	439	2
93	442	1
93	443	1
93	444	1
93	445	1
93	452	1
93	455	2
93	456	2
93	457	2
93	458	2
93	459	2
93	460	2
93	469	7
93	472	3
93	473	1
93	474	1
93	479	1
93	489	2
93	490	3
93	491	3
93	492	3
93	493	4
93	494	2
93	496	1
93	499	4
93	501	1
93	502	1
93	505	1
93	507	4
93	510	3
93	511	3
93	513	3
93	516	1
93	518	2
93	519	6
93	521	2
93	523	1
93	524	1
93	525	3
93	526	1
93	528	2
93	529	2
93	531	2
93	532	2
94	95	1
94	96	1
94	102	4
94	103	4
94	104	4
94	111	3
94	112	3
94	113	3
94	118	2
94	120	1
94	121	8
94	122	8
94	123	1
94	124	1
94	125	1
94	126	2
94	127	1
94	128	2
94	129	2
94	135	4
94	138	1
94	139	1
94	141	3
94	142	3
94	147	5
94	148	5
94	149	5
94	150	1
94	151	3
94	153	1
94	165	2
94	166	2
94	167	2
94	168	2
94	169	3
94	170	3
94	171	3
94	172	4
94	174	3
94	175	5
94	176	1
94	178	2
94	179	1
94	180	1
94	181	1
94	182	1
94	183	1
94	184	1
94	188	1
94	189	4
94	190	1
94	194	2
94	195	2
94	196	2
94	201	4
94	202	4
94	203	4
94	204	1
94	206	6
94	207	2
94	211	3
94	212	3
94	213	6
94	214	4
94	215	4
94	216	1
94	220	1
94	221	1
94	227	2
94	232	1
94	233	1
94	234	1
94	235	1
94	236	1
94	237	1
94	238	1
94	239	1
94	240	1
94	241	4
94	242	1
94	247	6
94	248	5
94	251	2
94	252	5
94	261	3
94	264	1
94	265	1
94	266	1
94	267	4
94	268	4
94	269	4
94	270	4
94	271	3
94	272	3
94	273	1
94	274	3
94	277	3
94	278	3
94	279	2
94	280	2
94	281	1
94	282	1
94	283	1
94	285	1
94	286	1
94	293	3
94	294	1
94	295	3
94	296	1
94	297	3
94	299	3
94	301	2
94	302	3
94	303	2
94	304	3
94	306	5
94	309	1
94	310	1
94	313	4
94	314	4
94	315	4
94	316	3
94	317	3
94	318	2
94	320	2
94	324	2
94	327	1
94	328	2
94	330	1
94	333	2
94	338	2
94	339	3
94	340	3
94	355	2
94	356	3
94	357	4
94	364	1
94	365	3
94	367	1
94	368	1
94	371	2
94	373	1
94	374	1
94	375	2
94	376	2
94	377	4
94	378	4
94	379	4
94	380	4
94	383	1
94	384	1
94	389	1
94	397	1
94	398	1
94	401	2
94	404	2
94	410	2
94	411	2
94	412	3
94	413	2
94	417	1
94	418	2
94	419	3
94	420	2
94	421	2
94	422	2
94	436	1
94	437	1
94	438	1
94	442	1
94	443	5
94	444	1
94	445	1
94	449	1
94	452	1
94	455	3
94	456	3
94	457	3
94	458	3
94	459	2
94	460	2
94	469	1
94	472	2
94	473	1
94	474	1
94	475	2
94	476	2
94	477	2
94	479	1
94	480	2
94	489	2
94	490	2
94	491	2
94	492	2
94	493	1
94	494	1
94	499	1
94	501	1
94	502	1
94	507	2
94	510	2
94	511	2
94	513	2
94	518	1
94	519	3
94	521	1
94	525	2
95	98	1
95	101	1
95	110	1
95	114	1
95	115	1
95	116	1
95	121	3
95	122	3
95	126	1
95	127	1
95	135	1
95	138	2
95	139	2
95	140	1
95	147	1
95	148	1
95	149	3
95	150	3
95	153	1
95	159	1
95	160	1
95	161	1
95	169	1
95	170	1
95	171	1
95	172	1
95	173	1
95	174	1
95	175	1
95	177	1
95	179	5
95	180	1
95	188	2
95	189	1
95	190	1
95	201	1
95	205	1
95	206	1
95	207	2
95	210	1
95	211	2
95	212	2
95	213	3
95	214	2
95	215	2
95	216	2
95	218	1
95	219	1
95	227	1
95	228	1
95	229	1
95	235	1
95	241	3
95	242	2
95	247	1
95	251	1
95	252	5
95	253	1
95	254	1
95	255	1
95	256	1
95	257	1
95	258	1
95	259	1
95	260	1
95	261	3
95	262	1
95	263	1
95	265	1
95	266	1
95	267	2
95	268	2
95	269	1
95	270	1
95	271	5
95	272	5
95	273	2
95	274	2
95	278	1
95	279	1
95	280	1
95	284	1
95	287	1
95	294	1
95	301	1
95	302	1
95	303	1
95	306	1
95	309	1
95	310	1
95	312	2
95	313	3
95	314	1
95	315	1
95	316	1
95	317	1
95	328	1
95	333	1
95	339	1
95	340	1
95	352	1
95	355	1
95	356	1
95	357	1
95	358	1
95	364	1
95	365	2
95	372	1
95	375	1
95	376	1
95	399	1
95	400	1
95	401	1
95	404	2
95	405	1
95	407	1
95	410	1
95	411	1
95	412	1
95	413	1
95	414	1
95	415	1
95	416	1
95	417	1
95	418	1
95	419	1
95	420	1
95	421	1
95	422	1
95	439	2
95	472	1
95	493	1
95	499	2
95	507	2
95	518	2
95	519	2
95	528	1
95	529	1
95	531	1
95	532	1
96	100	4
96	102	2
96	103	2
96	104	2
96	111	2
96	112	2
96	113	2
96	114	1
96	115	1
96	116	1
96	117	2
96	118	3
96	119	2
96	120	3
96	121	5
96	122	1
96	123	2
96	124	2
96	125	2
96	126	2
96	127	1
96	128	4
96	129	4
96	130	1
96	131	1
96	132	1
96	133	1
96	135	3
96	138	5
96	139	5
96	140	1
96	141	3
96	142	3
96	143	2
96	144	3
96	145	2
96	146	2
96	147	6
96	148	7
96	149	2
96	151	2
96	153	1
96	155	1
96	156	1
96	157	1
96	158	1
96	159	2
96	160	2
96	161	2
96	164	1
96	169	3
96	170	3
96	171	3
96	172	3
96	174	3
96	175	6
96	178	1
96	179	1
96	180	1
96	181	1
96	182	1
96	183	1
96	184	1
96	185	1
96	186	1
96	187	1
96	188	1
96	189	4
96	191	1
96	194	1
96	195	1
96	196	1
96	197	1
96	198	1
96	199	1
96	200	1
96	201	4
96	202	1
96	203	1
96	205	1
96	206	4
96	207	3
96	211	2
96	212	50
96	213	3
96	214	1
96	215	1
96	216	1
96	221	3
96	223	1
96	224	1
96	225	1
96	226	1
96	227	2
96	232	1
96	233	1
96	234	2
96	235	1
96	236	1
96	237	3
96	238	3
96	239	3
96	240	3
96	241	5
96	242	3
96	243	2
96	244	1
96	247	6
96	248	6
96	249	1
96	250	1
96	251	5
96	252	6
96	253	2
96	254	2
96	255	2
96	256	2
96	257	2
96	258	2
96	259	2
96	260	2
96	261	3
96	262	2
96	263	2
96	264	2
96	267	3
96	268	3
96	269	2
96	270	3
96	271	2
96	272	2
96	273	1
96	274	1
96	277	1
96	278	2
96	279	2
96	280	2
96	285	1
96	286	1
96	290	1
96	293	1
96	295	1
96	296	1
96	297	3
96	298	1
96	299	2
96	301	1
96	302	3
96	303	4
96	304	2
96	305	2
96	306	3
96	307	1
96	309	1
96	313	51
96	314	5
96	315	5
96	316	3
96	317	3
96	318	1
96	320	1
96	324	1
96	327	1
96	328	2
96	330	3
96	333	2
96	338	1
96	339	2
96	340	2
96	341	1
96	342	1
96	343	1
96	344	1
96	345	1
96	353	1
96	354	1
96	355	3
96	357	2
96	358	1
96	365	2
96	369	1
96	370	1
96	371	1
96	373	1
96	374	1
96	375	1
96	376	1
96	377	2
96	378	2
96	379	2
96	380	2
96	383	1
96	384	1
96	390	1
96	397	1
96	398	1
96	399	2
96	400	2
96	401	2
96	404	4
96	410	3
96	412	2
96	414	2
96	415	2
96	416	2
96	417	1
96	418	2
96	419	6
96	420	2
96	421	2
96	422	2
96	425	4
96	426	4
96	427	4
96	428	1
96	436	1
96	437	1
96	438	1
96	442	1
96	443	1
96	444	4
96	445	1
96	446	1
96	447	1
96	448	1
96	449	1
96	452	2
96	454	1
96	455	2
96	456	2
96	457	2
96	458	2
96	459	2
96	460	2
96	469	1
96	472	1
96	473	2
96	474	2
96	489	1
96	490	2
96	491	2
96	492	2
96	493	2
96	494	4
96	496	1
96	497	1
96	503	1
96	507	2
96	510	2
96	511	2
96	513	2
96	518	1
96	519	2
96	521	1
96	525	2
96	528	1
96	529	1
97	98	39
97	99	39
97	100	2
97	118	2
97	121	1
97	122	1
97	130	1
97	131	1
97	132	1
97	133	1
97	135	1
97	141	1
97	142	1
97	147	1
97	148	2
97	151	1
97	153	1
97	165	1
97	166	1
97	167	1
97	168	1
97	174	1
97	178	2
97	180	3
97	189	1
97	202	2
97	203	3
97	205	1
97	206	1
97	209	1
97	211	1
97	212	1
97	213	1
97	214	1
97	220	1
97	221	2
97	222	1
97	223	1
97	228	1
97	229	1
97	241	7
97	242	6
97	247	1
97	249	2
97	252	1
97	261	1
97	277	2
97	278	1
97	287	1
97	289	1
97	293	1
97	294	1
97	295	2
97	301	1
97	305	1
97	306	1
97	307	1
97	309	1
97	311	1
97	312	1
97	316	1
97	317	1
97	327	1
97	333	1
97	338	2
97	352	1
97	357	1
97	359	1
97	360	1
97	361	1
97	362	1
97	363	2
97	365	2
97	425	1
97	426	1
97	427	1
97	428	1
97	436	1
97	437	1
97	438	1
97	455	1
97	456	1
97	457	1
97	458	1
97	470	1
97	479	1
97	482	1
97	503	1
97	508	1
97	516	1
97	519	2
97	521	1
97	525	2
98	99	39
98	100	2
98	110	4
98	114	3
98	115	3
98	116	3
98	117	1
98	118	3
98	119	1
98	121	2
98	122	2
98	128	1
98	129	1
98	130	2
98	131	2
98	132	2
98	133	2
98	135	1
98	137	1
98	138	1
98	139	1
98	140	5
98	141	1
98	142	1
98	147	2
98	148	3
98	149	1
98	151	2
98	153	2
98	155	1
98	159	1
98	160	1
98	161	1
98	165	2
98	166	2
98	167	2
98	168	2
98	173	1
98	174	1
98	175	2
98	177	48
98	178	2
98	180	3
98	181	1
98	182	1
98	183	1
98	184	1
98	189	1
98	202	2
98	203	3
98	205	1
98	206	1
98	209	2
98	210	2
98	211	1
98	212	1
98	213	1
98	214	1
98	216	2
98	217	1
98	218	1
98	219	2
98	220	1
98	221	2
98	222	2
98	223	1
98	227	2
98	228	1
98	229	1
98	234	1
98	241	8
98	242	7
98	247	2
98	249	2
98	252	6
98	261	1
98	269	1
98	275	1
98	276	1
98	277	2
98	278	1
98	287	2
98	289	2
98	291	1
98	293	1
98	294	2
98	295	4
98	299	1
98	300	1
98	301	2
98	305	1
98	306	2
98	307	1
98	309	2
98	311	1
98	312	1
98	313	1
98	316	1
98	317	1
98	321	2
98	325	1
98	326	1
98	327	2
98	328	3
98	333	1
98	338	2
98	352	2
98	353	1
98	354	1
98	356	3
98	357	1
98	358	1
98	359	1
98	360	1
98	361	1
98	362	1
98	363	3
98	364	3
98	365	2
98	372	2
98	385	1
98	386	1
98	387	1
98	388	1
98	399	1
98	400	1
98	401	1
98	417	1
98	425	1
98	426	1
98	427	1
98	428	1
98	436	1
98	437	1
98	438	1
98	455	2
98	456	2
98	457	2
98	458	2
98	459	1
98	460	1
98	461	1
98	462	1
98	463	1
98	464	1
98	470	1
98	479	1
98	482	1
98	503	1
98	508	1
98	510	1
98	511	1
98	512	1
98	516	2
98	519	2
98	520	1
98	521	1
98	525	2
98	527	1
98	531	1
98	532	1
98	533	4
99	100	2
99	118	2
99	121	1
99	122	1
99	130	1
99	131	1
99	132	1
99	133	1
99	135	1
99	141	1
99	142	1
99	147	1
99	148	2
99	151	1
99	153	1
99	165	1
99	166	1
99	167	1
99	168	1
99	174	1
99	178	2
99	180	3
99	189	1
99	202	2
99	203	3
99	205	1
99	206	1
99	209	1
99	211	1
99	212	1
99	213	1
99	214	1
99	220	1
99	221	2
99	222	1
99	223	1
99	228	1
99	229	1
99	241	7
99	242	6
99	247	1
99	249	2
99	252	1
99	261	1
99	277	2
99	278	1
99	287	1
99	289	1
99	293	1
99	294	1
99	295	2
99	301	1
99	305	1
99	306	1
99	307	1
99	309	1
99	311	1
99	312	1
99	316	1
99	317	1
99	327	1
99	333	1
99	338	2
99	352	1
99	357	1
99	359	1
99	360	1
99	361	1
99	362	1
99	363	2
99	365	2
99	425	1
99	426	1
99	427	1
99	428	1
99	436	1
99	437	1
99	438	1
99	455	1
99	456	1
99	457	1
99	458	1
99	470	1
99	479	1
99	482	1
99	503	1
99	508	1
99	516	1
99	519	2
99	521	1
99	525	2
100	109	1
100	117	3
100	118	5
100	119	3
100	120	3
100	121	6
100	122	2
100	123	2
100	124	2
100	125	2
100	127	1
100	128	1
100	129	1
100	130	3
100	131	3
100	132	3
100	133	3
100	134	54
100	135	1
100	141	6
100	142	6
100	147	6
100	148	5
100	150	1
100	151	4
100	153	1
100	154	1
100	155	1
100	159	2
100	160	2
100	161	2
100	165	4
100	166	4
100	167	4
100	168	4
100	174	5
100	175	3
100	176	1
100	178	2
100	179	1
100	180	2
100	189	2
100	190	1
100	192	5
100	193	6
100	197	1
100	198	1
100	199	1
100	200	1
100	201	6
100	202	6
100	203	9
100	206	2
100	207	1
100	209	6
100	211	2
100	212	2
100	213	3
100	214	3
100	218	3
100	219	3
100	220	1
100	221	4
100	223	1
100	224	1
100	228	1
100	229	1
100	237	1
100	238	1
100	239	1
100	240	1
100	241	7
100	242	5
100	243	1
100	244	1
100	247	9
100	248	2
100	249	1
100	251	2
100	252	8
100	253	1
100	254	1
100	255	1
100	256	1
100	257	1
100	258	1
100	259	1
100	260	1
100	261	2
100	262	1
100	263	1
100	264	1
100	267	6
100	268	6
100	269	2
100	271	4
100	272	4
100	273	2
100	275	1
100	276	1
100	277	6
100	278	8
100	281	1
100	282	1
100	283	1
100	284	1
100	287	2
100	290	2
100	292	1
100	293	5
100	294	5
100	295	5
100	300	4
100	302	2
100	303	1
100	305	1
100	306	3
100	307	2
100	309	3
100	311	1
100	312	1
100	313	4
100	314	4
100	315	4
100	316	1
100	317	1
100	318	4
100	324	2
100	327	1
100	328	1
100	338	8
100	349	1
100	350	1
100	351	1
100	352	4
100	355	1
100	356	1
100	357	5
100	358	2
100	359	2
100	360	2
100	361	2
100	362	2
100	363	2
100	365	5
100	366	2
100	369	1
100	370	1
100	372	2
100	373	1
100	374	1
100	377	1
100	378	1
100	379	1
100	380	1
100	389	4
100	399	1
100	400	1
100	401	1
100	408	1
100	409	1
100	431	1
100	436	3
100	437	3
100	438	3
100	439	1
100	443	1
100	446	1
100	455	1
100	456	1
100	457	1
100	458	1
100	459	1
100	460	1
100	466	1
100	470	2
100	472	2
100	479	1
100	482	3
100	484	1
100	493	1
100	494	1
100	501	2
100	502	2
100	503	2
100	505	3
100	506	1
100	507	4
100	510	5
100	511	5
100	513	1
100	516	3
100	519	1
100	520	2
100	521	2
100	523	1
100	524	2
100	525	2
100	531	1
100	532	1
101	114	1
101	115	1
101	116	1
101	121	1
101	126	1
101	127	1
101	135	1
101	137	1
101	140	1
101	141	1
101	142	1
101	143	2
101	144	3
101	145	2
101	146	2
101	148	1
101	150	1
101	154	1
101	155	1
101	156	1
101	157	1
101	158	1
101	172	2
101	175	1
101	179	2
101	180	1
101	185	1
101	186	1
101	187	1
101	189	2
101	206	2
101	207	1
101	210	2
101	211	1
101	212	1
101	213	1
101	222	1
101	228	1
101	229	1
101	241	1
101	247	1
101	248	1
101	252	2
101	253	1
101	254	1
101	255	1
101	256	1
101	257	1
101	258	1
101	259	1
101	260	1
101	261	1
101	262	1
101	263	1
101	269	1
101	270	1
101	271	2
101	272	2
101	273	1
101	274	1
101	278	2
101	284	2
101	295	1
101	299	1
101	302	1
101	305	1
101	306	1
101	312	1
101	313	1
101	325	1
101	326	1
101	327	1
101	328	3
101	333	1
101	352	1
101	355	1
101	356	3
101	357	1
101	358	1
101	364	3
101	365	1
101	372	1
101	404	1
101	410	2
101	414	3
101	415	3
101	416	3
101	436	1
101	437	1
101	438	1
101	439	1
101	459	1
101	460	1
101	472	1
101	475	2
101	476	2
101	477	2
101	484	1
101	485	1
101	486	1
101	499	1
101	507	2
101	518	1
101	519	1
101	524	1
101	528	1
101	529	1
102	103	32
102	104	32
102	111	1
102	112	1
102	113	1
102	114	1
102	115	1
102	116	1
102	118	2
102	120	1
102	121	3
102	122	3
102	123	1
102	124	1
102	125	1
102	126	2
102	127	1
102	128	2
102	129	2
102	135	4
102	138	2
102	139	2
102	141	2
102	142	2
102	144	1
102	147	2
102	148	6
102	149	1
102	151	3
102	152	1
102	153	1
102	155	1
102	156	1
102	157	1
102	158	1
102	159	1
102	160	1
102	161	1
102	164	1
102	169	2
102	170	2
102	171	2
102	172	2
102	174	2
102	175	1
102	178	2
102	179	1
102	180	1
102	188	1
102	189	1
102	190	1
102	194	2
102	195	2
102	196	2
102	201	3
102	202	1
102	203	1
102	204	1
102	206	1
102	207	2
102	211	1
102	212	2
102	213	1
102	214	1
102	215	1
102	216	2
102	220	1
102	221	2
102	223	1
102	224	1
102	225	1
102	227	1
102	232	1
102	233	1
102	234	2
102	235	1
102	236	1
102	237	2
102	238	2
102	239	2
102	240	2
102	241	4
102	242	3
102	247	4
102	248	3
102	249	1
102	250	1
102	251	2
102	252	3
102	253	1
102	254	1
102	255	1
102	256	1
102	257	1
102	258	1
102	259	1
102	260	1
102	261	2
102	262	1
102	263	1
102	264	1
102	267	1
102	268	1
102	269	3
102	270	1
102	271	5
102	272	5
102	273	3
102	274	2
102	277	1
102	279	1
102	280	1
102	293	1
102	295	1
102	296	1
102	297	3
102	298	1
102	299	4
102	301	1
102	302	2
102	303	2
102	304	4
102	306	1
102	313	4
102	314	3
102	315	3
102	316	2
102	317	2
102	318	1
102	320	1
102	324	2
102	327	2
102	328	1
102	330	2
102	333	1
102	338	1
102	339	1
102	340	1
102	353	1
102	354	1
102	355	2
102	356	1
102	357	1
102	358	2
102	365	2
102	369	1
102	370	1
102	371	1
102	372	1
102	375	1
102	376	1
102	377	3
102	378	3
102	379	3
102	380	3
102	390	1
102	397	1
102	398	1
102	399	1
102	400	1
102	401	1
102	404	2
102	407	1
102	410	1
102	412	1
102	414	1
102	415	1
102	416	1
102	418	1
102	419	2
102	420	1
102	421	1
102	422	1
102	425	1
102	426	1
102	427	1
102	428	1
102	436	1
102	437	1
102	438	1
102	442	1
102	443	1
102	444	1
102	445	1
102	452	1
102	455	2
102	456	2
102	457	2
102	458	2
102	459	1
102	460	1
102	469	1
102	473	1
102	474	1
102	480	1
102	484	1
102	489	1
102	490	2
102	491	2
102	492	2
102	493	2
102	494	2
102	496	1
102	497	1
102	507	1
102	510	1
102	511	1
102	513	1
102	519	2
102	521	1
102	525	2
102	531	1
102	532	1
103	104	32
103	111	1
103	112	1
103	113	1
103	114	1
103	115	1
103	116	1
103	118	2
103	120	1
103	121	3
103	122	3
103	123	1
103	124	1
103	125	1
103	126	2
103	127	1
103	128	2
103	129	2
103	135	4
103	138	2
103	139	2
103	141	2
103	142	2
103	144	1
103	147	2
103	148	6
103	149	1
103	151	3
103	152	1
103	153	1
103	155	1
103	156	1
103	157	1
103	158	1
103	159	1
103	160	1
103	161	1
103	164	1
103	169	2
103	170	2
103	171	2
103	172	2
103	174	2
103	175	1
103	178	2
103	179	1
103	180	1
103	188	1
103	189	1
103	190	1
103	194	2
103	195	2
103	196	2
103	201	3
103	202	1
103	203	1
103	204	1
103	206	1
103	207	2
103	211	1
103	212	2
103	213	1
103	214	1
103	215	1
103	216	2
103	220	1
103	221	2
103	223	1
103	224	1
103	225	1
103	227	1
103	232	1
103	233	1
103	234	2
103	235	1
103	236	1
103	237	2
103	238	2
103	239	2
103	240	2
103	241	4
103	242	3
103	247	4
103	248	3
103	249	1
103	250	1
103	251	2
103	252	3
103	253	1
103	254	1
103	255	1
103	256	1
103	257	1
103	258	1
103	259	1
103	260	1
103	261	2
103	262	1
103	263	1
103	264	1
103	267	1
103	268	1
103	269	3
103	270	1
103	271	5
103	272	5
103	273	3
103	274	2
103	277	1
103	279	1
103	280	1
103	293	1
103	295	1
103	296	1
103	297	3
103	298	1
103	299	4
103	301	1
103	302	2
103	303	2
103	304	4
103	306	1
103	313	4
103	314	3
103	315	3
103	316	2
103	317	2
103	318	1
103	320	1
103	324	2
103	327	2
103	328	1
103	330	2
103	333	1
103	338	1
103	339	1
103	340	1
103	353	1
103	354	1
103	355	2
103	356	1
103	357	1
103	358	2
103	365	2
103	369	1
103	370	1
103	371	1
103	372	1
103	375	1
103	376	1
103	377	3
103	378	3
103	379	3
103	380	3
103	390	1
103	397	1
103	398	1
103	399	1
103	400	1
103	401	1
103	404	2
103	407	1
103	410	1
103	412	1
103	414	1
103	415	1
103	416	1
103	418	1
103	419	2
103	420	1
103	421	1
103	422	1
103	425	1
103	426	1
103	427	1
103	428	1
103	436	1
103	437	1
103	438	1
103	442	1
103	443	1
103	444	1
103	445	1
103	452	1
103	455	2
103	456	2
103	457	2
103	458	2
103	459	1
103	460	1
103	469	1
103	473	1
103	474	1
103	480	1
103	484	1
103	489	1
103	490	2
103	491	2
103	492	2
103	493	2
103	494	2
103	496	1
103	497	1
103	507	1
103	510	1
103	511	1
103	513	1
103	519	2
103	521	1
103	525	2
103	531	1
103	532	1
104	111	1
104	112	1
104	113	1
104	114	1
104	115	1
104	116	1
104	118	2
104	120	1
104	121	3
104	122	3
104	123	1
104	124	1
104	125	1
104	126	2
104	127	1
104	128	2
104	129	2
104	135	4
104	138	2
104	139	2
104	141	2
104	142	2
104	144	1
104	147	2
104	148	6
104	149	1
104	151	3
104	152	1
104	153	1
104	155	1
104	156	1
104	157	1
104	158	1
104	159	1
104	160	1
104	161	1
104	164	1
104	169	2
104	170	2
104	171	2
104	172	2
104	174	2
104	175	1
104	178	2
104	179	1
104	180	1
104	188	1
104	189	1
104	190	1
104	194	2
104	195	2
104	196	2
104	201	3
104	202	1
104	203	1
104	204	1
104	206	1
104	207	2
104	211	1
104	212	2
104	213	1
104	214	1
104	215	1
104	216	2
104	220	1
104	221	2
104	223	1
104	224	1
104	225	1
104	227	1
104	232	1
104	233	1
104	234	2
104	235	1
104	236	1
104	237	2
104	238	2
104	239	2
104	240	2
104	241	4
104	242	3
104	247	4
104	248	3
104	249	1
104	250	1
104	251	2
104	252	3
104	253	1
104	254	1
104	255	1
104	256	1
104	257	1
104	258	1
104	259	1
104	260	1
104	261	2
104	262	1
104	263	1
104	264	1
104	267	1
104	268	1
104	269	3
104	270	1
104	271	5
104	272	5
104	273	3
104	274	2
104	277	1
104	279	1
104	280	1
104	293	1
104	295	1
104	296	1
104	297	3
104	298	1
104	299	4
104	301	1
104	302	2
104	303	2
104	304	4
104	306	1
104	313	4
104	314	3
104	315	3
104	316	2
104	317	2
104	318	1
104	320	1
104	324	2
104	327	2
104	328	1
104	330	2
104	333	1
104	338	1
104	339	1
104	340	1
104	353	1
104	354	1
104	355	2
104	356	1
104	357	1
104	358	2
104	365	2
104	369	1
104	370	1
104	371	1
104	372	1
104	375	1
104	376	1
104	377	3
104	378	3
104	379	3
104	380	3
104	390	1
104	397	1
104	398	1
104	399	1
104	400	1
104	401	1
104	404	2
104	407	1
104	410	1
104	412	1
104	414	1
104	415	1
104	416	1
104	418	1
104	419	2
104	420	1
104	421	1
104	422	1
104	425	1
104	426	1
104	427	1
104	428	1
104	436	1
104	437	1
104	438	1
104	442	1
104	443	1
104	444	1
104	445	1
104	452	1
104	455	2
104	456	2
104	457	2
104	458	2
104	459	1
104	460	1
104	469	1
104	473	1
104	474	1
104	480	1
104	484	1
104	489	1
104	490	2
104	491	2
104	492	2
104	493	2
104	494	2
104	496	1
104	497	1
104	507	1
104	510	1
104	511	1
104	513	1
104	519	2
104	521	1
104	525	2
104	531	1
104	532	1
105	106	51
105	107	51
105	108	51
105	138	1
105	139	1
105	230	1
105	231	1
105	241	3
105	264	1
105	294	1
105	311	2
105	346	2
105	347	2
105	348	2
105	359	2
105	360	2
105	361	2
105	362	2
105	363	2
105	533	1
106	107	51
106	108	51
106	138	1
106	139	1
106	230	1
106	231	1
106	241	3
106	264	1
106	294	1
106	311	2
106	346	2
106	347	2
106	348	2
106	359	2
106	360	2
106	361	2
106	362	2
106	363	2
106	533	1
107	108	51
107	138	1
107	139	1
107	230	1
107	231	1
107	241	3
107	264	1
107	294	1
107	311	2
107	346	2
107	347	2
107	348	2
107	359	2
107	360	2
107	361	2
107	362	2
107	363	2
107	533	1
108	138	1
108	139	1
108	230	1
108	231	1
108	241	3
108	264	1
108	294	1
108	311	2
108	346	2
108	347	2
108	348	2
108	359	2
108	360	2
108	361	2
108	362	2
108	363	2
108	533	1
109	128	1
109	129	1
109	134	1
109	135	3
109	169	3
109	170	3
109	171	3
109	172	3
109	174	1
109	244	1
109	265	1
109	266	1
109	269	1
109	306	1
109	311	1
109	324	1
109	353	1
109	354	1
109	357	1
109	375	1
109	376	1
109	377	1
109	378	1
109	379	1
109	380	1
109	383	3
109	384	3
109	471	1
109	479	1
109	521	1
110	114	4
110	115	4
110	116	4
110	118	4
110	120	2
110	121	2
110	122	2
110	126	2
110	127	1
110	128	2
110	129	2
110	130	2
110	131	2
110	132	2
110	133	2
110	135	2
110	137	1
110	138	3
110	139	3
110	140	1
110	141	1
110	142	1
110	143	2
110	144	4
110	145	2
110	146	2
110	147	1
110	148	1
110	149	1
110	151	2
110	152	1
110	153	2
110	154	1
110	155	2
110	156	2
110	157	2
110	158	2
110	173	94
110	175	1
110	176	1
110	177	4
110	178	4
110	179	2
110	180	2
110	181	2
110	182	2
110	183	2
110	184	2
110	189	1
110	190	1
110	202	1
110	203	1
110	210	4
110	213	1
110	214	3
110	216	1
110	218	2
110	219	1
110	220	1
110	221	3
110	222	1
110	227	2
110	228	1
110	229	1
110	230	1
110	231	1
110	241	5
110	242	3
110	247	3
110	248	2
110	249	1
110	250	1
110	252	7
110	253	1
110	254	1
110	255	1
110	256	1
110	257	1
110	258	1
110	259	1
110	260	1
110	261	2
110	262	1
110	263	1
110	264	2
110	270	1
110	281	1
110	282	1
110	283	1
110	284	2
110	287	1
110	288	2
110	289	2
110	291	1
110	292	1
110	294	1
110	295	1
110	299	1
110	300	1
110	302	1
110	303	1
110	306	1
110	307	1
110	310	2
110	311	3
110	312	4
110	313	2
110	314	2
110	315	2
110	316	1
110	317	1
110	319	1
110	321	1
110	325	1
110	326	1
110	328	2
110	335	1
110	336	1
110	337	1
110	346	3
110	347	3
110	348	3
110	349	1
110	350	1
110	351	1
110	352	3
110	353	1
110	354	1
110	356	3
110	357	2
110	358	2
110	359	1
110	360	1
110	361	1
110	362	1
110	363	2
110	364	2
110	365	1
110	371	1
110	372	5
110	373	1
110	374	1
110	385	1
110	386	1
110	387	1
110	388	1
110	390	2
110	399	4
110	400	4
110	404	1
110	414	2
110	415	2
110	416	2
110	417	1
110	423	1
110	436	1
110	437	1
110	438	1
110	446	3
110	449	1
110	454	1
110	472	1
110	479	1
110	482	3
110	510	1
110	511	1
110	516	1
110	519	1
110	523	1
110	533	4
111	112	55
111	113	55
111	117	1
111	118	2
111	119	1
111	120	1
111	121	7
111	122	4
111	123	1
111	124	1
111	125	1
111	126	2
111	128	1
111	129	1
111	135	2
111	138	4
111	139	4
111	141	1
111	142	1
111	147	4
111	148	3
111	149	4
111	151	3
111	153	2
111	159	2
111	160	2
111	161	2
111	165	1
111	166	1
111	167	1
111	168	1
111	169	2
111	170	2
111	171	2
111	172	2
111	174	2
111	175	4
111	178	2
111	180	2
111	188	1
111	189	4
111	190	1
111	194	1
111	195	1
111	196	1
111	201	1
111	202	1
111	203	1
111	205	1
111	206	1
111	207	1
111	211	3
111	212	3
111	213	3
111	214	3
111	215	1
111	216	1
111	220	1
111	221	3
111	227	2
111	232	2
111	233	2
111	234	2
111	235	2
111	236	2
111	237	1
111	238	1
111	239	1
111	240	1
111	241	2
111	243	1
111	247	1
111	248	1
111	251	2
111	252	4
111	261	2
111	264	1
111	267	3
111	268	3
111	269	4
111	270	2
111	271	1
111	272	1
111	274	1
111	277	1
111	279	1
111	280	1
111	281	1
111	282	1
111	283	1
111	293	1
111	295	3
111	297	2
111	299	1
111	301	3
111	302	1
111	303	1
111	304	2
111	305	2
111	306	3
111	307	1
111	313	3
111	314	1
111	315	1
111	316	3
111	317	3
111	318	2
111	320	1
111	324	1
111	327	2
111	328	1
111	330	1
111	338	2
111	339	4
111	340	4
111	352	1
111	353	2
111	354	2
111	355	2
111	356	1
111	357	3
111	365	2
111	371	1
111	375	1
111	376	1
111	377	1
111	378	1
111	379	1
111	380	1
111	397	1
111	398	1
111	399	1
111	400	1
111	401	3
111	404	2
111	407	1
111	410	1
111	411	1
111	412	2
111	413	1
111	418	1
111	419	3
111	420	1
111	421	1
111	422	1
111	425	3
111	426	3
111	427	3
111	439	1
111	442	1
111	443	3
111	444	1
111	445	1
111	452	1
111	455	1
111	456	1
111	457	1
111	458	1
111	459	2
111	460	2
111	469	1
111	479	1
111	480	2
111	482	2
111	489	1
111	490	1
111	491	1
111	492	1
111	493	2
111	494	5
111	503	1
111	507	2
111	510	1
111	511	1
111	513	2
111	518	1
111	519	2
111	521	1
111	524	2
111	525	1
112	113	55
112	117	1
112	118	2
112	119	1
112	120	1
112	121	7
112	122	4
112	123	1
112	124	1
112	125	1
112	126	2
112	128	1
112	129	1
112	135	2
112	138	4
112	139	4
112	141	1
112	142	1
112	147	4
112	148	3
112	149	4
112	151	3
112	153	2
112	159	2
112	160	2
112	161	2
112	165	1
112	166	1
112	167	1
112	168	1
112	169	2
112	170	2
112	171	2
112	172	2
112	174	2
112	175	4
112	178	2
112	180	2
112	188	1
112	189	4
112	190	1
112	194	1
112	195	1
112	196	1
112	201	1
112	202	1
112	203	1
112	205	1
112	206	1
112	207	1
112	211	3
112	212	3
112	213	3
112	214	3
112	215	1
112	216	1
112	220	1
112	221	3
112	227	2
112	232	2
112	233	2
112	234	2
112	235	2
112	236	2
112	237	1
112	238	1
112	239	1
112	240	1
112	241	2
112	243	1
112	247	1
112	248	1
112	251	2
112	252	4
112	261	2
112	264	1
112	267	3
112	268	3
112	269	4
112	270	2
112	271	1
112	272	1
112	274	1
112	277	1
112	279	1
112	280	1
112	281	1
112	282	1
112	283	1
112	293	1
112	295	3
112	297	2
112	299	1
112	301	3
112	302	1
112	303	1
112	304	2
112	305	2
112	306	3
112	307	1
112	313	3
112	314	1
112	315	1
112	316	3
112	317	3
112	318	2
112	320	1
112	324	1
112	327	2
112	328	1
112	330	1
112	338	2
112	339	4
112	340	4
112	352	1
112	353	2
112	354	2
112	355	2
112	356	1
112	357	3
112	365	2
112	371	1
112	375	1
112	376	1
112	377	1
112	378	1
112	379	1
112	380	1
112	397	1
112	398	1
112	399	1
112	400	1
112	401	3
112	404	2
112	407	1
112	410	1
112	411	1
112	412	2
112	413	1
112	418	1
112	419	3
112	420	1
112	421	1
112	422	1
112	425	3
112	426	3
112	427	3
112	439	1
112	442	1
112	443	3
112	444	1
112	445	1
112	452	1
112	455	1
112	456	1
112	457	1
112	458	1
112	459	2
112	460	2
112	469	1
112	479	1
112	480	2
112	482	2
112	489	1
112	490	1
112	491	1
112	492	1
112	493	2
112	494	5
112	503	1
112	507	2
112	510	1
112	511	1
112	513	2
112	518	1
112	519	2
112	521	1
112	524	2
112	525	1
113	117	1
113	118	2
113	119	1
113	120	1
113	121	7
113	122	4
113	123	1
113	124	1
113	125	1
113	126	2
113	128	1
113	129	1
113	135	2
113	138	4
113	139	4
113	141	1
113	142	1
113	147	4
113	148	3
113	149	4
113	151	3
113	153	2
113	159	2
113	160	2
113	161	2
113	165	1
113	166	1
113	167	1
113	168	1
113	169	2
113	170	2
113	171	2
113	172	2
113	174	2
113	175	4
113	178	2
113	180	2
113	188	1
113	189	4
113	190	1
113	194	1
113	195	1
113	196	1
113	201	1
113	202	1
113	203	1
113	205	1
113	206	1
113	207	1
113	211	3
113	212	3
113	213	3
113	214	3
113	215	1
113	216	1
113	220	1
113	221	3
113	227	2
113	232	2
113	233	2
113	234	2
113	235	2
113	236	2
113	237	1
113	238	1
113	239	1
113	240	1
113	241	2
113	243	1
113	247	1
113	248	1
113	251	2
113	252	4
113	261	2
113	264	1
113	267	3
113	268	3
113	269	4
113	270	2
113	271	1
113	272	1
113	274	1
113	277	1
113	279	1
113	280	1
113	281	1
113	282	1
113	283	1
113	293	1
113	295	3
113	297	2
113	299	1
113	301	3
113	302	1
113	303	1
113	304	2
113	305	2
113	306	3
113	307	1
113	313	3
113	314	1
113	315	1
113	316	3
113	317	3
113	318	2
113	320	1
113	324	1
113	327	2
113	328	1
113	330	1
113	338	2
113	339	4
113	340	4
113	352	1
113	353	2
113	354	2
113	355	2
113	356	1
113	357	3
113	365	2
113	371	1
113	375	1
113	376	1
113	377	1
113	378	1
113	379	1
113	380	1
113	397	1
113	398	1
113	399	1
113	400	1
113	401	3
113	404	2
113	407	1
113	410	1
113	411	1
113	412	2
113	413	1
113	418	1
113	419	3
113	420	1
113	421	1
113	422	1
113	425	3
113	426	3
113	427	3
113	439	1
113	442	1
113	443	3
113	444	1
113	445	1
113	452	1
113	455	1
113	456	1
113	457	1
113	458	1
113	459	2
113	460	2
113	469	1
113	479	1
113	480	2
113	482	2
113	489	1
113	490	1
113	491	1
113	492	1
113	493	2
113	494	5
113	503	1
113	507	2
113	510	1
113	511	1
113	513	2
113	518	1
113	519	2
113	521	1
113	524	2
113	525	1
114	115	46
114	116	46
114	118	1
114	121	3
114	126	1
114	127	1
114	128	1
114	129	1
114	130	2
114	131	2
114	132	2
114	133	2
114	135	6
114	136	1
114	137	2
114	138	2
114	139	2
114	143	2
114	144	3
114	145	2
114	146	2
114	148	2
114	150	1
114	151	2
114	152	1
114	153	1
114	154	1
114	155	1
114	156	1
114	157	1
114	158	1
114	162	1
114	163	1
114	164	2
114	169	1
114	170	1
114	171	1
114	172	2
114	173	4
114	175	1
114	177	3
114	178	1
114	179	1
114	180	1
114	188	2
114	189	1
114	201	3
114	206	2
114	207	1
114	212	1
114	214	1
114	216	2
114	218	2
114	219	1
114	221	2
114	222	1
114	223	1
114	224	1
114	225	1
114	234	1
114	237	1
114	238	1
114	239	2
114	240	1
114	241	4
114	242	3
114	247	3
114	248	3
114	249	1
114	252	3
114	269	2
114	271	2
114	272	2
114	273	1
114	287	2
114	289	1
114	290	1
114	292	2
114	295	1
114	296	2
114	297	1
114	298	1
114	299	1
114	302	1
114	303	1
114	305	2
114	306	3
114	307	1
114	309	1
114	310	1
114	311	1
114	313	2
114	314	2
114	315	2
114	316	2
114	317	2
114	319	1
114	322	1
114	323	1
114	325	1
114	326	1
114	327	1
114	328	2
114	330	1
114	333	1
114	346	1
114	347	1
114	348	1
114	352	2
114	355	2
114	356	3
114	357	1
114	358	3
114	364	2
114	369	1
114	370	1
114	371	1
114	372	4
114	373	2
114	374	2
114	377	2
114	378	2
114	379	2
114	380	2
114	385	1
114	386	1
114	387	1
114	388	1
114	390	1
114	399	3
114	400	3
114	404	2
114	406	33
114	410	1
114	414	1
114	415	1
114	416	1
114	417	1
114	432	1
114	433	1
114	434	1
114	435	1
114	436	1
114	437	1
114	438	1
114	443	1
114	445	1
114	449	1
114	455	1
114	456	1
114	457	1
114	458	1
114	459	1
114	460	1
114	472	2
114	473	1
114	474	1
114	475	1
114	476	1
114	477	1
114	479	1
114	482	1
114	490	1
114	491	1
114	492	1
114	493	2
114	494	2
114	496	1
114	500	1
114	524	1
114	525	1
114	533	1
115	116	46
115	118	1
115	121	3
115	126	1
115	128	1
115	129	1
115	130	1
115	131	1
115	132	1
115	133	1
115	135	6
115	136	1
115	137	2
115	138	2
115	139	2
115	143	1
115	144	2
115	145	1
115	146	1
115	148	2
115	150	1
115	151	2
115	152	1
115	153	1
115	154	1
115	155	1
115	156	1
115	157	1
115	158	1
115	164	1
115	169	1
115	170	1
115	171	1
115	172	1
115	173	4
115	175	1
115	177	3
115	178	1
115	179	1
115	180	1
115	188	2
115	189	1
115	201	2
115	206	2
115	207	1
115	212	1
115	214	1
115	216	2
115	218	2
115	219	1
115	221	2
115	222	1
115	223	1
115	224	1
115	225	1
115	234	1
115	237	1
115	238	1
115	239	2
115	240	1
115	241	4
115	242	3
115	247	2
115	248	2
115	249	1
115	252	3
115	269	2
115	271	2
115	272	2
115	273	1
115	287	2
115	289	1
115	290	1
115	292	2
115	295	1
115	296	2
115	297	1
115	298	1
115	299	1
115	302	1
115	303	1
115	305	1
115	306	2
115	307	1
115	309	1
115	310	1
115	311	1
115	313	1
115	314	1
115	315	1
115	316	1
115	317	1
115	319	1
115	325	1
115	326	1
115	327	1
115	328	2
115	330	1
115	333	1
115	346	1
115	347	1
115	348	1
115	355	2
115	356	3
115	357	1
115	358	2
115	364	2
115	369	1
115	370	1
115	372	4
115	373	2
115	374	2
115	377	2
115	378	2
115	379	2
115	380	2
115	385	1
115	386	1
115	387	1
115	388	1
115	390	1
115	399	3
115	400	3
115	404	2
115	410	1
115	414	1
115	415	1
115	416	1
115	417	1
115	432	1
115	433	1
115	434	1
115	435	1
115	436	1
115	437	1
115	438	1
115	443	1
115	445	1
115	455	1
115	456	1
115	457	1
115	458	1
115	459	1
115	460	1
115	472	2
115	473	1
115	474	1
115	479	1
115	482	1
115	490	1
115	491	1
115	492	1
115	493	2
115	494	1
115	496	1
115	524	1
115	525	1
115	533	1
116	118	1
116	121	3
116	126	1
116	128	1
116	129	1
116	130	1
116	131	1
116	132	1
116	133	1
116	135	6
116	136	1
116	137	2
116	138	2
116	139	2
116	143	1
116	144	2
116	145	1
116	146	1
116	148	2
116	150	1
116	151	2
116	152	1
116	153	1
116	154	1
116	155	1
116	156	1
116	157	1
116	158	1
116	164	1
116	169	1
116	170	1
116	171	1
116	172	1
116	173	4
116	175	1
116	177	3
116	178	1
116	179	1
116	180	1
116	188	2
116	189	1
116	201	2
116	206	2
116	207	1
116	212	1
116	214	1
116	216	2
116	218	2
116	219	1
116	221	2
116	222	1
116	223	1
116	224	1
116	225	1
116	234	1
116	237	1
116	238	1
116	239	2
116	240	1
116	241	4
116	242	3
116	247	2
116	248	2
116	249	1
116	252	3
116	269	2
116	271	2
116	272	2
116	273	1
116	287	2
116	289	1
116	290	1
116	292	2
116	295	1
116	296	2
116	297	1
116	298	1
116	299	1
116	302	1
116	303	1
116	305	1
116	306	2
116	307	1
116	309	1
116	310	1
116	311	1
116	313	1
116	314	1
116	315	1
116	316	1
116	317	1
116	319	1
116	325	1
116	326	1
116	327	1
116	328	2
116	330	1
116	333	1
116	346	1
116	347	1
116	348	1
116	355	2
116	356	3
116	357	1
116	358	2
116	364	2
116	369	1
116	370	1
116	372	4
116	373	2
116	374	2
116	377	2
116	378	2
116	379	2
116	380	2
116	385	1
116	386	1
116	387	1
116	388	1
116	390	1
116	399	3
116	400	3
116	404	2
116	410	1
116	414	1
116	415	1
116	416	1
116	417	1
116	432	1
116	433	1
116	434	1
116	435	1
116	436	1
116	437	1
116	438	1
116	443	1
116	445	1
116	455	1
116	456	1
116	457	1
116	458	1
116	459	1
116	460	1
116	472	2
116	473	1
116	474	1
116	479	1
116	482	1
116	490	1
116	491	1
116	492	1
116	493	2
116	494	1
116	496	1
116	524	1
116	525	1
116	533	1
117	118	21
117	119	21
117	121	4
117	122	2
117	123	1
117	124	1
117	125	1
117	134	1
117	135	2
117	138	1
117	139	1
117	141	3
117	142	3
117	148	3
117	149	2
117	151	2
117	159	5
117	160	5
117	161	5
117	169	1
117	170	1
117	171	1
117	172	1
117	174	2
117	175	1
117	177	1
117	178	3
117	180	5
117	189	2
117	190	2
117	201	3
117	205	1
117	206	2
117	207	1
117	214	2
117	215	1
117	216	2
117	220	1
117	221	1
117	227	1
117	241	2
117	242	1
117	247	3
117	248	1
117	251	1
117	252	6
117	261	1
117	267	3
117	268	3
117	269	2
117	271	1
117	272	1
117	273	1
117	275	1
117	276	1
117	278	1
117	294	1
117	295	4
117	299	2
117	301	2
117	304	2
117	306	3
117	313	3
117	314	2
117	315	2
117	316	1
117	317	1
117	318	3
117	338	2
117	339	1
117	340	1
117	357	2
117	365	1
117	389	3
117	401	1
117	404	1
117	407	1
117	418	1
117	419	1
117	420	1
117	421	1
117	422	1
117	439	1
117	443	1
117	459	1
117	460	1
117	469	1
117	472	1
117	479	1
117	482	1
117	493	1
117	494	1
117	505	2
117	507	1
117	510	1
117	511	1
117	513	2
117	519	1
117	524	2
117	525	1
117	531	2
117	532	2
118	119	21
118	120	2
118	121	10
118	122	7
118	123	2
118	124	2
118	125	2
118	128	4
118	129	4
118	130	2
118	131	2
118	132	2
118	133	2
118	134	2
118	135	5
118	138	6
118	139	6
118	141	4
118	142	4
118	143	1
118	144	1
118	145	1
118	146	1
118	147	4
118	148	10
118	149	4
118	151	6
118	152	1
118	153	1
118	159	5
118	160	5
118	161	5
118	165	1
118	166	1
118	167	1
118	168	1
118	169	3
118	170	3
118	171	3
118	172	3
118	173	4
118	174	5
118	175	2
118	177	1
118	178	39
118	179	1
118	180	13
118	189	4
118	190	2
118	191	1
118	194	2
118	195	2
118	196	2
118	201	5
118	202	3
118	203	3
118	205	4
118	206	4
118	207	2
118	210	2
118	211	1
118	212	1
118	213	1
118	214	3
118	215	2
118	216	2
118	218	2
118	219	1
118	220	2
118	221	2
118	227	4
118	230	1
118	231	1
118	232	1
118	233	1
118	234	3
118	235	1
118	236	1
118	237	1
118	238	1
118	239	1
118	240	1
118	241	8
118	242	5
118	247	9
118	248	5
118	249	1
118	251	2
118	252	16
118	261	3
118	264	3
118	267	5
118	268	5
118	269	4
118	270	2
118	271	3
118	272	3
118	273	1
118	274	1
118	275	1
118	276	1
118	277	2
118	278	2
118	279	1
118	280	1
118	285	2
118	286	2
118	289	2
118	292	1
118	293	2
118	294	3
118	295	9
118	296	1
118	297	2
118	299	3
118	301	5
118	302	1
118	303	3
118	304	2
118	306	7
118	309	1
118	311	1
118	313	7
118	314	6
118	315	6
118	316	5
118	317	5
118	318	4
118	319	1
118	320	2
118	324	2
118	327	2
118	328	2
118	330	1
118	338	5
118	339	2
118	340	2
118	346	1
118	347	1
118	348	1
118	353	1
118	354	1
118	355	1
118	356	1
118	357	5
118	358	2
118	363	1
118	365	6
118	371	2
118	372	4
118	373	1
118	374	1
118	375	1
118	376	1
118	377	1
118	378	1
118	379	1
118	380	1
118	385	1
118	386	1
118	387	1
118	388	1
118	389	3
118	397	2
118	398	2
118	399	2
118	400	2
118	401	2
118	402	1
118	403	1
118	404	3
118	407	1
118	410	2
118	412	1
118	417	2
118	418	2
118	419	2
118	420	2
118	421	2
118	422	2
118	425	1
118	426	1
118	427	1
118	431	1
118	436	2
118	437	2
118	438	2
118	439	1
118	442	1
118	443	2
118	445	1
118	452	1
118	454	1
118	455	2
118	456	2
118	457	2
118	458	2
118	459	2
118	460	2
118	466	1
118	469	2
118	470	2
118	472	1
118	475	1
118	476	1
118	477	1
118	479	2
118	481	1
118	482	1
118	489	2
118	490	2
118	491	2
118	492	2
118	493	2
118	494	2
118	497	1
118	505	3
118	507	2
118	510	2
118	511	2
118	512	1
118	513	3
118	516	1
118	519	6
118	520	1
118	521	2
118	523	3
118	524	3
118	525	5
118	531	5
118	532	5
118	533	1
119	121	4
119	122	2
119	123	1
119	124	1
119	125	1
119	134	1
119	135	2
119	138	1
119	139	1
119	141	3
119	142	3
119	148	3
119	149	2
119	151	2
119	159	5
119	160	5
119	161	5
119	169	1
119	170	1
119	171	1
119	172	1
119	174	2
119	175	1
119	177	1
119	178	3
119	180	5
119	189	2
119	190	2
119	201	3
119	205	1
119	206	2
119	207	1
119	214	2
119	215	1
119	216	2
119	220	1
119	221	1
119	227	1
119	241	2
119	242	1
119	247	3
119	248	1
119	251	1
119	252	6
119	261	1
119	267	3
119	268	3
119	269	2
119	271	1
119	272	1
119	273	1
119	275	1
119	276	1
119	278	1
119	294	1
119	295	4
119	299	2
119	301	2
119	304	2
119	306	3
119	313	3
119	314	2
119	315	2
119	316	1
119	317	1
119	318	3
119	338	2
119	339	1
119	340	1
119	357	2
119	365	1
119	389	3
119	401	1
119	404	1
119	407	1
119	418	1
119	419	1
119	420	1
119	421	1
119	422	1
119	439	1
119	443	1
119	459	1
119	460	1
119	469	1
119	472	1
119	479	1
119	482	1
119	493	1
119	494	1
119	505	2
119	507	1
119	510	1
119	511	1
119	513	2
119	519	1
119	524	2
119	525	1
119	531	2
119	532	2
120	121	4
120	122	2
120	123	1
120	124	1
120	125	1
120	128	2
120	129	2
120	135	3
120	138	3
120	139	3
120	147	5
120	148	5
120	149	1
120	151	1
120	153	1
120	159	1
120	160	1
120	161	1
120	169	1
120	170	1
120	171	1
120	172	1
120	173	1
120	174	1
120	175	3
120	178	2
120	179	1
120	180	2
120	188	1
120	189	2
120	190	1
120	194	1
120	195	1
120	196	1
120	201	1
120	202	1
120	203	2
120	206	2
120	207	1
120	210	1
120	211	1
120	212	2
120	213	2
120	214	2
120	215	1
120	220	1
120	221	2
120	227	1
120	232	1
120	233	1
120	234	1
120	235	1
120	236	1
120	237	1
120	238	1
120	239	1
120	240	1
120	241	3
120	242	1
120	244	1
120	247	6
120	248	4
120	251	3
120	252	4
120	253	1
120	254	1
120	255	1
120	256	1
120	257	1
120	258	1
120	259	1
120	260	1
120	261	3
120	262	1
120	263	1
120	264	4
120	267	2
120	268	2
120	269	2
120	270	2
120	271	2
120	272	2
120	273	1
120	274	2
120	277	2
120	279	1
120	280	1
120	287	2
120	289	1
120	293	2
120	294	1
120	295	1
120	297	1
120	299	2
120	301	1
120	302	3
120	303	2
120	306	2
120	313	6
120	314	5
120	315	5
120	316	2
120	317	2
120	318	1
120	320	1
120	324	2
120	327	1
120	328	1
120	330	1
120	333	1
120	338	3
120	339	2
120	340	2
120	353	1
120	354	1
120	355	2
120	357	1
120	358	1
120	365	3
120	371	1
120	375	1
120	376	1
120	377	1
120	378	1
120	379	1
120	380	1
120	397	1
120	398	1
120	399	2
120	400	2
120	401	1
120	404	3
120	410	2
120	412	2
120	418	1
120	419	1
120	420	1
120	421	1
120	422	1
120	425	1
120	426	1
120	427	1
120	436	1
120	437	1
120	438	1
120	442	1
120	443	1
120	445	1
120	446	1
120	452	2
120	454	1
120	455	1
120	456	1
120	457	1
120	458	1
120	459	1
120	460	1
120	469	1
120	472	1
120	473	1
120	474	1
120	482	1
120	489	1
120	490	2
120	491	2
120	492	2
120	493	1
120	494	2
120	503	1
120	507	2
120	510	1
120	511	1
120	513	2
120	518	1
120	519	3
120	521	1
120	525	1
121	122	60
121	123	2
121	124	2
121	125	2
121	126	3
121	127	4
121	128	5
121	129	5
121	130	2
121	131	2
121	132	2
121	133	2
121	134	4
121	135	11
121	137	1
121	138	5
121	139	5
121	141	7
121	142	7
121	143	2
121	144	2
121	145	2
121	146	2
121	147	16
121	148	14
121	149	13
121	150	2
121	151	9
121	152	3
121	153	4
121	159	5
121	160	5
121	161	5
121	164	1
121	165	4
121	166	4
121	167	4
121	168	4
121	169	5
121	170	5
121	171	5
121	172	5
121	173	2
121	174	6
121	175	12
121	177	1
121	178	7
121	179	6
121	180	6
121	181	1
121	182	1
121	183	1
121	184	1
121	188	3
121	189	12
121	190	5
121	191	1
121	194	3
121	195	3
121	196	3
121	201	10
121	202	5
121	203	6
121	206	14
121	207	3
121	210	1
121	211	4
121	212	6
121	213	8
121	214	6
121	215	5
121	216	3
121	218	1
121	219	2
121	220	5
121	221	6
121	222	2
121	223	2
121	224	1
121	226	3
121	227	6
121	232	2
121	233	2
121	234	4
121	235	2
121	236	2
121	237	4
121	238	4
121	239	5
121	240	4
121	241	14
121	242	7
121	243	2
121	247	15
121	248	9
121	249	4
121	250	3
121	251	8
121	252	18
121	253	3
121	254	3
121	255	3
121	256	3
121	257	3
121	258	3
121	259	3
121	260	3
121	261	9
121	262	3
121	263	3
121	264	7
121	265	1
121	266	1
121	267	10
121	268	10
121	269	13
121	270	7
121	271	6
121	272	6
121	273	4
121	274	6
121	277	4
121	278	3
121	279	2
121	280	2
121	285	1
121	286	1
121	289	1
121	290	1
121	292	34
121	293	4
121	294	4
121	295	14
121	296	1
121	297	8
121	298	1
121	299	6
121	301	8
121	302	7
121	303	5
121	304	8
121	305	2
121	306	13
121	307	1
121	309	3
121	310	3
121	313	17
121	314	10
121	315	10
121	316	8
121	317	10
121	318	5
121	320	2
121	324	6
121	325	1
121	326	1
121	327	7
121	328	7
121	330	2
121	333	2
121	338	12
121	339	6
121	340	6
121	349	4
121	350	4
121	351	4
121	353	5
121	354	5
121	355	5
121	356	5
121	357	8
121	358	4
121	359	1
121	360	1
121	361	1
121	362	1
121	363	1
121	364	4
121	365	12
121	366	2
121	367	6
121	368	6
121	369	1
121	370	1
121	371	2
121	373	2
121	374	2
121	375	6
121	376	6
121	377	2
121	378	2
121	379	2
121	380	2
121	383	1
121	384	1
121	385	1
121	386	1
121	387	1
121	388	1
121	389	1
121	397	3
121	398	3
121	399	3
121	400	3
121	401	3
121	402	1
121	403	1
121	404	9
121	407	3
121	410	6
121	411	2
121	412	4
121	413	2
121	418	2
121	419	3
121	420	2
121	421	2
121	422	2
121	425	6
121	426	6
121	427	6
121	428	1
121	431	2
121	436	4
121	437	4
121	438	4
121	439	1
121	442	2
121	443	7
121	445	1
121	446	2
121	452	2
121	454	2
121	455	4
121	456	4
121	457	4
121	458	4
121	459	5
121	460	5
121	461	1
121	462	1
121	463	1
121	464	1
121	469	2
121	470	1
121	472	3
121	473	1
121	474	1
121	475	1
121	476	1
121	477	1
121	479	3
121	480	2
121	482	1
121	489	3
121	490	6
121	491	6
121	492	6
121	493	2
121	494	4
121	497	1
121	499	2
121	503	1
121	507	6
121	510	6
121	511	6
121	512	3
121	513	7
121	516	1
121	518	3
121	519	12
121	521	2
121	524	3
121	525	4
121	528	3
121	529	3
121	531	5
121	532	5
122	123	1
122	124	1
122	125	1
122	126	2
122	127	3
122	128	2
122	129	2
122	130	1
122	131	1
122	132	1
122	133	1
122	134	1
122	135	6
122	138	3
122	139	3
122	141	4
122	142	4
122	143	1
122	144	1
122	145	1
122	146	1
122	147	10
122	148	8
122	149	9
122	150	1
122	151	7
122	152	1
122	153	3
122	159	3
122	160	3
122	161	3
122	164	1
122	165	4
122	166	4
122	167	4
122	168	4
122	169	4
122	170	4
122	171	4
122	172	4
122	173	2
122	174	3
122	175	7
122	177	1
122	178	6
122	179	3
122	180	4
122	188	2
122	189	6
122	190	3
122	194	1
122	195	1
122	196	1
122	201	5
122	202	4
122	203	5
122	206	7
122	207	3
122	210	1
122	211	4
122	212	4
122	213	5
122	214	4
122	215	4
122	216	2
122	220	3
122	221	2
122	226	1
122	227	5
122	232	1
122	233	1
122	234	2
122	235	1
122	236	1
122	237	2
122	238	2
122	239	2
122	240	2
122	241	6
122	242	3
122	243	1
122	247	9
122	248	5
122	249	3
122	250	3
122	251	3
122	252	11
122	253	1
122	254	1
122	255	1
122	256	1
122	257	1
122	258	1
122	259	1
122	260	1
122	261	6
122	262	1
122	263	1
122	264	3
122	265	1
122	266	1
122	267	8
122	268	8
122	269	8
122	270	5
122	271	2
122	272	2
122	273	1
122	274	5
122	277	4
122	278	1
122	279	2
122	280	2
122	285	1
122	286	1
122	289	1
122	292	2
122	293	4
122	294	2
122	295	8
122	296	1
122	297	5
122	298	1
122	299	4
122	301	6
122	302	5
122	303	4
122	304	5
122	306	8
122	307	1
122	309	1
122	310	2
122	313	10
122	314	6
122	315	6
122	316	6
122	317	7
122	318	4
122	320	2
122	324	3
122	327	4
122	328	4
122	330	1
122	333	1
122	338	6
122	339	4
122	340	4
122	349	1
122	350	1
122	351	1
122	353	1
122	354	1
122	355	3
122	356	3
122	357	6
122	358	2
122	364	3
122	365	7
122	366	2
122	367	4
122	368	4
122	371	2
122	373	1
122	374	1
122	375	3
122	376	3
122	377	2
122	378	2
122	379	2
122	380	2
122	385	1
122	386	1
122	387	1
122	388	1
122	397	2
122	398	2
122	399	2
122	400	2
122	401	3
122	404	5
122	407	2
122	410	2
122	411	2
122	412	3
122	413	2
122	418	2
122	419	2
122	420	2
122	421	2
122	422	2
122	425	2
122	426	2
122	427	2
122	436	2
122	437	2
122	438	2
122	439	1
122	442	1
122	443	6
122	445	1
122	452	1
122	454	1
122	455	4
122	456	4
122	457	4
122	458	4
122	459	3
122	460	3
122	469	1
122	472	1
122	475	1
122	476	1
122	477	1
122	479	3
122	480	2
122	489	3
122	490	4
122	491	4
122	492	4
122	493	2
122	494	2
122	499	1
122	507	5
122	510	5
122	511	5
122	512	1
122	513	4
122	516	1
122	518	2
122	519	7
122	521	2
122	524	1
122	525	4
122	531	1
122	532	1
123	124	24
123	125	24
123	128	1
123	129	1
123	134	1
123	135	1
123	138	1
123	139	1
123	147	3
123	148	2
123	149	1
123	151	1
123	153	1
123	165	1
123	166	1
123	167	1
123	168	1
123	169	1
123	170	1
123	171	1
123	172	1
123	174	2
123	175	3
123	178	2
123	180	3
123	181	1
123	182	1
123	183	1
123	184	1
123	194	2
123	195	2
123	196	2
123	201	3
123	202	1
123	203	1
123	206	2
123	207	1
123	211	1
123	212	1
123	213	1
123	214	3
123	215	3
123	221	1
123	227	1
123	232	1
123	233	1
123	234	1
123	235	1
123	236	1
123	237	1
123	238	1
123	239	1
123	240	1
123	241	3
123	242	1
123	247	1
123	248	1
123	249	1
123	251	2
123	252	2
123	261	1
123	264	1
123	267	1
123	268	1
123	269	1
123	270	1
123	271	1
123	272	1
123	274	2
123	275	1
123	276	1
123	277	1
123	279	1
123	280	1
123	292	1
123	293	1
123	294	1
123	295	3
123	297	1
123	299	1
123	301	2
123	302	1
123	303	1
123	306	2
123	313	1
123	314	1
123	315	1
123	316	1
123	317	1
123	318	2
123	320	1
123	324	1
123	327	1
123	328	1
123	330	1
123	338	1
123	339	1
123	340	1
123	355	1
123	357	1
123	365	1
123	371	1
123	375	1
123	376	1
123	377	1
123	378	1
123	379	1
123	380	1
123	389	1
123	397	1
123	398	1
123	401	1
123	404	1
123	410	2
123	411	1
123	412	2
123	413	1
123	418	1
123	419	1
123	420	1
123	421	1
123	422	1
123	442	1
123	443	1
123	445	1
123	452	1
123	455	1
123	456	1
123	457	1
123	458	1
123	459	1
123	460	1
123	469	2
123	489	1
123	490	1
123	491	1
123	492	1
123	493	1
123	494	1
123	507	1
123	510	1
123	511	1
123	513	1
123	519	1
123	521	1
123	524	1
123	525	2
123	526	1
124	125	24
124	128	1
124	129	1
124	134	1
124	135	1
124	138	1
124	139	1
124	147	3
124	148	2
124	149	1
124	151	1
124	153	1
124	165	1
124	166	1
124	167	1
124	168	1
124	169	1
124	170	1
124	171	1
124	172	1
124	174	2
124	175	3
124	178	2
124	180	3
124	181	1
124	182	1
124	183	1
124	184	1
124	194	2
124	195	2
124	196	2
124	201	3
124	202	1
124	203	1
124	206	2
124	207	1
124	211	1
124	212	1
124	213	1
124	214	3
124	215	3
124	221	1
124	227	1
124	232	1
124	233	1
124	234	1
124	235	1
124	236	1
124	237	1
124	238	1
124	239	1
124	240	1
124	241	3
124	242	1
124	247	1
124	248	1
124	249	1
124	251	2
124	252	2
124	261	1
124	264	1
124	267	1
124	268	1
124	269	1
124	270	1
124	271	1
124	272	1
124	274	2
124	275	1
124	276	1
124	277	1
124	279	1
124	280	1
124	292	1
124	293	1
124	294	1
124	295	3
124	297	1
124	299	1
124	301	2
124	302	1
124	303	1
124	306	2
124	313	1
124	314	1
124	315	1
124	316	1
124	317	1
124	318	2
124	320	1
124	324	1
124	327	1
124	328	1
124	330	1
124	338	1
124	339	1
124	340	1
124	355	1
124	357	1
124	365	1
124	371	1
124	375	1
124	376	1
124	377	1
124	378	1
124	379	1
124	380	1
124	389	1
124	397	1
124	398	1
124	401	1
124	404	1
124	410	2
124	411	1
124	412	2
124	413	1
124	418	1
124	419	1
124	420	1
124	421	1
124	422	1
124	442	1
124	443	1
124	445	1
124	452	1
124	455	1
124	456	1
124	457	1
124	458	1
124	459	1
124	460	1
124	469	2
124	489	1
124	490	1
124	491	1
124	492	1
124	493	1
124	494	1
124	507	1
124	510	1
124	511	1
124	513	1
124	519	1
124	521	1
124	524	1
124	525	2
124	526	1
125	128	1
125	129	1
125	134	1
125	135	1
125	138	1
125	139	1
125	147	3
125	148	2
125	149	1
125	151	1
125	153	1
125	165	1
125	166	1
125	167	1
125	168	1
125	169	1
125	170	1
125	171	1
125	172	1
125	174	2
125	175	3
125	178	2
125	180	3
125	181	1
125	182	1
125	183	1
125	184	1
125	194	2
125	195	2
125	196	2
125	201	3
125	202	1
125	203	1
125	206	2
125	207	1
125	211	1
125	212	1
125	213	1
125	214	3
125	215	3
125	221	1
125	227	1
125	232	1
125	233	1
125	234	1
125	235	1
125	236	1
125	237	1
125	238	1
125	239	1
125	240	1
125	241	3
125	242	1
125	247	1
125	248	1
125	249	1
125	251	2
125	252	2
125	261	1
125	264	1
125	267	1
125	268	1
125	269	1
125	270	1
125	271	1
125	272	1
125	274	2
125	275	1
125	276	1
125	277	1
125	279	1
125	280	1
125	292	1
125	293	1
125	294	1
125	295	3
125	297	1
125	299	1
125	301	2
125	302	1
125	303	1
125	306	2
125	313	1
125	314	1
125	315	1
125	316	1
125	317	1
125	318	2
125	320	1
125	324	1
125	327	1
125	328	1
125	330	1
125	338	1
125	339	1
125	340	1
125	355	1
125	357	1
125	365	1
125	371	1
125	375	1
125	376	1
125	377	1
125	378	1
125	379	1
125	380	1
125	389	1
125	397	1
125	398	1
125	401	1
125	404	1
125	410	2
125	411	1
125	412	2
125	413	1
125	418	1
125	419	1
125	420	1
125	421	1
125	422	1
125	442	1
125	443	1
125	445	1
125	452	1
125	455	1
125	456	1
125	457	1
125	458	1
125	459	1
125	460	1
125	469	2
125	489	1
125	490	1
125	491	1
125	492	1
125	493	1
125	494	1
125	507	1
125	510	1
125	511	1
125	513	1
125	519	1
125	521	1
125	524	1
125	525	2
125	526	1
126	127	54
126	130	2
126	131	2
126	132	2
126	133	2
126	135	1
126	138	3
126	139	3
126	140	1
126	141	2
126	142	2
126	144	1
126	147	3
126	148	4
126	149	1
126	150	1
126	151	2
126	152	1
126	153	8
126	154	1
126	155	1
126	156	1
126	157	1
126	158	1
126	164	1
126	165	1
126	166	1
126	167	1
126	168	1
126	169	1
126	170	1
126	171	1
126	172	1
126	173	1
126	174	1
126	175	2
126	176	1
126	179	1
126	180	3
126	185	1
126	186	1
126	187	1
126	188	1
126	189	4
126	190	1
126	201	2
126	207	2
126	209	2
126	210	1
126	211	1
126	212	3
126	213	1
126	214	1
126	215	1
126	216	1
126	218	1
126	219	1
126	220	1
126	221	1
126	223	1
126	224	1
126	225	1
126	226	2
126	234	1
126	237	1
126	238	1
126	239	1
126	240	1
126	241	3
126	242	3
126	244	1
126	247	3
126	248	2
126	249	1
126	250	3
126	251	3
126	252	2
126	253	2
126	254	2
126	255	2
126	256	2
126	257	2
126	258	2
126	259	2
126	260	2
126	261	2
126	262	2
126	263	2
126	267	1
126	268	1
126	269	1
126	270	1
126	271	2
126	272	2
126	273	2
126	274	1
126	281	1
126	282	1
126	283	1
126	284	1
126	285	1
126	286	1
126	288	1
126	296	1
126	297	4
126	298	1
126	299	2
126	302	2
126	303	1
126	304	2
126	306	1
126	311	2
126	312	3
126	313	5
126	314	3
126	315	3
126	316	2
126	317	2
126	328	1
126	330	1
126	333	2
126	339	1
126	340	1
126	346	1
126	347	1
126	348	1
126	352	6
126	355	1
126	356	1
126	357	1
126	358	2
126	365	1
126	367	1
126	368	1
126	369	1
126	370	1
126	371	1
126	372	1
126	375	1
126	376	1
126	377	3
126	378	3
126	379	3
126	380	3
126	390	76
126	399	1
126	400	1
126	404	1
126	410	1
126	411	1
126	412	2
126	413	1
126	414	2
126	415	2
126	416	2
126	419	1
126	423	1
126	425	1
126	426	1
126	427	1
126	436	1
126	437	1
126	438	1
126	439	1
126	443	1
126	444	1
126	447	2
126	450	1
126	455	1
126	456	1
126	457	1
126	458	1
126	473	1
126	474	1
126	480	28
126	493	1
126	494	2
126	495	1
126	496	1
126	499	2
126	503	1
126	507	1
126	509	1
126	518	1
126	519	1
126	525	1
126	528	1
126	529	1
127	134	1
127	138	2
127	139	2
127	140	1
127	141	1
127	142	1
127	143	1
127	144	1
127	145	1
127	146	1
127	147	2
127	148	3
127	149	2
127	150	1
127	151	1
127	152	1
127	153	7
127	165	1
127	166	1
127	167	1
127	168	1
127	172	1
127	173	1
127	179	2
127	180	3
127	188	1
127	189	2
127	190	1
127	201	2
127	202	1
127	203	2
127	207	1
127	210	1
127	211	2
127	212	3
127	213	2
127	214	2
127	215	1
127	218	2
127	219	2
127	220	1
127	221	1
127	224	1
127	226	2
127	241	3
127	242	3
127	244	1
127	247	5
127	248	3
127	249	1
127	250	3
127	251	1
127	252	3
127	253	2
127	254	2
127	255	2
127	256	2
127	257	2
127	258	2
127	259	2
127	260	2
127	261	2
127	262	2
127	263	2
127	267	1
127	268	1
127	269	1
127	270	1
127	271	1
127	272	1
127	273	1
127	274	1
127	277	1
127	278	2
127	284	1
127	285	1
127	286	1
127	288	1
127	292	1
127	293	1
127	294	1
127	295	1
127	297	2
127	299	1
127	302	2
127	304	2
127	305	1
127	306	1
127	312	1
127	313	5
127	314	3
127	315	3
127	316	1
127	317	1
127	333	2
127	338	1
127	349	1
127	350	1
127	351	1
127	352	2
127	355	1
127	358	2
127	365	1
127	366	1
127	367	1
127	368	1
127	371	2
127	372	1
127	375	1
127	376	1
127	377	1
127	378	1
127	379	1
127	380	1
127	390	1
127	401	1
127	406	1
127	410	1
127	414	1
127	415	1
127	416	1
127	419	1
127	423	1
127	425	1
127	426	1
127	427	1
127	439	1
127	444	1
127	447	2
127	449	1
127	475	1
127	476	1
127	477	1
127	480	4
127	482	1
127	489	1
127	493	1
127	494	1
127	495	1
127	496	1
127	499	2
127	500	25
127	507	1
127	518	1
127	519	1
127	528	1
127	529	1
128	129	34
128	130	3
128	131	3
128	132	3
128	133	3
128	134	1
128	135	4
128	137	1
128	138	1
128	139	1
128	141	3
128	142	3
128	143	3
128	144	3
128	145	3
128	146	3
128	147	4
128	148	5
128	149	3
128	151	3
128	152	1
128	153	1
128	169	3
128	170	3
128	171	3
128	172	3
128	173	2
128	174	5
128	175	3
128	177	1
128	178	4
128	179	1
128	180	3
128	181	1
128	182	1
128	183	1
128	184	1
128	188	1
128	189	2
128	191	1
128	194	1
128	195	1
128	196	1
128	201	3
128	202	2
128	203	3
128	206	4
128	207	1
128	211	1
128	212	3
128	213	2
128	214	2
128	215	1
128	218	1
128	219	1
128	221	3
128	226	2
128	227	3
128	232	1
128	233	1
128	234	2
128	235	1
128	236	1
128	237	2
128	238	2
128	239	2
128	240	2
128	241	7
128	242	4
128	244	1
128	247	6
128	248	5
128	251	2
128	252	7
128	253	1
128	254	1
128	255	1
128	256	1
128	257	1
128	258	1
128	259	1
128	260	1
128	261	2
128	262	1
128	263	1
128	264	2
128	265	1
128	266	1
128	267	2
128	268	2
128	269	4
128	270	5
128	271	2
128	272	2
128	274	1
128	277	3
128	278	4
128	279	1
128	280	1
128	285	1
128	286	1
128	289	1
128	290	1
128	293	3
128	294	1
128	295	3
128	297	2
128	299	1
128	300	1
128	301	2
128	302	4
128	303	2
128	305	1
128	306	4
128	309	1
128	313	5
128	314	4
128	315	4
128	316	4
128	317	4
128	318	1
128	320	2
128	321	1
128	322	1
128	323	1
128	324	3
128	327	1
128	328	3
128	330	1
128	333	1
128	338	2
128	339	2
128	340	2
128	353	2
128	354	2
128	355	2
128	356	2
128	357	5
128	358	1
128	363	1
128	364	2
128	365	4
128	367	1
128	368	1
128	370	1
128	371	2
128	372	3
128	373	1
128	374	1
128	375	1
128	376	1
128	377	1
128	378	1
128	379	1
128	380	1
128	383	1
128	384	1
128	385	1
128	386	1
128	387	1
128	388	1
128	397	1
128	398	1
128	399	3
128	400	3
128	401	1
128	404	2
128	410	4
128	412	3
128	414	1
128	415	1
128	416	1
128	418	1
128	419	2
128	420	1
128	421	1
128	422	1
128	425	1
128	426	1
128	427	1
128	431	1
128	442	1
128	443	1
128	444	1
128	445	1
128	446	2
128	448	1
128	452	2
128	454	1
128	455	2
128	456	2
128	457	2
128	458	2
128	459	2
128	460	2
128	469	1
128	473	2
128	474	2
128	475	1
128	476	1
128	477	1
128	479	3
128	482	1
128	489	2
128	490	3
128	491	3
128	492	3
128	493	1
128	494	2
128	495	1
128	497	2
128	503	1
128	507	2
128	510	1
128	511	1
128	513	2
128	518	1
128	519	4
128	521	3
128	522	1
128	523	2
128	525	3
128	528	2
128	529	2
129	130	3
129	131	3
129	132	3
129	133	3
129	134	1
129	135	4
129	137	1
129	138	1
129	139	1
129	141	3
129	142	3
129	143	3
129	144	3
129	145	3
129	146	3
129	147	4
129	148	5
129	149	3
129	151	3
129	152	1
129	153	1
129	169	3
129	170	3
129	171	3
129	172	3
129	173	2
129	174	5
129	175	3
129	177	1
129	178	4
129	179	1
129	180	3
129	181	1
129	182	1
129	183	1
129	184	1
129	188	1
129	189	2
129	191	1
129	194	1
129	195	1
129	196	1
129	201	3
129	202	2
129	203	3
129	206	4
129	207	1
129	211	1
129	212	3
129	213	2
129	214	2
129	215	1
129	218	1
129	219	1
129	221	3
129	226	2
129	227	3
129	232	1
129	233	1
129	234	2
129	235	1
129	236	1
129	237	2
129	238	2
129	239	2
129	240	2
129	241	7
129	242	4
129	244	1
129	247	6
129	248	5
129	251	2
129	252	7
129	253	1
129	254	1
129	255	1
129	256	1
129	257	1
129	258	1
129	259	1
129	260	1
129	261	2
129	262	1
129	263	1
129	264	2
129	265	1
129	266	1
129	267	2
129	268	2
129	269	4
129	270	5
129	271	2
129	272	2
129	274	1
129	277	3
129	278	4
129	279	1
129	280	1
129	285	1
129	286	1
129	289	1
129	290	1
129	293	3
129	294	1
129	295	3
129	297	2
129	299	1
129	300	1
129	301	2
129	302	4
129	303	2
129	305	1
129	306	4
129	309	1
129	313	5
129	314	4
129	315	4
129	316	4
129	317	4
129	318	1
129	320	2
129	321	1
129	322	1
129	323	1
129	324	3
129	327	1
129	328	3
129	330	1
129	333	1
129	338	2
129	339	2
129	340	2
129	353	2
129	354	2
129	355	2
129	356	2
129	357	5
129	358	1
129	363	1
129	364	2
129	365	4
129	367	1
129	368	1
129	370	1
129	371	2
129	372	3
129	373	1
129	374	1
129	375	1
129	376	1
129	377	1
129	378	1
129	379	1
129	380	1
129	383	1
129	384	1
129	385	1
129	386	1
129	387	1
129	388	1
129	397	1
129	398	1
129	399	3
129	400	3
129	401	1
129	404	2
129	410	4
129	412	3
129	414	1
129	415	1
129	416	1
129	418	1
129	419	2
129	420	1
129	421	1
129	422	1
129	425	1
129	426	1
129	427	1
129	431	1
129	442	1
129	443	1
129	444	1
129	445	1
129	446	2
129	448	1
129	452	2
129	454	1
129	455	2
129	456	2
129	457	2
129	458	2
129	459	2
129	460	2
129	469	1
129	473	2
129	474	2
129	475	1
129	476	1
129	477	1
129	479	3
129	482	1
129	489	2
129	490	3
129	491	3
129	492	3
129	493	1
129	494	2
129	495	1
129	497	2
129	503	1
129	507	2
129	510	1
129	511	1
129	513	2
129	518	1
129	519	4
129	521	3
129	522	1
129	523	2
129	525	3
129	528	2
129	529	2
130	131	37
130	132	37
130	133	37
130	134	2
130	135	1
130	137	1
130	141	1
130	142	1
130	143	1
130	144	1
130	145	1
130	146	1
130	147	1
130	148	2
130	149	1
130	150	1
130	151	2
130	152	1
130	153	1
130	165	1
130	166	1
130	167	1
130	168	1
130	169	1
130	170	1
130	171	1
130	172	1
130	173	2
130	174	3
130	175	1
130	176	1
130	177	1
130	178	2
130	179	2
130	180	2
130	181	1
130	182	1
130	183	1
130	184	1
130	189	2
130	191	1
130	192	1
130	193	2
130	201	2
130	202	3
130	203	4
130	206	1
130	207	1
130	209	1
130	211	2
130	212	3
130	213	2
130	214	1
130	218	1
130	219	1
130	221	2
130	223	1
130	228	1
130	229	1
130	237	1
130	238	1
130	239	1
130	240	1
130	241	5
130	242	5
130	247	3
130	248	1
130	249	1
130	252	4
130	265	1
130	266	1
130	267	2
130	268	2
130	270	2
130	271	1
130	272	1
130	277	2
130	278	7
130	290	1
130	293	1
130	294	3
130	295	1
130	302	1
130	305	1
130	306	2
130	307	1
130	309	1
130	312	1
130	313	2
130	314	1
130	315	1
130	327	1
130	328	1
130	333	1
130	338	1
130	352	3
130	353	1
130	354	1
130	356	1
130	357	1
130	363	1
130	364	1
130	366	1
130	367	1
130	368	1
130	369	1
130	370	2
130	372	1
130	373	1
130	374	1
130	383	1
130	384	1
130	385	1
130	386	1
130	387	1
130	388	1
130	389	1
130	390	2
130	399	3
130	400	3
130	404	1
130	406	1
130	407	1
130	408	1
130	409	1
130	410	1
130	412	1
130	414	1
130	415	1
130	416	1
130	417	2
130	419	1
130	429	1
130	430	1
130	436	2
130	437	2
130	438	2
130	444	1
130	446	1
130	454	1
130	459	1
130	460	1
130	466	2
130	470	1
130	473	1
130	474	1
130	479	1
130	482	1
130	484	1
130	490	1
130	491	1
130	492	1
130	497	1
130	503	1
130	505	1
130	507	2
130	510	1
130	511	1
130	513	1
130	516	2
130	521	1
130	522	1
130	523	3
130	525	1
130	528	1
130	529	1
130	533	1
131	132	37
131	133	37
131	134	2
131	135	1
131	137	1
131	141	1
131	142	1
131	143	1
131	144	1
131	145	1
131	146	1
131	147	1
131	148	2
131	149	1
131	150	1
131	151	2
131	152	1
131	153	1
131	165	1
131	166	1
131	167	1
131	168	1
131	169	1
131	170	1
131	171	1
131	172	1
131	173	2
131	174	3
131	175	1
131	176	1
131	177	1
131	178	2
131	179	2
131	180	2
131	181	1
131	182	1
131	183	1
131	184	1
131	189	2
131	191	1
131	192	1
131	193	2
131	201	2
131	202	3
131	203	4
131	206	1
131	207	1
131	209	1
131	211	2
131	212	3
131	213	2
131	214	1
131	218	1
131	219	1
131	221	2
131	223	1
131	228	1
131	229	1
131	237	1
131	238	1
131	239	1
131	240	1
131	241	5
131	242	5
131	247	3
131	248	1
131	249	1
131	252	4
131	265	1
131	266	1
131	267	2
131	268	2
131	270	2
131	271	1
131	272	1
131	277	2
131	278	7
131	290	1
131	293	1
131	294	3
131	295	1
131	302	1
131	305	1
131	306	2
131	307	1
131	309	1
131	312	1
131	313	2
131	314	1
131	315	1
131	327	1
131	328	1
131	333	1
131	338	1
131	352	3
131	353	1
131	354	1
131	356	1
131	357	1
131	363	1
131	364	1
131	366	1
131	367	1
131	368	1
131	369	1
131	370	2
131	372	1
131	373	1
131	374	1
131	383	1
131	384	1
131	385	1
131	386	1
131	387	1
131	388	1
131	389	1
131	390	2
131	399	3
131	400	3
131	404	1
131	406	1
131	407	1
131	408	1
131	409	1
131	410	1
131	412	1
131	414	1
131	415	1
131	416	1
131	417	2
131	419	1
131	429	1
131	430	1
131	436	2
131	437	2
131	438	2
131	444	1
131	446	1
131	454	1
131	459	1
131	460	1
131	466	2
131	470	1
131	473	1
131	474	1
131	479	1
131	482	1
131	484	1
131	490	1
131	491	1
131	492	1
131	497	1
131	503	1
131	505	1
131	507	2
131	510	1
131	511	1
131	513	1
131	516	2
131	521	1
131	522	1
131	523	3
131	525	1
131	528	1
131	529	1
131	533	1
132	133	37
132	134	2
132	135	1
132	137	1
132	141	1
132	142	1
132	143	1
132	144	1
132	145	1
132	146	1
132	147	1
132	148	2
132	149	1
132	150	1
132	151	2
132	152	1
132	153	1
132	165	1
132	166	1
132	167	1
132	168	1
132	169	1
132	170	1
132	171	1
132	172	1
132	173	2
132	174	3
132	175	1
132	176	1
132	177	1
132	178	2
132	179	2
132	180	2
132	181	1
132	182	1
132	183	1
132	184	1
132	189	2
132	191	1
132	192	1
132	193	2
132	201	2
132	202	3
132	203	4
132	206	1
132	207	1
132	209	1
132	211	2
132	212	3
132	213	2
132	214	1
132	218	1
132	219	1
132	221	2
132	223	1
132	228	1
132	229	1
132	237	1
132	238	1
132	239	1
132	240	1
132	241	5
132	242	5
132	247	3
132	248	1
132	249	1
132	252	4
132	265	1
132	266	1
132	267	2
132	268	2
132	270	2
132	271	1
132	272	1
132	277	2
132	278	7
132	290	1
132	293	1
132	294	3
132	295	1
132	302	1
132	305	1
132	306	2
132	307	1
132	309	1
132	312	1
132	313	2
132	314	1
132	315	1
132	327	1
132	328	1
132	333	1
132	338	1
132	352	3
132	353	1
132	354	1
132	356	1
132	357	1
132	363	1
132	364	1
132	366	1
132	367	1
132	368	1
132	369	1
132	370	2
132	372	1
132	373	1
132	374	1
132	383	1
132	384	1
132	385	1
132	386	1
132	387	1
132	388	1
132	389	1
132	390	2
132	399	3
132	400	3
132	404	1
132	406	1
132	407	1
132	408	1
132	409	1
132	410	1
132	412	1
132	414	1
132	415	1
132	416	1
132	417	2
132	419	1
132	429	1
132	430	1
132	436	2
132	437	2
132	438	2
132	444	1
132	446	1
132	454	1
132	459	1
132	460	1
132	466	2
132	470	1
132	473	1
132	474	1
132	479	1
132	482	1
132	484	1
132	490	1
132	491	1
132	492	1
132	497	1
132	503	1
132	505	1
132	507	2
132	510	1
132	511	1
132	513	1
132	516	2
132	521	1
132	522	1
132	523	3
132	525	1
132	528	1
132	529	1
132	533	1
133	134	2
133	135	1
133	137	1
133	141	1
133	142	1
133	143	1
133	144	1
133	145	1
133	146	1
133	147	1
133	148	2
133	149	1
133	150	1
133	151	2
133	152	1
133	153	1
133	165	1
133	166	1
133	167	1
133	168	1
133	169	1
133	170	1
133	171	1
133	172	1
133	173	2
133	174	3
133	175	1
133	176	1
133	177	1
133	178	2
133	179	2
133	180	2
133	181	1
133	182	1
133	183	1
133	184	1
133	189	2
133	191	1
133	192	1
133	193	2
133	201	2
133	202	3
133	203	4
133	206	1
133	207	1
133	209	1
133	211	2
133	212	3
133	213	2
133	214	1
133	218	1
133	219	1
133	221	2
133	223	1
133	228	1
133	229	1
133	237	1
133	238	1
133	239	1
133	240	1
133	241	5
133	242	5
133	247	3
133	248	1
133	249	1
133	252	4
133	265	1
133	266	1
133	267	2
133	268	2
133	270	2
133	271	1
133	272	1
133	277	2
133	278	7
133	290	1
133	293	1
133	294	3
133	295	1
133	302	1
133	305	1
133	306	2
133	307	1
133	309	1
133	312	1
133	313	2
133	314	1
133	315	1
133	327	1
133	328	1
133	333	1
133	338	1
133	352	3
133	353	1
133	354	1
133	356	1
133	357	1
133	363	1
133	364	1
133	366	1
133	367	1
133	368	1
133	369	1
133	370	2
133	372	1
133	373	1
133	374	1
133	383	1
133	384	1
133	385	1
133	386	1
133	387	1
133	388	1
133	389	1
133	390	2
133	399	3
133	400	3
133	404	1
133	406	1
133	407	1
133	408	1
133	409	1
133	410	1
133	412	1
133	414	1
133	415	1
133	416	1
133	417	2
133	419	1
133	429	1
133	430	1
133	436	2
133	437	2
133	438	2
133	444	1
133	446	1
133	454	1
133	459	1
133	460	1
133	466	2
133	470	1
133	473	1
133	474	1
133	479	1
133	482	1
133	484	1
133	490	1
133	491	1
133	492	1
133	497	1
133	503	1
133	505	1
133	507	2
133	510	1
133	511	1
133	513	1
133	516	2
133	521	1
133	522	1
133	523	3
133	525	1
133	528	1
133	529	1
133	533	1
134	135	1
134	141	2
134	142	2
134	147	2
134	148	2
134	150	1
134	151	1
134	153	1
134	155	1
134	159	1
134	160	1
134	161	1
134	165	2
134	166	2
134	167	2
134	168	2
134	174	3
134	176	1
134	178	1
134	179	1
134	180	2
134	189	1
134	192	3
134	193	4
134	201	3
134	202	2
134	203	4
134	207	1
134	209	4
134	211	1
134	212	1
134	213	1
134	214	1
134	218	3
134	219	3
134	220	1
134	221	1
134	223	1
134	224	1
134	228	1
134	229	1
134	241	5
134	242	4
134	244	1
134	247	5
134	248	1
134	251	2
134	252	5
134	253	1
134	254	1
134	255	1
134	256	1
134	257	1
134	258	1
134	259	1
134	260	1
134	261	1
134	262	1
134	263	1
134	264	1
134	267	4
134	268	4
134	269	1
134	271	3
134	272	3
134	273	1
134	277	2
134	278	6
134	284	1
134	287	1
134	290	2
134	292	1
134	293	2
134	294	3
134	295	4
134	302	1
134	303	1
134	305	1
134	306	1
134	307	2
134	309	2
134	313	2
134	314	2
134	315	2
134	318	3
134	324	2
134	328	1
134	338	6
134	349	1
134	350	1
134	351	1
134	352	3
134	355	1
134	357	4
134	358	2
134	359	1
134	360	1
134	361	1
134	362	1
134	363	1
134	365	2
134	366	1
134	369	1
134	370	1
134	372	1
134	389	3
134	399	1
134	400	1
134	401	1
134	408	1
134	409	1
134	431	1
134	436	2
134	437	2
134	438	2
134	439	1
134	443	1
134	472	1
134	479	1
134	482	1
134	484	1
134	493	1
134	501	1
134	502	1
134	503	1
134	505	2
134	507	3
134	510	3
134	511	3
134	513	1
134	516	2
134	519	1
134	520	1
134	521	1
134	524	2
134	531	1
134	532	1
135	136	47
135	137	47
135	138	3
135	139	3
135	141	5
135	142	5
135	144	2
135	147	5
135	148	5
135	149	9
135	150	1
135	151	6
135	153	2
135	155	2
135	156	2
135	157	2
135	158	2
135	159	2
135	160	2
135	161	2
135	164	2
135	169	52
135	170	52
135	171	52
135	172	52
135	173	2
135	174	3
135	175	6
135	178	4
135	179	4
135	180	2
135	181	1
135	182	1
135	183	1
135	184	1
135	188	2
135	189	6
135	190	3
135	191	1
135	194	2
135	195	2
135	196	2
135	201	9
135	202	3
135	203	3
135	206	7
135	207	4
135	210	1
135	211	1
135	212	3
135	213	2
135	214	3
135	215	2
135	216	3
135	220	3
135	221	6
135	222	1
135	223	1
135	224	3
135	225	1
135	226	1
135	227	3
135	228	1
135	229	1
135	232	1
135	233	1
135	234	3
135	235	1
135	236	1
135	237	5
135	238	5
135	239	5
135	240	5
135	241	9
135	242	6
135	244	1
135	247	10
135	248	8
135	249	3
135	251	5
135	252	10
135	253	2
135	254	2
135	255	2
135	256	2
135	257	2
135	258	2
135	259	2
135	260	2
135	261	6
135	262	2
135	263	2
135	264	4
135	265	3
135	266	3
135	267	5
135	268	5
135	269	7
135	270	5
135	271	6
135	272	6
135	273	4
135	274	3
135	277	3
135	278	4
135	279	2
135	280	2
135	285	1
135	286	1
135	288	1
135	289	2
135	290	1
135	292	1
135	293	3
135	294	1
135	295	7
135	296	4
135	297	5
135	298	1
135	299	2
135	300	1
135	301	3
135	302	4
135	303	4
135	304	3
135	305	2
135	306	7
135	308	1
135	309	2
135	310	1
135	311	1
135	313	10
135	314	8
135	315	8
135	316	5
135	317	5
135	318	3
135	320	2
135	324	3
135	325	1
135	326	1
135	327	3
135	328	3
135	330	3
135	333	1
135	338	7
135	339	4
135	340	4
135	349	1
135	350	1
135	351	1
135	353	2
135	354	2
135	355	4
135	356	4
135	357	5
135	358	4
135	364	2
135	365	6
135	367	1
135	368	1
135	369	1
135	370	1
135	371	2
135	373	1
135	374	1
135	375	5
135	376	5
135	377	4
135	378	4
135	379	4
135	380	4
135	383	3
135	384	3
135	385	1
135	386	1
135	387	1
135	388	1
135	390	1
135	397	1
135	398	1
135	399	3
135	400	3
135	401	3
135	404	6
135	407	1
135	410	4
135	411	1
135	412	2
135	413	1
135	414	2
135	415	2
135	416	2
135	418	3
135	419	4
135	420	3
135	421	3
135	422	3
135	425	1
135	426	1
135	427	1
135	428	1
135	431	2
135	436	2
135	437	2
135	438	2
135	439	1
135	442	2
135	443	2
135	444	1
135	445	2
135	452	1
135	453	1
135	454	2
135	455	3
135	456	3
135	457	3
135	458	3
135	459	4
135	460	4
135	469	2
135	471	3
135	472	2
135	473	1
135	474	1
135	475	1
135	476	1
135	477	1
135	479	3
135	481	1
135	482	1
135	483	3
135	489	2
135	490	2
135	491	2
135	492	2
135	493	3
135	494	3
135	496	1
135	497	1
135	499	1
135	507	3
135	510	2
135	511	2
135	513	2
135	518	2
135	519	6
135	521	2
135	523	2
135	524	5
135	525	5
135	528	1
135	529	1
135	531	1
135	532	1
136	137	47
136	179	1
136	201	1
136	306	1
136	308	1
136	377	1
136	378	1
136	379	1
136	380	1
136	471	1
136	483	1
136	525	1
137	138	2
137	139	2
137	141	1
137	142	1
137	144	1
137	148	1
137	153	1
137	155	1
137	156	1
137	157	1
137	158	1
137	173	1
137	177	1
137	179	2
137	185	1
137	186	1
137	187	1
137	201	1
137	207	1
137	214	1
137	216	1
137	221	1
137	228	1
137	229	1
137	241	3
137	242	2
137	244	1
137	247	1
137	248	1
137	251	1
137	252	1
137	261	1
137	265	1
137	266	1
137	270	1
137	271	1
137	272	1
137	273	1
137	278	3
137	292	1
137	302	1
137	306	2
137	307	1
137	308	1
137	313	1
137	314	1
137	315	1
137	363	1
137	365	1
137	367	2
137	368	2
137	370	1
137	372	1
137	373	1
137	374	1
137	377	1
137	378	1
137	379	1
137	380	1
137	399	4
137	400	4
137	404	2
137	412	1
137	414	1
137	415	1
137	416	1
137	419	1
137	444	1
137	471	1
137	473	1
137	474	1
137	482	1
137	483	1
137	487	1
137	488	1
137	507	1
137	513	1
137	519	1
137	522	1
137	525	1
137	528	2
137	529	2
137	533	1
138	139	122
138	140	1
138	144	1
138	147	2
138	148	8
138	149	1
138	151	2
138	153	2
138	155	1
138	156	1
138	157	1
138	158	1
138	159	2
138	160	2
138	161	2
138	164	1
138	169	2
138	170	2
138	171	2
138	172	3
138	173	3
138	174	1
138	175	2
138	177	1
138	178	5
138	179	1
138	180	2
138	181	1
138	182	1
138	183	1
138	184	1
138	188	1
138	189	3
138	194	1
138	195	1
138	196	1
138	197	1
138	198	1
138	199	1
138	200	1
138	201	2
138	202	1
138	203	1
138	205	2
138	206	1
138	207	3
138	209	1
138	210	1
138	211	2
138	212	4
138	213	2
138	214	2
138	215	1
138	216	3
138	221	3
138	222	1
138	223	1
138	224	2
138	225	1
138	226	1
138	227	2
138	232	1
138	233	1
138	234	4
138	235	1
138	236	1
138	237	2
138	238	2
138	239	2
138	240	2
138	241	5
138	242	3
138	244	1
138	247	8
138	248	6
138	249	1
138	250	1
138	251	2
138	252	12
138	253	1
138	254	1
138	255	1
138	256	1
138	257	1
138	258	1
138	259	1
138	260	1
138	261	2
138	262	1
138	263	1
138	264	2
138	267	1
138	268	1
138	269	2
138	270	2
138	271	2
138	272	2
138	273	1
138	274	1
138	277	1
138	278	1
138	279	2
138	280	2
138	281	1
138	282	1
138	283	1
138	289	3
138	290	1
138	292	1
138	293	1
138	295	1
138	296	1
138	297	4
138	298	1
138	299	4
138	300	1
138	301	1
138	302	2
138	303	4
138	304	3
138	306	5
138	307	2
138	309	2
138	311	1
138	313	10
138	314	7
138	315	7
138	316	2
138	317	2
138	318	1
138	320	1
138	324	1
138	325	1
138	326	1
138	327	1
138	328	3
138	330	2
138	333	1
138	338	1
138	339	1
138	340	1
138	346	1
138	347	1
138	348	1
138	353	2
138	354	2
138	355	3
138	357	2
138	358	2
138	365	2
138	367	1
138	368	1
138	369	1
138	370	1
138	371	1
138	372	1
138	373	1
138	374	1
138	375	2
138	376	2
138	377	2
138	378	2
138	379	2
138	380	2
138	389	1
138	390	1
138	397	2
138	398	2
138	399	4
138	400	4
138	401	2
138	404	4
138	407	1
138	410	1
138	412	2
138	414	1
138	415	1
138	416	1
138	417	1
138	418	2
138	419	4
138	420	2
138	421	2
138	422	2
138	425	2
138	426	2
138	427	2
138	428	1
138	431	2
138	436	2
138	437	2
138	438	2
138	442	1
138	443	2
138	444	1
138	445	1
138	447	1
138	452	2
138	454	1
138	455	2
138	456	2
138	457	2
138	458	2
138	459	2
138	460	2
138	469	1
138	470	2
138	473	1
138	474	1
138	475	1
138	476	1
138	477	1
138	482	1
138	489	1
138	490	1
138	491	1
138	492	1
138	493	3
138	494	2
138	496	1
138	499	1
138	503	2
138	505	1
138	507	2
138	510	1
138	511	1
138	513	1
138	519	2
138	520	1
138	521	1
138	523	1
138	524	1
138	525	2
138	528	1
138	529	1
138	533	2
139	140	1
139	144	1
139	147	2
139	148	8
139	149	1
139	151	2
139	153	2
139	155	1
139	156	1
139	157	1
139	158	1
139	159	2
139	160	2
139	161	2
139	164	1
139	169	2
139	170	2
139	171	2
139	172	3
139	173	3
139	174	1
139	175	2
139	177	1
139	178	5
139	179	1
139	180	2
139	181	1
139	182	1
139	183	1
139	184	1
139	188	1
139	189	3
139	194	1
139	195	1
139	196	1
139	197	1
139	198	1
139	199	1
139	200	1
139	201	2
139	202	1
139	203	1
139	205	2
139	206	1
139	207	3
139	209	1
139	210	1
139	211	2
139	212	4
139	213	2
139	214	2
139	215	1
139	216	3
139	221	3
139	222	1
139	223	1
139	224	2
139	225	1
139	226	1
139	227	2
139	232	1
139	233	1
139	234	4
139	235	1
139	236	1
139	237	2
139	238	2
139	239	2
139	240	2
139	241	5
139	242	3
139	244	1
139	247	8
139	248	6
139	249	1
139	250	1
139	251	2
139	252	12
139	253	1
139	254	1
139	255	1
139	256	1
139	257	1
139	258	1
139	259	1
139	260	1
139	261	2
139	262	1
139	263	1
139	264	2
139	267	1
139	268	1
139	269	2
139	270	2
139	271	2
139	272	2
139	273	1
139	274	1
139	277	1
139	278	1
139	279	2
139	280	2
139	281	1
139	282	1
139	283	1
139	289	3
139	290	1
139	292	1
139	293	1
139	295	1
139	296	1
139	297	4
139	298	1
139	299	4
139	300	1
139	301	1
139	302	2
139	303	4
139	304	3
139	306	5
139	307	2
139	309	2
139	311	1
139	313	10
139	314	7
139	315	7
139	316	2
139	317	2
139	318	1
139	320	1
139	324	1
139	325	1
139	326	1
139	327	1
139	328	3
139	330	2
139	333	1
139	338	1
139	339	1
139	340	1
139	346	1
139	347	1
139	348	1
139	353	2
139	354	2
139	355	3
139	357	2
139	358	2
139	365	2
139	367	1
139	368	1
139	369	1
139	370	1
139	371	1
139	372	1
139	373	1
139	374	1
139	375	2
139	376	2
139	377	2
139	378	2
139	379	2
139	380	2
139	389	1
139	390	1
139	397	2
139	398	2
139	399	4
139	400	4
139	401	2
139	404	4
139	407	1
139	410	1
139	412	2
139	414	1
139	415	1
139	416	1
139	417	1
139	418	2
139	419	4
139	420	2
139	421	2
139	422	2
139	425	2
139	426	2
139	427	2
139	428	1
139	431	2
139	436	2
139	437	2
139	438	2
139	442	1
139	443	2
139	444	1
139	445	1
139	447	1
139	452	2
139	454	1
139	455	2
139	456	2
139	457	2
139	458	2
139	459	2
139	460	2
139	469	1
139	470	2
139	473	1
139	474	1
139	475	1
139	476	1
139	477	1
139	482	1
139	489	1
139	490	1
139	491	1
139	492	1
139	493	3
139	494	2
139	496	1
139	499	1
139	503	2
139	505	1
139	507	2
139	510	1
139	511	1
139	513	1
139	519	2
139	520	1
139	521	1
139	523	1
139	524	1
139	525	2
139	528	1
139	529	1
139	533	2
140	150	1
140	176	1
140	177	5
140	179	1
140	180	1
140	207	1
140	209	1
140	210	2
140	211	1
140	212	1
140	213	1
140	216	1
140	217	1
140	222	1
140	241	1
140	242	1
140	252	1
140	253	1
140	254	1
140	255	1
140	256	1
140	257	1
140	258	1
140	259	1
140	260	1
140	261	1
140	262	1
140	263	1
140	271	1
140	272	1
140	273	1
140	284	1
140	294	2
140	312	2
140	313	1
140	321	1
140	325	1
140	326	1
140	328	2
140	333	1
140	352	3
140	356	2
140	358	1
140	363	1
140	364	2
140	365	1
140	372	1
140	399	3
140	400	3
140	410	1
140	412	1
140	414	1
140	415	1
140	416	1
140	439	1
140	466	1
140	499	1
140	507	1
140	518	1
140	519	1
140	528	1
140	529	1
140	533	1
141	142	73
141	143	4
141	144	4
141	145	4
141	146	4
141	147	3
141	148	4
141	149	3
141	151	1
141	153	3
141	154	2
141	159	1
141	160	1
141	161	1
141	165	3
141	166	3
141	167	3
141	168	3
141	169	1
141	170	1
141	171	1
141	172	3
141	173	1
141	174	1
141	175	2
141	178	2
141	179	1
141	180	5
141	181	1
141	182	1
141	183	1
141	184	1
141	189	7
141	190	1
141	194	1
141	195	1
141	196	1
141	197	1
141	198	1
141	199	1
141	200	1
141	201	2
141	203	1
141	206	1
141	209	2
141	211	2
141	212	3
141	213	2
141	214	3
141	215	2
141	216	1
141	217	1
141	219	1
141	220	2
141	221	1
141	224	1
141	226	1
141	227	1
141	228	1
141	229	1
141	241	8
141	242	6
141	247	6
141	248	5
141	249	1
141	251	4
141	252	5
141	253	1
141	254	1
141	255	1
141	256	1
141	257	1
141	258	1
141	259	1
141	260	1
141	261	3
141	262	1
141	263	1
141	264	1
141	267	4
141	268	4
141	269	1
141	271	3
141	272	3
141	273	2
141	277	1
141	281	1
141	282	1
141	283	1
141	292	3
141	293	1
141	294	4
141	295	6
141	299	1
141	301	1
141	302	1
141	304	2
141	306	3
141	309	2
141	313	4
141	314	2
141	315	2
141	316	1
141	317	1
141	318	2
141	322	1
141	323	1
141	324	1
141	328	3
141	330	1
141	333	2
141	338	8
141	339	1
141	340	1
141	349	2
141	350	2
141	351	2
141	352	1
141	353	1
141	354	1
141	356	4
141	357	2
141	364	3
141	365	2
141	366	1
141	367	4
141	368	4
141	372	1
141	375	1
141	376	1
141	385	1
141	386	1
141	387	1
141	388	1
141	389	2
141	390	2
141	399	2
141	400	2
141	401	1
141	404	2
141	407	1
141	411	3
141	412	4
141	413	3
141	414	1
141	415	1
141	416	1
141	425	1
141	426	1
141	427	1
141	431	1
141	436	1
141	437	1
141	438	1
141	439	1
141	459	2
141	460	2
141	461	1
141	462	1
141	463	1
141	464	1
141	470	1
141	472	1
141	475	2
141	476	2
141	477	2
141	479	1
141	481	1
141	482	1
141	489	1
141	490	1
141	491	1
141	492	1
141	493	1
141	494	1
141	497	1
141	499	1
141	505	1
141	507	1
141	510	3
141	511	3
141	513	4
141	519	2
141	523	1
141	524	2
141	528	1
141	529	1
142	143	4
142	144	4
142	145	4
142	146	4
142	147	3
142	148	4
142	149	3
142	151	1
142	153	3
142	154	2
142	159	1
142	160	1
142	161	1
142	165	3
142	166	3
142	167	3
142	168	3
142	169	1
142	170	1
142	171	1
142	172	3
142	173	1
142	174	1
142	175	2
142	178	2
142	179	1
142	180	5
142	181	1
142	182	1
142	183	1
142	184	1
142	189	7
142	190	1
142	194	1
142	195	1
142	196	1
142	197	1
142	198	1
142	199	1
142	200	1
142	201	2
142	203	1
142	206	1
142	209	2
142	211	2
142	212	3
142	213	2
142	214	3
142	215	2
142	216	1
142	217	1
142	219	1
142	220	2
142	221	1
142	224	1
142	226	1
142	227	1
142	228	1
142	229	1
142	241	8
142	242	6
142	247	6
142	248	5
142	249	1
142	251	4
142	252	5
142	253	1
142	254	1
142	255	1
142	256	1
142	257	1
142	258	1
142	259	1
142	260	1
142	261	3
142	262	1
142	263	1
142	264	1
142	267	4
142	268	4
142	269	1
142	271	3
142	272	3
142	273	2
142	277	1
142	281	1
142	282	1
142	283	1
142	292	3
142	293	1
142	294	4
142	295	6
142	299	1
142	301	1
142	302	1
142	304	2
142	306	3
142	309	2
142	313	4
142	314	2
142	315	2
142	316	1
142	317	1
142	318	2
142	322	1
142	323	1
142	324	1
142	328	3
142	330	1
142	333	2
142	338	8
142	339	1
142	340	1
142	349	2
142	350	2
142	351	2
142	352	1
142	353	1
142	354	1
142	356	4
142	357	2
142	364	3
142	365	2
142	366	1
142	367	4
142	368	4
142	372	1
142	375	1
142	376	1
142	385	1
142	386	1
142	387	1
142	388	1
142	389	2
142	390	2
142	399	2
142	400	2
142	401	1
142	404	2
142	407	1
142	411	3
142	412	4
142	413	3
142	414	1
142	415	1
142	416	1
142	425	1
142	426	1
142	427	1
142	431	1
142	436	1
142	437	1
142	438	1
142	439	1
142	459	2
142	460	2
142	461	1
142	462	1
142	463	1
142	464	1
142	470	1
142	472	1
142	475	2
142	476	2
142	477	2
142	479	1
142	481	1
142	482	1
142	489	1
142	490	1
142	491	1
142	492	1
142	493	1
142	494	1
142	497	1
142	499	1
142	505	1
142	507	1
142	510	3
142	511	3
142	513	4
142	519	2
142	523	1
142	524	2
142	528	1
142	529	1
143	144	44
143	145	44
143	146	44
143	149	1
143	151	1
143	152	1
143	153	2
143	159	1
143	160	1
143	161	1
143	165	1
143	166	1
143	167	1
143	168	1
143	173	2
143	178	1
143	179	1
143	180	2
143	181	2
143	182	2
143	183	2
143	184	2
143	189	1
143	192	2
143	193	2
143	214	1
143	215	1
143	216	1
143	217	1
143	218	1
143	219	1
143	220	1
143	221	1
143	222	1
143	223	1
143	224	1
143	227	1
143	239	1
143	241	3
143	242	2
143	247	1
143	248	1
143	249	1
143	252	4
143	267	1
143	268	1
143	270	1
143	274	1
143	281	1
143	282	1
143	283	1
143	289	1
143	292	1
143	294	3
143	295	1
143	300	2
143	302	1
143	306	1
143	310	1
143	316	1
143	317	1
143	328	5
143	333	1
143	349	1
143	350	1
143	351	1
143	352	1
143	356	5
143	357	1
143	364	5
143	366	1
143	367	1
143	368	1
143	372	2
143	375	1
143	376	1
143	385	1
143	386	1
143	387	1
143	388	1
143	399	3
143	400	3
143	404	2
143	406	1
143	407	1
143	411	2
143	412	3
143	413	2
143	414	1
143	415	1
143	416	1
143	447	1
143	452	1
143	466	1
143	479	1
143	489	1
143	510	1
143	511	1
143	523	1
143	528	1
143	529	1
143	531	1
143	532	1
144	145	44
144	146	44
144	148	1
144	149	1
144	151	2
144	152	1
144	153	2
144	155	36
144	156	36
144	157	36
144	158	36
144	159	1
144	160	1
144	161	1
144	164	1
144	165	1
144	166	1
144	167	1
144	168	1
144	169	2
144	170	2
144	171	2
144	172	2
144	173	4
144	175	1
144	178	1
144	179	1
144	180	2
144	181	2
144	182	2
144	183	2
144	184	2
144	185	1
144	186	1
144	187	1
144	189	2
144	190	1
144	192	2
144	193	2
144	201	1
144	207	1
144	212	1
144	214	1
144	215	1
144	216	2
144	217	1
144	218	1
144	219	1
144	220	1
144	221	2
144	222	1
144	223	2
144	224	2
144	225	1
144	227	1
144	228	1
144	229	1
144	234	1
144	237	1
144	238	1
144	239	2
144	240	1
144	241	4
144	242	3
144	247	3
144	248	3
144	249	2
144	252	4
144	267	1
144	268	1
144	270	1
144	271	1
144	272	1
144	273	1
144	274	1
144	278	1
144	281	1
144	282	1
144	283	1
144	289	1
144	292	1
144	294	3
144	295	1
144	296	1
144	297	2
144	298	1
144	300	2
144	302	1
144	303	1
144	306	1
144	309	1
144	310	1
144	313	1
144	314	1
144	315	1
144	316	2
144	317	2
144	328	5
144	330	1
144	333	2
144	338	1
144	349	1
144	350	1
144	351	1
144	352	1
144	353	1
144	354	1
144	355	1
144	356	6
144	357	1
144	358	2
144	364	5
144	366	1
144	367	1
144	368	1
144	369	1
144	370	1
144	371	1
144	372	2
144	375	2
144	376	2
144	377	1
144	378	1
144	379	1
144	380	1
144	385	1
144	386	1
144	387	1
144	388	1
144	390	1
144	399	5
144	400	5
144	404	3
144	406	1
144	407	1
144	411	2
144	412	3
144	413	2
144	414	3
144	415	3
144	416	3
144	418	1
144	419	1
144	420	1
144	421	1
144	422	1
144	436	1
144	437	1
144	438	1
144	444	1
144	447	1
144	449	1
144	452	1
144	455	1
144	456	1
144	457	1
144	458	1
144	459	1
144	460	1
144	466	1
144	471	1
144	473	1
144	474	1
144	479	1
144	483	1
144	489	1
144	493	1
144	494	1
144	496	1
144	510	1
144	511	1
144	523	1
144	525	2
144	528	1
144	529	1
144	531	1
144	532	1
145	146	44
145	149	1
145	151	1
145	152	1
145	153	2
145	159	1
145	160	1
145	161	1
145	165	1
145	166	1
145	167	1
145	168	1
145	173	2
145	178	1
145	179	1
145	180	2
145	181	2
145	182	2
145	183	2
145	184	2
145	189	1
145	192	2
145	193	2
145	214	1
145	215	1
145	216	1
145	217	1
145	218	1
145	219	1
145	220	1
145	221	1
145	222	1
145	223	1
145	224	1
145	227	1
145	239	1
145	241	3
145	242	2
145	247	1
145	248	1
145	249	1
145	252	4
145	267	1
145	268	1
145	270	1
145	274	1
145	281	1
145	282	1
145	283	1
145	289	1
145	292	1
145	294	3
145	295	1
145	300	2
145	302	1
145	306	1
145	310	1
145	316	1
145	317	1
145	328	5
145	333	1
145	349	1
145	350	1
145	351	1
145	352	1
145	356	5
145	357	1
145	364	5
145	366	1
145	367	1
145	368	1
145	372	2
145	375	1
145	376	1
145	385	1
145	386	1
145	387	1
145	388	1
145	399	3
145	400	3
145	404	2
145	406	1
145	407	1
145	411	2
145	412	3
145	413	2
145	414	1
145	415	1
145	416	1
145	447	1
145	452	1
145	466	1
145	479	1
145	489	1
145	510	1
145	511	1
145	523	1
145	528	1
145	529	1
145	531	1
145	532	1
146	149	1
146	151	1
146	152	1
146	153	2
146	159	1
146	160	1
146	161	1
146	165	1
146	166	1
146	167	1
146	168	1
146	173	2
146	178	1
146	179	1
146	180	2
146	181	2
146	182	2
146	183	2
146	184	2
146	189	1
146	192	2
146	193	2
146	214	1
146	215	1
146	216	1
146	217	1
146	218	1
146	219	1
146	220	1
146	221	1
146	222	1
146	223	1
146	224	1
146	227	1
146	239	1
146	241	3
146	242	2
146	247	1
146	248	1
146	249	1
146	252	4
146	267	1
146	268	1
146	270	1
146	274	1
146	281	1
146	282	1
146	283	1
146	289	1
146	292	1
146	294	3
146	295	1
146	300	2
146	302	1
146	306	1
146	310	1
146	316	1
146	317	1
146	328	5
146	333	1
146	349	1
146	350	1
146	351	1
146	352	1
146	356	5
146	357	1
146	364	5
146	366	1
146	367	1
146	368	1
146	372	2
146	375	1
146	376	1
146	385	1
146	386	1
146	387	1
146	388	1
146	399	3
146	400	3
146	404	2
146	406	1
146	407	1
146	411	2
146	412	3
146	413	2
146	414	1
146	415	1
146	416	1
146	447	1
146	452	1
146	466	1
146	479	1
146	489	1
146	510	1
146	511	1
146	523	1
146	528	1
146	529	1
146	531	1
146	532	1
147	148	48
147	149	5
147	150	1
147	151	5
147	152	1
147	153	2
147	154	1
147	159	2
147	160	2
147	161	2
147	164	1
147	165	2
147	166	2
147	167	2
147	168	2
147	169	3
147	170	3
147	171	3
147	172	3
147	174	4
147	175	76
147	177	1
147	178	4
147	179	1
147	180	3
147	181	2
147	182	2
147	183	2
147	184	2
147	185	1
147	186	1
147	187	1
147	188	3
147	189	10
147	190	3
147	192	1
147	193	1
147	194	1
147	195	1
147	196	1
147	201	8
147	202	5
147	203	7
147	205	1
147	206	9
147	207	2
147	209	1
147	210	1
147	211	2
147	212	4
147	213	5
147	214	3
147	215	2
147	216	1
147	219	1
147	220	2
147	221	3
147	224	2
147	227	2
147	232	1
147	233	1
147	234	1
147	235	1
147	236	1
147	237	2
147	238	2
147	239	2
147	240	2
147	241	8
147	242	4
147	243	2
147	247	14
147	248	10
147	249	2
147	250	1
147	251	7
147	252	11
147	253	2
147	254	2
147	255	2
147	256	2
147	257	2
147	258	2
147	259	2
147	260	2
147	261	5
147	262	2
147	263	2
147	264	4
147	265	2
147	266	2
147	267	9
147	268	9
147	269	9
147	270	8
147	271	6
147	272	6
147	273	3
147	274	5
147	277	5
147	278	2
147	279	2
147	280	2
147	281	1
147	282	1
147	283	1
147	284	1
147	285	2
147	286	2
147	291	1
147	292	1
147	293	5
147	294	2
147	295	6
147	296	1
147	297	2
147	298	1
147	299	1
147	301	3
147	302	6
147	303	2
147	304	1
147	305	1
147	306	9
147	307	1
147	309	4
147	310	2
147	311	1
147	313	10
147	314	9
147	315	9
147	316	7
147	317	7
147	318	2
147	320	2
147	321	1
147	322	1
147	323	1
147	324	5
147	327	2
147	328	5
147	330	1
147	333	2
147	338	7
147	339	7
147	340	7
147	346	1
147	347	1
147	348	1
147	349	1
147	350	1
147	351	1
147	353	4
147	354	4
147	355	4
147	356	6
147	357	3
147	359	1
147	360	1
147	361	1
147	362	1
147	363	1
147	364	2
147	365	6
147	367	2
147	368	2
147	371	2
147	372	1
147	375	3
147	376	3
147	377	1
147	378	1
147	379	1
147	380	1
147	383	1
147	384	1
147	385	1
147	386	1
147	387	1
147	388	1
147	389	2
147	390	1
147	397	1
147	398	1
147	399	1
147	400	1
147	401	2
147	404	3
147	405	1
147	410	4
147	411	1
147	412	3
147	413	1
147	414	1
147	415	1
147	416	1
147	417	1
147	418	3
147	419	4
147	420	3
147	421	3
147	422	3
147	425	4
147	426	4
147	427	4
147	429	1
147	430	1
147	431	3
147	436	1
147	437	1
147	438	1
147	442	1
147	443	5
147	444	1
147	445	1
147	446	2
147	447	2
147	452	2
147	455	3
147	456	3
147	457	3
147	458	3
147	459	5
147	460	5
147	461	1
147	462	1
147	463	1
147	464	1
147	469	1
147	472	1
147	473	1
147	474	1
147	475	1
147	476	1
147	477	1
147	478	1
147	479	1
147	480	1
147	482	1
147	489	2
147	490	5
147	491	5
147	492	5
147	493	1
147	494	5
147	495	1
147	497	1
147	498	1
147	503	2
147	505	1
147	507	4
147	510	4
147	511	4
147	513	4
147	516	1
147	518	2
147	519	6
147	521	2
147	523	1
147	524	1
147	525	4
147	531	3
147	532	3
147	533	1
148	149	4
148	150	1
148	151	7
148	152	2
148	153	1
148	154	1
148	155	2
148	156	1
148	157	1
148	158	1
148	159	4
148	160	4
148	161	4
148	164	1
148	165	2
148	166	2
148	167	2
148	168	2
148	169	3
148	170	3
148	171	3
148	172	3
148	174	3
148	175	7
148	177	1
148	178	7
148	180	4
148	181	2
148	182	2
148	183	2
148	184	2
148	188	2
148	189	10
148	190	2
148	194	1
148	195	1
148	196	1
148	201	7
148	202	3
148	203	5
148	205	56
148	206	6
148	207	2
148	209	1
148	211	1
148	212	5
148	213	2
148	214	5
148	215	2
148	216	4
148	218	1
148	219	1
148	220	5
148	221	8
148	222	2
148	223	2
148	224	3
148	225	1
148	227	4
148	232	1
148	233	1
148	234	4
148	235	1
148	236	1
148	237	4
148	238	4
148	239	4
148	240	4
148	241	10
148	242	6
148	243	1
148	245	1
148	246	1
148	247	19
148	248	14
148	249	3
148	250	2
148	251	4
148	252	15
148	253	3
148	254	3
148	255	3
148	256	3
148	257	3
148	258	3
148	259	3
148	260	3
148	261	6
148	262	3
148	263	3
148	264	4
148	265	1
148	266	1
148	267	8
148	268	8
148	269	8
148	270	7
148	271	7
148	272	7
148	273	4
148	274	6
148	275	1
148	276	1
148	277	4
148	278	3
148	279	2
148	280	2
148	281	1
148	282	1
148	283	1
148	285	1
148	286	1
148	289	1
148	292	1
148	293	4
148	294	2
148	295	7
148	296	2
148	297	4
148	298	2
148	299	49
148	300	1
148	301	4
148	302	6
148	303	3
148	304	3
148	305	1
148	306	4
148	307	1
148	309	5
148	310	1
148	312	1
148	313	17
148	314	13
148	315	13
148	316	5
148	317	5
148	318	1
148	320	2
148	322	1
148	323	1
148	324	5
148	325	1
148	326	1
148	327	5
148	328	4
148	330	2
148	333	3
148	338	6
148	339	3
148	340	3
148	349	1
148	350	1
148	351	1
148	353	2
148	354	2
148	355	5
148	356	2
148	357	2
148	358	4
148	363	2
148	364	1
148	365	3
148	367	4
148	368	4
148	369	1
148	370	2
148	371	2
148	372	1
148	373	1
148	374	1
148	375	1
148	376	1
148	377	3
148	378	3
148	379	3
148	380	3
148	383	2
148	384	2
148	389	2
148	390	1
148	397	1
148	398	1
148	399	2
148	400	2
148	401	2
148	404	7
148	410	4
148	412	4
148	414	2
148	415	2
148	416	2
148	417	1
148	418	2
148	419	7
148	420	2
148	421	2
148	422	2
148	425	5
148	426	5
148	427	5
148	429	1
148	430	1
148	431	3
148	436	2
148	437	2
148	438	2
148	440	1
148	441	1
148	442	1
148	443	6
148	444	5
148	445	1
148	446	1
148	447	1
148	452	3
148	455	5
148	456	5
148	457	5
148	458	5
148	459	4
148	460	4
148	469	1
148	472	2
148	473	47
148	474	59
148	475	1
148	476	1
148	477	1
148	479	1
148	480	2
148	482	3
148	489	2
148	490	3
148	491	3
148	492	3
148	493	3
148	494	4
148	495	1
148	496	1
148	497	1
148	499	1
148	503	1
148	505	1
148	507	4
148	510	2
148	511	2
148	512	1
148	513	4
148	516	2
148	518	1
148	519	3
148	520	1
148	521	2
148	522	1
148	523	1
148	524	4
148	525	5
148	526	1
148	527	1
148	528	1
148	529	1
148	531	4
148	532	4
148	533	1
149	150	2
149	151	6
149	153	4
149	155	1
149	159	2
149	160	2
149	161	2
149	165	3
149	166	3
149	167	3
149	168	3
149	169	5
149	170	5
149	171	5
149	172	5
149	173	1
149	174	3
149	175	7
149	177	1
149	178	3
149	179	3
149	180	3
149	181	1
149	182	1
149	183	1
149	184	1
149	188	1
149	189	6
149	190	2
149	191	1
149	194	1
149	195	1
149	196	1
149	201	5
149	202	4
149	203	4
149	205	1
149	206	5
149	207	2
149	211	2
149	212	3
149	213	4
149	214	6
149	215	5
149	216	3
149	220	2
149	221	3
149	226	1
149	227	5
149	232	1
149	233	1
149	234	3
149	235	1
149	236	1
149	237	2
149	238	2
149	239	2
149	240	2
149	241	5
149	242	1
149	247	7
149	248	4
149	249	1
149	251	3
149	252	6
149	261	6
149	264	1
149	265	1
149	266	1
149	267	5
149	268	5
149	269	8
149	270	5
149	271	2
149	272	2
149	273	1
149	274	3
149	275	1
149	276	1
149	277	4
149	278	2
149	279	2
149	280	2
149	285	1
149	286	1
149	290	1
149	292	1
149	293	4
149	295	6
149	297	3
149	299	2
149	301	4
149	302	4
149	303	2
149	304	2
149	305	1
149	306	5
149	309	2
149	310	2
149	313	6
149	314	4
149	315	4
149	316	4
149	317	5
149	318	4
149	320	3
149	324	2
149	327	2
149	328	2
149	330	1
149	333	1
149	338	7
149	339	4
149	340	4
149	349	1
149	350	1
149	351	1
149	353	2
149	354	2
149	355	2
149	356	1
149	357	6
149	364	1
149	365	6
149	366	1
149	367	2
149	368	2
149	371	3
149	373	2
149	374	2
149	375	4
149	376	4
149	377	1
149	378	1
149	379	1
149	380	1
149	383	1
149	384	1
149	397	1
149	398	1
149	401	4
149	404	4
149	407	2
149	410	3
149	411	1
149	412	2
149	413	1
149	418	2
149	419	2
149	420	2
149	421	2
149	422	2
149	425	1
149	426	1
149	427	1
149	436	2
149	437	2
149	438	2
149	439	1
149	442	1
149	443	2
149	445	1
149	452	1
149	454	1
149	455	3
149	456	3
149	457	3
149	458	3
149	459	4
149	460	4
149	469	2
149	472	2
149	475	1
149	476	1
149	477	1
149	479	2
149	482	1
149	489	3
149	490	3
149	491	3
149	492	3
149	493	2
149	494	3
149	497	1
149	499	2
149	507	3
149	510	3
149	511	3
149	512	2
149	513	3
149	516	1
149	518	1
149	519	6
149	520	1
149	521	1
149	524	2
149	525	2
149	527	1
149	531	2
149	532	2
150	151	2
150	152	1
150	153	4
150	165	1
150	166	1
150	167	1
150	168	1
150	172	1
150	174	1
150	175	1
150	179	3
150	180	1
150	189	1
150	194	1
150	195	1
150	196	1
150	201	3
150	203	2
150	205	1
150	207	2
150	210	1
150	211	2
150	212	2
150	213	2
150	214	1
150	215	1
150	216	1
150	227	1
150	228	1
150	229	1
150	235	1
150	241	3
150	242	1
150	244	1
150	247	1
150	252	5
150	253	1
150	254	1
150	255	1
150	256	1
150	257	1
150	258	1
150	259	1
150	260	1
150	261	2
150	262	1
150	263	1
150	265	1
150	266	1
150	267	2
150	268	2
150	269	2
150	271	3
150	272	3
150	273	1
150	274	2
150	277	2
150	278	1
150	284	2
150	287	1
150	292	1
150	293	2
150	294	1
150	296	2
150	302	1
150	304	1
150	306	1
150	309	2
150	312	1
150	313	3
150	316	1
150	317	1
150	318	1
150	333	1
150	338	1
150	352	1
150	358	1
150	365	1
150	366	1
150	372	1
150	383	1
150	384	1
150	389	1
150	404	2
150	407	1
150	410	1
150	412	2
150	414	1
150	415	1
150	416	1
150	417	1
150	436	1
150	437	1
150	438	1
150	439	2
150	447	2
150	448	1
150	475	1
150	476	1
150	477	1
150	484	2
150	495	2
150	498	1
150	499	1
150	505	1
150	507	2
150	510	1
150	511	1
150	516	1
150	518	2
150	519	1
150	520	1
150	524	1
150	527	1
150	528	1
150	529	1
151	152	50
151	153	2
151	155	1
151	156	1
151	157	1
151	158	1
151	159	2
151	160	2
151	161	2
151	164	1
151	165	2
151	166	2
151	167	2
151	168	2
151	169	4
151	170	4
151	171	4
151	172	4
151	173	2
151	174	3
151	175	3
151	176	1
151	177	1
151	178	5
151	179	2
151	180	3
151	185	1
151	186	1
151	187	1
151	188	1
151	189	5
151	190	2
151	191	1
151	193	1
151	194	3
151	195	3
151	196	3
151	201	4
151	202	6
151	203	6
151	205	1
151	206	4
151	207	3
151	208	1
151	211	1
151	212	2
151	213	2
151	214	4
151	215	3
151	216	3
151	217	1
151	219	1
151	220	2
151	221	3
151	223	2
151	224	1
151	225	1
151	227	3
151	232	1
151	233	1
151	234	2
151	235	2
151	236	1
151	237	2
151	238	2
151	239	3
151	240	2
151	241	10
151	242	7
151	247	6
151	248	4
151	249	3
151	250	1
151	251	3
151	252	9
151	253	1
151	254	1
151	255	1
151	256	1
151	257	1
151	258	1
151	259	1
151	260	1
151	261	3
151	262	1
151	263	1
151	264	2
151	267	3
151	268	3
151	269	8
151	270	3
151	271	2
151	272	2
151	273	1
151	274	3
151	277	5
151	278	2
151	279	2
151	280	2
151	285	1
151	286	1
151	287	1
151	291	1
151	292	1
151	293	5
151	294	1
151	295	8
151	296	1
151	297	4
151	298	1
151	299	2
151	300	1
151	301	4
151	302	5
151	303	3
151	304	3
151	306	5
151	309	1
151	313	5
151	314	4
151	315	4
151	316	5
151	317	5
151	318	5
151	320	3
151	324	2
151	327	2
151	328	5
151	330	2
151	333	1
151	338	5
151	339	3
151	340	3
151	353	2
151	354	2
151	355	2
151	356	3
151	357	5
151	358	3
151	364	3
151	365	6
151	367	2
151	368	2
151	369	2
151	370	2
151	371	2
151	372	1
151	373	1
151	374	1
151	375	2
151	376	2
151	377	2
151	378	2
151	379	2
151	380	2
151	389	1
151	390	1
151	397	2
151	398	2
151	399	2
151	400	2
151	401	2
151	402	1
151	403	1
151	404	4
151	407	1
151	408	1
151	409	1
151	410	2
151	412	4
151	414	1
151	415	1
151	416	1
151	418	2
151	419	3
151	420	2
151	421	2
151	422	2
151	425	3
151	426	3
151	427	3
151	429	1
151	430	1
151	431	1
151	436	3
151	437	3
151	438	3
151	439	1
151	442	1
151	443	2
151	444	1
151	445	1
151	447	2
151	448	1
151	452	3
151	455	4
151	456	4
151	457	4
151	458	4
151	459	2
151	460	2
151	461	1
151	462	1
151	463	1
151	464	1
151	465	1
151	466	1
151	469	1
151	470	2
151	472	3
151	473	1
151	474	1
151	475	1
151	476	1
151	477	1
151	479	4
151	480	1
151	481	1
151	482	1
151	489	2
151	490	4
151	491	4
151	492	4
151	493	3
151	494	3
151	496	1
151	499	1
151	501	1
151	502	1
151	503	1
151	505	1
151	507	3
151	510	3
151	511	3
151	513	2
151	516	1
151	519	5
151	521	2
151	524	1
151	525	4
151	531	2
151	532	2
152	153	1
152	173	1
152	178	1
152	179	2
152	180	1
152	185	1
152	186	1
152	187	1
152	188	1
152	189	2
152	190	1
152	194	1
152	195	1
152	196	1
152	201	1
152	206	1
152	207	1
152	216	2
152	217	1
152	219	1
152	220	1
152	235	1
152	239	1
152	241	3
152	242	3
152	247	1
152	250	1
152	251	2
152	252	3
152	253	1
152	254	1
152	255	1
152	256	1
152	257	1
152	258	1
152	259	1
152	260	1
152	261	1
152	262	1
152	263	1
152	264	1
152	269	1
152	274	2
152	278	1
152	279	1
152	280	1
152	291	1
152	292	1
152	297	1
152	299	1
152	302	3
152	304	1
152	309	1
152	313	1
152	314	1
152	315	1
152	328	4
152	356	3
152	357	1
152	358	2
152	364	3
152	365	1
152	367	1
152	368	1
152	372	1
152	389	1
152	397	1
152	398	1
152	399	1
152	400	1
152	402	1
152	403	1
152	404	1
152	412	3
152	419	1
152	425	2
152	426	2
152	427	2
152	431	1
152	436	1
152	437	1
152	438	1
152	444	1
152	447	2
152	448	1
152	452	2
152	461	1
152	462	1
152	463	1
152	464	1
152	470	2
152	472	2
152	479	1
152	480	1
152	481	1
152	501	1
152	502	1
152	503	1
152	507	1
152	519	1
152	531	2
152	532	2
153	165	1
153	166	1
153	167	1
153	168	1
153	169	1
153	170	1
153	171	1
153	172	1
153	173	1
153	174	2
153	175	2
153	176	1
153	177	1
153	178	1
153	179	1
153	180	20
153	181	1
153	182	1
153	183	1
153	184	1
153	189	1
153	192	1
153	193	1
153	194	1
153	195	1
153	196	1
153	201	6
153	202	1
153	203	1
153	206	1
153	207	2
153	210	1
153	211	3
153	212	3
153	213	3
153	214	4
153	215	2
153	216	3
153	217	2
153	221	4
153	227	2
153	232	1
153	233	1
153	234	1
153	235	1
153	236	1
153	237	2
153	238	2
153	239	2
153	240	2
153	241	2
153	244	2
153	247	2
153	248	2
153	249	1
153	250	1
153	251	1
153	252	3
153	261	2
153	264	1
153	267	2
153	268	2
153	269	2
153	270	1
153	271	1
153	272	1
153	274	2
153	277	1
153	278	2
153	279	1
153	280	1
153	284	2
153	290	1
153	291	1
153	292	2
153	293	1
153	295	1
153	297	2
153	299	1
153	301	1
153	302	2
153	303	2
153	304	1
153	306	1
153	309	2
153	311	1
153	313	3
153	314	1
153	315	1
153	316	1
153	317	1
153	318	2
153	320	1
153	324	1
153	327	1
153	328	2
153	330	1
153	338	2
153	339	1
153	340	1
153	346	1
153	347	1
153	348	1
153	349	2
153	350	2
153	351	2
153	352	2
153	353	1
153	354	1
153	355	1
153	356	1
153	357	2
153	364	1
153	365	4
153	366	2
153	367	1
153	368	1
153	371	1
153	375	3
153	376	3
153	377	2
153	378	2
153	379	2
153	380	2
153	385	1
153	386	1
153	387	1
153	388	1
153	389	1
153	390	1
153	397	1
153	398	1
153	399	1
153	400	1
153	401	1
153	404	2
153	407	1
153	410	1
153	412	4
153	418	1
153	419	1
153	420	1
153	421	1
153	422	1
153	428	1
153	436	1
153	437	1
153	438	1
153	442	1
153	443	1
153	445	1
153	447	1
153	448	1
153	452	1
153	455	1
153	456	1
153	457	1
153	458	1
153	459	1
153	460	1
153	469	2
153	480	1
153	482	2
153	489	2
153	490	1
153	491	1
153	492	1
153	493	1
153	494	1
153	507	2
153	510	2
153	511	2
153	513	1
153	518	1
153	519	4
153	521	1
153	525	1
153	533	1
154	173	1
154	175	1
154	188	1
154	189	2
154	193	1
154	209	1
154	214	1
154	221	1
154	234	1
154	241	2
154	242	1
154	244	1
154	247	1
154	248	1
154	249	1
154	261	1
154	271	1
154	272	1
154	273	1
154	278	2
154	290	1
154	294	1
154	302	1
154	306	2
154	310	1
154	320	1
154	328	1
154	333	1
154	356	1
154	364	1
154	367	1
154	368	1
154	377	1
154	378	1
154	379	1
154	380	1
154	390	1
154	408	1
154	409	1
154	431	2
154	459	1
154	460	1
154	471	1
154	482	1
154	483	1
154	493	1
154	505	2
154	510	2
154	511	2
154	513	1
154	523	1
155	156	36
155	157	36
155	158	36
155	164	1
155	165	2
155	166	2
155	167	2
155	168	2
155	169	2
155	170	2
155	171	2
155	172	2
155	173	2
155	175	2
155	177	1
155	179	1
155	185	1
155	186	1
155	187	1
155	189	1
155	190	1
155	201	1
155	207	1
155	212	1
155	216	1
155	221	1
155	223	1
155	224	1
155	225	1
155	227	1
155	228	1
155	229	1
155	234	3
155	237	1
155	238	1
155	239	1
155	240	1
155	241	1
155	242	1
155	247	3
155	248	2
155	249	1
155	252	3
155	271	1
155	272	1
155	273	1
155	275	1
155	276	1
155	278	1
155	295	1
155	296	1
155	297	2
155	298	1
155	299	1
155	301	1
155	303	1
155	309	1
155	313	1
155	314	1
155	315	1
155	316	1
155	317	1
155	327	1
155	330	1
155	333	1
155	338	1
155	353	2
155	354	2
155	355	1
155	356	1
155	358	2
155	365	1
155	369	1
155	370	1
155	371	1
155	375	1
155	376	1
155	377	1
155	378	1
155	379	1
155	380	1
155	390	1
155	399	3
155	400	3
155	401	1
155	404	1
155	414	2
155	415	2
155	416	2
155	418	1
155	419	1
155	420	1
155	421	1
155	422	1
155	436	1
155	437	1
155	438	1
155	439	1
155	440	1
155	441	1
155	444	1
155	449	1
155	455	2
155	456	2
155	457	2
155	458	2
155	459	2
155	460	2
155	471	1
155	473	1
155	474	1
155	483	1
155	493	1
155	494	1
155	496	1
155	512	1
155	516	2
155	520	1
155	525	2
155	527	1
155	531	1
155	532	1
155	533	1
156	157	36
156	158	36
156	164	1
156	169	2
156	170	2
156	171	2
156	172	2
156	173	2
156	175	1
156	185	1
156	186	1
156	187	1
156	189	1
156	190	1
156	201	1
156	207	1
156	212	1
156	216	1
156	221	1
156	223	1
156	224	1
156	225	1
156	228	1
156	229	1
156	234	1
156	237	1
156	238	1
156	239	1
156	240	1
156	241	1
156	242	1
156	247	2
156	248	2
156	249	1
156	271	1
156	272	1
156	273	1
156	278	1
156	296	1
156	297	2
156	298	1
156	303	1
156	309	1
156	313	1
156	314	1
156	315	1
156	316	1
156	317	1
156	330	1
156	333	1
156	338	1
156	353	1
156	354	1
156	355	1
156	356	1
156	358	2
156	369	1
156	370	1
156	371	1
156	375	1
156	376	1
156	377	1
156	378	1
156	379	1
156	380	1
156	390	1
156	399	2
156	400	2
156	404	1
156	414	2
156	415	2
156	416	2
156	418	1
156	419	1
156	420	1
156	421	1
156	422	1
156	436	1
156	437	1
156	438	1
156	444	1
156	449	1
156	455	1
156	456	1
156	457	1
156	458	1
156	459	1
156	460	1
156	471	1
156	473	1
156	474	1
156	483	1
156	493	1
156	494	1
156	496	1
156	525	2
157	158	36
157	164	1
157	169	2
157	170	2
157	171	2
157	172	2
157	173	2
157	175	1
157	185	1
157	186	1
157	187	1
157	189	1
157	190	1
157	201	1
157	207	1
157	212	1
157	216	1
157	221	1
157	223	1
157	224	1
157	225	1
157	228	1
157	229	1
157	234	1
157	237	1
157	238	1
157	239	1
157	240	1
157	241	1
157	242	1
157	247	2
157	248	2
157	249	1
157	271	1
157	272	1
157	273	1
157	278	1
157	296	1
157	297	2
157	298	1
157	303	1
157	309	1
157	313	1
157	314	1
157	315	1
157	316	1
157	317	1
157	330	1
157	333	1
157	338	1
157	353	1
157	354	1
157	355	1
157	356	1
157	358	2
157	369	1
157	370	1
157	371	1
157	375	1
157	376	1
157	377	1
157	378	1
157	379	1
157	380	1
157	390	1
157	399	2
157	400	2
157	404	1
157	414	2
157	415	2
157	416	2
157	418	1
157	419	1
157	420	1
157	421	1
157	422	1
157	436	1
157	437	1
157	438	1
157	444	1
157	449	1
157	455	1
157	456	1
157	457	1
157	458	1
157	459	1
157	460	1
157	471	1
157	473	1
157	474	1
157	483	1
157	493	1
157	494	1
157	496	1
157	525	2
158	164	1
158	169	2
158	170	2
158	171	2
158	172	2
158	173	2
158	175	1
158	185	1
158	186	1
158	187	1
158	189	1
158	190	1
158	201	1
158	207	1
158	212	1
158	216	1
158	221	1
158	223	1
158	224	1
158	225	1
158	228	1
158	229	1
158	234	1
158	237	1
158	238	1
158	239	1
158	240	1
158	241	1
158	242	1
158	247	2
158	248	2
158	249	1
158	271	1
158	272	1
158	273	1
158	278	1
158	296	1
158	297	2
158	298	1
158	303	1
158	309	1
158	313	1
158	314	1
158	315	1
158	316	1
158	317	1
158	330	1
158	333	1
158	338	1
158	353	1
158	354	1
158	355	1
158	356	1
158	358	2
158	369	1
158	370	1
158	371	1
158	375	1
158	376	1
158	377	1
158	378	1
158	379	1
158	380	1
158	390	1
158	399	2
158	400	2
158	404	1
158	414	2
158	415	2
158	416	2
158	418	1
158	419	1
158	420	1
158	421	1
158	422	1
158	436	1
158	437	1
158	438	1
158	444	1
158	449	1
158	455	1
158	456	1
158	457	1
158	458	1
158	459	1
158	460	1
158	471	1
158	473	1
158	474	1
158	483	1
158	493	1
158	494	1
158	496	1
158	525	2
159	160	51
159	161	51
159	169	1
159	170	1
159	171	1
159	172	1
159	175	3
159	177	1
159	178	1
159	180	1
159	189	3
159	190	2
159	211	1
159	212	1
159	213	2
159	216	3
159	220	2
159	221	1
159	222	1
159	223	1
159	224	1
159	227	1
159	241	1
159	247	4
159	248	2
159	252	6
159	261	1
159	267	1
159	268	1
159	269	3
159	271	1
159	272	1
159	273	1
159	294	1
159	295	2
159	297	1
159	299	4
159	301	2
159	303	1
159	304	1
159	306	3
159	309	2
159	313	6
159	314	4
159	315	4
159	316	3
159	317	3
159	318	1
159	338	1
159	339	1
159	340	1
159	356	2
159	357	1
159	359	1
159	360	1
159	361	1
159	362	1
159	363	1
159	365	1
159	399	1
159	400	1
159	401	1
159	404	2
159	407	1
159	418	1
159	419	2
159	420	1
159	421	1
159	422	1
159	439	1
159	444	1
159	446	1
159	459	1
159	460	1
159	479	1
159	493	1
159	494	2
159	507	1
159	510	2
159	511	2
159	513	1
159	519	1
159	524	1
159	531	2
159	532	2
160	161	51
160	169	1
160	170	1
160	171	1
160	172	1
160	175	3
160	177	1
160	178	1
160	180	1
160	189	3
160	190	2
160	211	1
160	212	1
160	213	2
160	216	3
160	220	2
160	221	1
160	222	1
160	223	1
160	224	1
160	227	1
160	241	1
160	247	4
160	248	2
160	252	6
160	261	1
160	267	1
160	268	1
160	269	3
160	271	1
160	272	1
160	273	1
160	294	1
160	295	2
160	297	1
160	299	4
160	301	2
160	303	1
160	304	1
160	306	3
160	309	2
160	313	6
160	314	4
160	315	4
160	316	3
160	317	3
160	318	1
160	338	1
160	339	1
160	340	1
160	356	2
160	357	1
160	359	1
160	360	1
160	361	1
160	362	1
160	363	1
160	365	1
160	399	1
160	400	1
160	401	1
160	404	2
160	407	1
160	418	1
160	419	2
160	420	1
160	421	1
160	422	1
160	439	1
160	444	1
160	446	1
160	459	1
160	460	1
160	479	1
160	493	1
160	494	2
160	507	1
160	510	2
160	511	2
160	513	1
160	519	1
160	524	1
160	531	2
160	532	2
161	169	1
161	170	1
161	171	1
161	172	1
161	175	3
161	177	1
161	178	1
161	180	1
161	189	3
161	190	2
161	211	1
161	212	1
161	213	2
161	216	3
161	220	2
161	221	1
161	222	1
161	223	1
161	224	1
161	227	1
161	241	1
161	247	4
161	248	2
161	252	6
161	261	1
161	267	1
161	268	1
161	269	3
161	271	1
161	272	1
161	273	1
161	294	1
161	295	2
161	297	1
161	299	4
161	301	2
161	303	1
161	304	1
161	306	3
161	309	2
161	313	6
161	314	4
161	315	4
161	316	3
161	317	3
161	318	1
161	338	1
161	339	1
161	340	1
161	356	2
161	357	1
161	359	1
161	360	1
161	361	1
161	362	1
161	363	1
161	365	1
161	399	1
161	400	1
161	401	1
161	404	2
161	407	1
161	418	1
161	419	2
161	420	1
161	421	1
161	422	1
161	439	1
161	444	1
161	446	1
161	459	1
161	460	1
161	479	1
161	493	1
161	494	2
161	507	1
161	510	2
161	511	2
161	513	1
161	519	1
161	524	1
161	531	2
161	532	2
162	163	26
162	164	26
162	167	2
162	218	1
162	219	1
162	230	2
162	231	2
162	241	1
162	264	1
162	311	1
162	346	1
162	347	1
162	348	1
162	359	1
162	360	1
162	361	1
162	362	1
162	363	1
162	406	1
162	496	1
162	530	2
163	164	26
163	167	2
163	218	1
163	219	1
163	230	2
163	231	2
163	241	1
163	264	1
163	311	1
163	346	1
163	347	1
163	348	1
163	359	1
163	360	1
163	361	1
163	362	1
163	363	1
163	406	1
163	496	1
163	530	2
164	167	2
164	169	2
164	170	2
164	171	2
164	172	2
164	175	1
164	201	2
164	206	1
164	207	1
164	212	1
164	216	1
164	218	1
164	219	1
164	221	2
164	223	1
164	224	1
164	225	1
164	230	2
164	231	2
164	234	1
164	237	2
164	238	2
164	239	2
164	240	2
164	241	2
164	242	1
164	247	1
164	248	1
164	249	1
164	264	1
164	271	1
164	272	1
164	273	1
164	290	1
164	296	17
164	297	1
164	298	1
164	303	1
164	311	1
164	313	1
164	314	1
164	315	1
164	316	1
164	317	1
164	330	1
164	333	1
164	346	1
164	347	1
164	348	1
164	355	1
164	358	1
164	359	1
164	360	1
164	361	1
164	362	1
164	363	1
164	369	1
164	370	1
164	377	1
164	378	1
164	379	1
164	380	1
164	390	1
164	399	1
164	400	1
164	404	1
164	406	1
164	414	1
164	415	1
164	416	1
164	419	1
164	436	1
164	437	1
164	438	1
164	442	1
164	455	1
164	456	1
164	457	1
164	458	1
164	473	1
164	474	1
164	493	1
164	494	1
164	496	2
164	518	1
164	525	1
164	530	2
165	166	58
165	167	58
165	168	58
165	174	3
165	175	2
165	177	1
165	178	1
165	180	2
165	189	2
165	191	1
165	202	1
165	203	1
165	207	1
165	211	2
165	212	2
165	213	2
165	214	1
165	215	1
165	226	1
165	227	1
165	234	1
165	241	4
165	242	3
165	247	3
165	248	1
165	249	2
165	252	3
165	267	1
165	268	1
165	275	1
165	276	1
165	278	1
165	281	2
165	282	2
165	283	2
165	284	1
165	292	1
165	294	2
165	295	3
165	296	1
165	299	1
165	301	1
165	303	1
165	304	1
165	306	4
165	318	1
165	327	3
165	328	1
165	330	1
165	333	1
165	338	3
165	339	1
165	340	1
165	349	1
165	350	1
165	351	1
165	356	2
165	357	2
165	364	1
165	365	1
165	366	1
165	367	1
165	368	1
165	401	1
165	436	2
165	437	2
165	438	2
165	455	1
165	456	1
165	457	1
165	458	1
165	459	1
165	460	1
165	480	1
165	489	1
165	495	1
165	510	1
165	511	1
165	512	1
165	513	1
165	516	2
165	518	1
165	520	2
165	521	1
165	525	1
165	527	1
165	531	2
165	532	2
166	167	58
166	168	58
166	174	3
166	175	2
166	177	1
166	178	1
166	180	2
166	189	2
166	191	1
166	202	1
166	203	1
166	207	1
166	211	2
166	212	2
166	213	2
166	214	1
166	215	1
166	226	1
166	227	1
166	234	1
166	241	4
166	242	3
166	247	3
166	248	1
166	249	2
166	252	3
166	267	1
166	268	1
166	275	1
166	276	1
166	278	1
166	281	2
166	282	2
166	283	2
166	284	1
166	292	1
166	294	2
166	295	3
166	296	1
166	299	1
166	301	1
166	303	1
166	304	1
166	306	4
166	318	1
166	327	3
166	328	1
166	330	1
166	333	1
166	338	3
166	339	1
166	340	1
166	349	1
166	350	1
166	351	1
166	356	2
166	357	2
166	364	1
166	365	1
166	366	1
166	367	1
166	368	1
166	401	1
166	436	2
166	437	2
166	438	2
166	455	1
166	456	1
166	457	1
166	458	1
166	459	1
166	460	1
166	480	1
166	489	1
166	495	1
166	510	1
166	511	1
166	512	1
166	513	1
166	516	2
166	518	1
166	520	2
166	521	1
166	525	1
166	527	1
166	531	2
166	532	2
167	168	58
167	174	3
167	175	2
167	177	1
167	178	1
167	180	2
167	189	2
167	191	1
167	202	1
167	203	1
167	207	1
167	211	2
167	212	2
167	213	2
167	214	1
167	215	1
167	226	1
167	227	1
167	234	1
167	241	4
167	242	3
167	247	3
167	248	1
167	249	2
167	252	3
167	267	1
167	268	1
167	275	1
167	276	1
167	278	1
167	281	2
167	282	2
167	283	2
167	284	1
167	292	1
167	294	2
167	295	3
167	296	1
167	299	1
167	301	1
167	303	1
167	304	1
167	306	4
167	318	1
167	327	3
167	328	1
167	330	1
167	333	1
167	338	3
167	339	1
167	340	1
167	349	1
167	350	1
167	351	1
167	356	2
167	357	2
167	364	1
167	365	1
167	366	1
167	367	1
167	368	1
167	401	1
167	436	2
167	437	2
167	438	2
167	455	2
167	456	2
167	457	2
167	458	2
167	459	1
167	460	1
167	480	1
167	489	1
167	495	1
167	510	1
167	511	1
167	512	1
167	513	1
167	516	2
167	518	1
167	520	2
167	521	1
167	525	1
167	527	1
167	530	30
167	531	2
167	532	2
168	174	3
168	175	2
168	177	1
168	178	1
168	180	2
168	189	2
168	191	1
168	202	1
168	203	1
168	207	1
168	211	2
168	212	2
168	213	2
168	214	1
168	215	1
168	226	1
168	227	1
168	234	1
168	241	4
168	242	3
168	247	3
168	248	1
168	249	2
168	252	3
168	267	1
168	268	1
168	275	1
168	276	1
168	278	1
168	281	2
168	282	2
168	283	2
168	284	1
168	292	1
168	294	2
168	295	3
168	296	1
168	299	1
168	301	1
168	303	1
168	304	1
168	306	4
168	318	1
168	327	3
168	328	1
168	330	1
168	333	1
168	338	3
168	339	1
168	340	1
168	349	1
168	350	1
168	351	1
168	356	2
168	357	2
168	364	1
168	365	1
168	366	1
168	367	1
168	368	1
168	401	1
168	436	2
168	437	2
168	438	2
168	455	1
168	456	1
168	457	1
168	458	1
168	459	1
168	460	1
168	480	1
168	489	1
168	495	1
168	510	1
168	511	1
168	512	1
168	513	1
168	516	2
168	518	1
168	520	2
168	521	1
168	525	1
168	527	1
168	531	2
168	532	2
169	170	52
169	171	52
169	172	52
169	174	3
169	175	4
169	178	3
169	179	2
169	180	2
169	181	1
169	182	1
169	183	1
169	184	1
169	188	1
169	189	4
169	190	3
169	191	1
169	194	1
169	195	1
169	196	1
169	201	6
169	202	2
169	203	2
169	206	4
169	207	3
169	211	1
169	212	3
169	213	2
169	214	2
169	215	2
169	216	2
169	220	1
169	221	4
169	223	1
169	224	1
169	225	1
169	227	3
169	232	1
169	233	1
169	234	2
169	235	1
169	236	1
169	237	4
169	238	4
169	239	4
169	240	4
169	241	4
169	242	2
169	247	4
169	248	3
169	249	1
169	251	2
169	252	4
169	261	3
169	264	1
169	265	1
169	266	1
169	267	4
169	268	4
169	269	4
169	270	4
169	271	4
169	272	4
169	273	3
169	274	2
169	277	2
169	278	3
169	279	2
169	280	2
169	285	1
169	286	1
169	289	1
169	290	1
169	293	2
169	295	3
169	296	2
169	297	4
169	298	1
169	299	1
169	300	1
169	301	3
169	302	2
169	303	3
169	304	1
169	305	1
169	306	4
169	309	1
169	310	1
169	311	1
169	313	5
169	314	4
169	315	4
169	316	4
169	317	4
169	318	2
169	320	2
169	324	2
169	327	1
169	328	2
169	330	2
169	333	1
169	338	3
169	339	3
169	340	3
169	353	1
169	354	1
169	355	3
169	356	1
169	357	4
169	358	2
169	364	1
169	365	4
169	369	1
169	370	1
169	371	2
169	373	1
169	374	1
169	375	3
169	376	3
169	377	2
169	378	2
169	379	2
169	380	2
169	383	3
169	384	3
169	390	1
169	397	1
169	398	1
169	399	2
169	400	2
169	401	3
169	404	4
169	407	1
169	410	3
169	411	1
169	412	2
169	413	1
169	414	2
169	415	2
169	416	2
169	418	3
169	419	4
169	420	3
169	421	3
169	422	3
169	436	1
169	437	1
169	438	1
169	439	1
169	442	2
169	443	1
169	444	1
169	445	1
169	452	1
169	454	1
169	455	3
169	456	3
169	457	3
169	458	3
169	459	3
169	460	3
169	469	1
169	471	1
169	472	1
169	473	1
169	474	1
169	475	1
169	476	1
169	477	1
169	479	2
169	483	1
169	489	2
169	490	1
169	491	1
169	492	1
169	493	3
169	494	3
169	496	1
169	497	1
169	507	3
169	510	1
169	511	1
169	513	2
169	518	2
169	519	4
169	521	1
169	524	1
169	525	4
170	171	52
170	172	52
170	174	3
170	175	4
170	178	3
170	179	2
170	180	2
170	181	1
170	182	1
170	183	1
170	184	1
170	188	1
170	189	4
170	190	3
170	191	1
170	194	1
170	195	1
170	196	1
170	201	6
170	202	2
170	203	2
170	206	4
170	207	3
170	211	1
170	212	3
170	213	2
170	214	2
170	215	2
170	216	2
170	220	1
170	221	4
170	223	1
170	224	1
170	225	1
170	227	3
170	232	1
170	233	1
170	234	2
170	235	1
170	236	1
170	237	4
170	238	4
170	239	4
170	240	4
170	241	4
170	242	2
170	247	4
170	248	3
170	249	1
170	251	2
170	252	4
170	261	3
170	264	1
170	265	1
170	266	1
170	267	4
170	268	4
170	269	4
170	270	4
170	271	4
170	272	4
170	273	3
170	274	2
170	277	2
170	278	3
170	279	2
170	280	2
170	285	1
170	286	1
170	289	1
170	290	1
170	293	2
170	295	3
170	296	2
170	297	4
170	298	1
170	299	1
170	300	1
170	301	3
170	302	2
170	303	3
170	304	1
170	305	1
170	306	4
170	309	1
170	310	1
170	311	1
170	313	5
170	314	4
170	315	4
170	316	4
170	317	4
170	318	2
170	320	2
170	324	2
170	327	1
170	328	2
170	330	2
170	333	1
170	338	3
170	339	3
170	340	3
170	353	1
170	354	1
170	355	3
170	356	1
170	357	4
170	358	2
170	364	1
170	365	4
170	369	1
170	370	1
170	371	2
170	373	1
170	374	1
170	375	3
170	376	3
170	377	2
170	378	2
170	379	2
170	380	2
170	383	3
170	384	3
170	390	1
170	397	1
170	398	1
170	399	2
170	400	2
170	401	3
170	404	4
170	407	1
170	410	3
170	411	1
170	412	2
170	413	1
170	414	2
170	415	2
170	416	2
170	418	3
170	419	4
170	420	3
170	421	3
170	422	3
170	436	1
170	437	1
170	438	1
170	439	1
170	442	2
170	443	1
170	444	1
170	445	1
170	452	1
170	454	1
170	455	3
170	456	3
170	457	3
170	458	3
170	459	3
170	460	3
170	469	1
170	471	1
170	472	1
170	473	1
170	474	1
170	475	1
170	476	1
170	477	1
170	479	2
170	483	1
170	489	2
170	490	1
170	491	1
170	492	1
170	493	3
170	494	3
170	496	1
170	497	1
170	507	3
170	510	1
170	511	1
170	513	2
170	518	2
170	519	4
170	521	1
170	524	1
170	525	4
171	172	52
171	174	3
171	175	4
171	178	3
171	179	2
171	180	2
171	181	1
171	182	1
171	183	1
171	184	1
171	188	1
171	189	4
171	190	3
171	191	1
171	194	1
171	195	1
171	196	1
171	201	6
171	202	2
171	203	2
171	206	4
171	207	3
171	211	1
171	212	3
171	213	2
171	214	2
171	215	2
171	216	2
171	220	1
171	221	4
171	223	1
171	224	1
171	225	1
171	227	3
171	232	1
171	233	1
171	234	2
171	235	1
171	236	1
171	237	4
171	238	4
171	239	4
171	240	4
171	241	4
171	242	2
171	247	4
171	248	3
171	249	1
171	251	2
171	252	4
171	261	3
171	264	1
171	265	1
171	266	1
171	267	4
171	268	4
171	269	4
171	270	4
171	271	4
171	272	4
171	273	3
171	274	2
171	277	2
171	278	3
171	279	2
171	280	2
171	285	1
171	286	1
171	289	1
171	290	1
171	293	2
171	295	3
171	296	2
171	297	4
171	298	1
171	299	1
171	300	1
171	301	3
171	302	2
171	303	3
171	304	1
171	305	1
171	306	4
171	309	1
171	310	1
171	311	1
171	313	5
171	314	4
171	315	4
171	316	4
171	317	4
171	318	2
171	320	2
171	324	2
171	327	1
171	328	2
171	330	2
171	333	1
171	338	3
171	339	3
171	340	3
171	353	1
171	354	1
171	355	3
171	356	1
171	357	4
171	358	2
171	364	1
171	365	4
171	369	1
171	370	1
171	371	2
171	373	1
171	374	1
171	375	3
171	376	3
171	377	2
171	378	2
171	379	2
171	380	2
171	383	3
171	384	3
171	390	1
171	397	1
171	398	1
171	399	2
171	400	2
171	401	3
171	404	4
171	407	1
171	410	3
171	411	1
171	412	2
171	413	1
171	414	2
171	415	2
171	416	2
171	418	3
171	419	4
171	420	3
171	421	3
171	422	3
171	436	1
171	437	1
171	438	1
171	439	1
171	442	2
171	443	1
171	444	1
171	445	1
171	452	1
171	454	1
171	455	3
171	456	3
171	457	3
171	458	3
171	459	3
171	460	3
171	469	1
171	471	1
171	472	1
171	473	1
171	474	1
171	475	1
171	476	1
171	477	1
171	479	2
171	483	1
171	489	2
171	490	1
171	491	1
171	492	1
171	493	3
171	494	3
171	496	1
171	497	1
171	507	3
171	510	1
171	511	1
171	513	2
171	518	2
171	519	4
171	521	1
171	524	1
171	525	4
172	174	3
172	175	4
172	178	3
172	179	3
172	180	2
172	181	1
172	182	1
172	183	1
172	184	1
172	188	1
172	189	5
172	190	3
172	191	1
172	194	1
172	195	1
172	196	1
172	201	9
172	202	2
172	203	2
172	206	4
172	207	4
172	211	1
172	212	3
172	213	2
172	214	2
172	215	2
172	216	2
172	220	1
172	221	4
172	223	1
172	224	1
172	225	1
172	227	3
172	230	1
172	231	1
172	232	1
172	233	1
172	234	2
172	235	1
172	236	1
172	237	4
172	238	4
172	239	4
172	240	4
172	241	7
172	242	2
172	244	1
172	247	12
172	248	10
172	249	1
172	251	2
172	252	4
172	261	3
172	264	1
172	265	2
172	266	2
172	267	4
172	268	4
172	269	4
172	270	5
172	271	4
172	272	4
172	273	3
172	274	2
172	277	2
172	278	3
172	279	4
172	280	4
172	285	1
172	286	1
172	289	1
172	290	1
172	293	2
172	295	3
172	296	2
172	297	4
172	298	1
172	299	1
172	300	1
172	301	3
172	302	3
172	303	3
172	304	1
172	305	2
172	306	7
172	307	1
172	309	1
172	310	1
172	311	1
172	313	10
172	314	9
172	315	9
172	316	5
172	317	5
172	318	2
172	320	2
172	322	1
172	323	1
172	324	2
172	327	1
172	328	2
172	330	2
172	333	1
172	338	3
172	339	3
172	340	3
172	353	1
172	354	1
172	355	3
172	356	1
172	357	5
172	358	3
172	364	1
172	365	4
172	369	1
172	370	1
172	371	3
172	373	1
172	374	1
172	375	3
172	376	3
172	377	2
172	378	2
172	379	2
172	380	2
172	383	3
172	384	3
172	390	1
172	397	1
172	398	1
172	399	2
172	400	2
172	401	3
172	404	5
172	406	1
172	407	1
172	410	3
172	411	1
172	412	3
172	413	1
172	414	3
172	415	3
172	416	3
172	418	3
172	419	4
172	420	3
172	421	3
172	422	3
172	436	1
172	437	1
172	438	1
172	439	1
172	442	2
172	443	1
172	444	1
172	445	1
172	447	1
172	449	2
172	452	1
172	454	1
172	455	3
172	456	3
172	457	3
172	458	3
172	459	3
172	460	3
172	469	1
172	471	1
172	472	1
172	473	1
172	474	1
172	475	37
172	476	37
172	477	37
172	479	2
172	483	1
172	484	1
172	489	2
172	490	1
172	491	1
172	492	1
172	493	3
172	494	5
172	496	1
172	497	1
172	500	1
172	503	1
172	507	3
172	510	1
172	511	1
172	513	2
172	518	3
172	519	4
172	521	1
172	524	1
172	525	4
173	177	1
173	178	4
173	179	2
173	180	2
173	181	1
173	182	1
173	183	1
173	184	1
173	210	2
173	213	1
173	214	3
173	216	1
173	218	2
173	219	1
173	221	3
173	227	1
173	228	1
173	229	1
173	230	1
173	231	1
173	241	4
173	242	2
173	247	3
173	248	2
173	250	1
173	252	5
173	253	1
173	254	1
173	255	1
173	256	1
173	257	1
173	258	1
173	259	1
173	260	1
173	261	1
173	262	1
173	263	1
173	264	2
173	270	1
173	284	1
173	287	1
173	288	2
173	289	2
173	294	1
173	295	1
173	300	1
173	303	1
173	306	1
173	307	1
173	310	2
173	311	2
173	312	3
173	313	2
173	314	2
173	315	2
173	316	1
173	317	1
173	319	1
173	328	1
173	335	1
173	336	1
173	337	1
173	346	2
173	347	2
173	348	2
173	352	2
173	356	2
173	357	1
173	358	1
173	359	1
173	360	1
173	361	1
173	362	1
173	363	1
173	364	1
173	365	1
173	371	1
173	372	5
173	373	1
173	374	1
173	390	1
173	399	4
173	400	4
173	404	1
173	414	2
173	415	2
173	416	2
173	417	1
173	423	1
173	446	3
173	449	1
173	454	1
173	479	1
173	482	3
173	510	1
173	511	1
173	519	1
173	523	1
173	533	3
174	175	3
174	178	4
174	179	3
174	180	4
174	181	1
174	182	1
174	183	1
174	184	1
174	189	1
174	191	1
174	194	1
174	195	1
174	196	1
174	201	3
174	202	3
174	203	4
174	206	4
174	207	2
174	211	2
174	212	4
174	213	2
174	214	2
174	215	2
174	221	2
174	227	2
174	228	1
174	229	1
174	232	1
174	233	1
174	234	1
174	235	1
174	236	1
174	237	2
174	238	2
174	239	2
174	240	2
174	241	6
174	242	4
174	244	1
174	247	4
174	248	2
174	249	1
174	251	2
174	252	4
174	261	1
174	264	1
174	267	4
174	268	4
174	269	3
174	270	3
174	271	2
174	272	2
174	274	1
174	275	1
174	276	1
174	277	3
174	278	5
174	279	1
174	280	1
174	281	1
174	282	1
174	283	1
174	285	1
174	286	1
174	290	2
174	293	3
174	294	2
174	295	5
174	297	2
174	299	1
174	301	2
174	302	1
174	303	3
174	305	1
174	306	5
174	313	4
174	314	2
174	315	2
174	316	2
174	317	2
174	318	3
174	320	2
174	321	1
174	324	3
174	327	2
174	328	1
174	330	2
174	338	6
174	339	2
174	340	2
174	341	1
174	342	1
174	343	1
174	344	1
174	345	1
174	353	1
174	354	1
174	355	1
174	356	1
174	357	4
174	365	3
174	366	1
174	371	2
174	373	1
174	374	1
174	375	1
174	376	1
174	377	1
174	378	1
174	379	1
174	380	1
174	383	1
174	384	1
174	389	1
174	397	1
174	398	1
174	399	1
174	400	1
174	401	2
174	404	1
174	410	3
174	412	1
174	418	1
174	419	1
174	420	1
174	421	1
174	422	1
174	436	2
174	437	2
174	438	2
174	442	1
174	443	1
174	445	1
174	447	1
174	452	1
174	454	1
174	455	2
174	456	2
174	457	2
174	458	2
174	459	2
174	460	2
174	466	1
174	469	2
174	475	1
174	476	1
174	477	1
174	479	2
174	480	1
174	484	1
174	489	2
174	490	1
174	491	1
174	492	1
174	493	2
174	494	1
174	497	1
174	505	1
174	507	2
174	510	3
174	511	3
174	513	1
174	516	2
174	519	3
174	521	3
174	523	2
174	524	1
174	525	3
175	177	2
175	178	2
175	179	2
175	180	3
175	181	3
175	182	3
175	183	3
175	184	3
175	185	1
175	186	1
175	187	1
175	188	3
175	189	9
175	190	3
175	191	1
175	192	2
175	193	2
175	194	1
175	195	1
175	196	1
175	201	7
175	202	3
175	203	4
175	205	1
175	206	11
175	207	2
175	209	2
175	210	1
175	211	2
175	212	4
175	213	5
175	214	2
175	215	2
175	216	1
175	219	1
175	220	2
175	221	2
175	222	1
175	227	3
175	232	1
175	233	1
175	234	2
175	235	1
175	236	1
175	237	2
175	238	2
175	239	2
175	240	2
175	241	5
175	242	2
175	243	1
175	247	11
175	248	8
175	251	6
175	252	6
175	253	1
175	254	1
175	255	1
175	256	1
175	257	1
175	258	1
175	259	1
175	260	1
175	261	5
175	262	1
175	263	1
175	264	2
175	265	2
175	266	2
175	267	5
175	268	5
175	269	9
175	270	6
175	271	4
175	272	4
175	273	1
175	274	3
175	275	1
175	276	1
175	277	3
175	278	1
175	279	2
175	280	2
175	281	1
175	282	1
175	283	1
175	284	1
175	285	1
175	286	1
175	290	1
175	291	1
175	293	3
175	295	6
175	296	1
175	297	1
175	299	3
175	301	4
175	302	6
175	303	1
175	304	1
175	305	4
175	306	8
175	309	3
175	310	2
175	311	1
175	313	6
175	314	5
175	315	5
175	316	7
175	317	7
175	318	3
175	320	1
175	321	1
175	324	1
175	325	1
175	326	1
175	327	3
175	328	5
175	330	1
175	333	2
175	338	3
175	339	8
175	340	8
175	346	1
175	347	1
175	348	1
175	353	3
175	354	3
175	355	4
175	356	8
175	357	3
175	358	1
175	359	1
175	360	1
175	361	1
175	362	1
175	363	1
175	364	3
175	365	6
175	367	2
175	368	2
175	371	1
175	373	1
175	374	1
175	375	3
175	376	3
175	377	1
175	378	1
175	379	1
175	380	1
175	383	1
175	384	1
175	385	1
175	386	1
175	387	1
175	388	1
175	389	3
175	390	1
175	397	1
175	398	1
175	399	1
175	400	1
175	401	4
175	404	4
175	405	1
175	407	1
175	410	5
175	411	1
175	412	3
175	413	1
175	414	1
175	415	1
175	416	1
175	417	1
175	418	3
175	419	3
175	420	3
175	421	3
175	422	3
175	425	4
175	426	4
175	427	4
175	429	1
175	430	1
175	439	1
175	442	1
175	443	3
175	445	1
175	446	2
175	447	1
175	452	2
175	454	1
175	455	2
175	456	2
175	457	2
175	458	2
175	459	49
175	460	49
175	461	1
175	462	1
175	463	1
175	464	1
175	469	1
175	472	2
175	473	1
175	474	1
175	478	1
175	479	1
175	480	1
175	489	1
175	490	4
175	491	4
175	492	4
175	493	2
175	494	6
175	495	1
175	497	1
175	498	1
175	503	2
175	505	1
175	507	5
175	510	5
175	511	5
175	512	1
175	513	5
175	516	1
175	518	2
175	519	6
175	520	1
175	521	1
175	523	1
175	524	2
175	525	2
175	527	1
175	531	1
175	532	1
175	533	1
176	180	1
176	189	1
176	201	2
176	209	1
176	211	1
176	212	1
176	213	1
176	216	1
176	217	1
176	241	2
176	242	2
176	247	2
176	248	1
176	249	2
176	278	1
176	284	1
176	294	1
176	300	1
176	303	1
176	311	1
176	313	1
176	314	1
176	315	1
176	327	1
176	346	1
176	347	1
176	348	1
176	365	1
176	366	1
176	377	1
176	378	1
176	379	1
176	380	1
176	390	1
176	399	1
176	400	1
176	418	1
176	419	2
176	420	1
176	421	1
176	422	1
176	429	1
176	430	1
176	444	1
176	472	1
176	490	1
176	491	1
176	492	1
176	518	1
176	519	1
176	533	1
177	181	1
177	182	1
177	183	1
177	184	1
177	209	1
177	210	2
177	216	2
177	217	1
177	218	1
177	219	2
177	222	1
177	227	2
177	234	1
177	241	1
177	242	1
177	247	1
177	252	5
177	269	1
177	275	1
177	276	1
177	287	1
177	289	1
177	291	1
177	294	1
177	295	2
177	299	1
177	300	1
177	301	1
177	306	1
177	309	1
177	313	1
177	321	2
177	325	1
177	326	1
177	327	1
177	328	3
177	352	1
177	353	1
177	354	1
177	356	3
177	358	1
177	363	1
177	364	3
177	372	2
177	385	1
177	386	1
177	387	1
177	388	1
177	399	1
177	400	1
177	401	1
177	417	1
177	455	1
177	456	1
177	457	1
177	458	1
177	459	1
177	460	1
177	461	1
177	462	1
177	463	1
177	464	1
177	510	1
177	511	1
177	512	1
177	516	1
177	520	1
177	527	1
177	531	1
177	532	1
177	533	4
178	179	1
178	180	11
178	189	3
178	190	1
178	191	1
178	194	2
178	195	2
178	196	2
178	201	3
178	202	3
178	203	3
178	205	3
178	206	3
178	207	1
178	210	2
178	211	1
178	212	1
178	213	1
178	214	2
178	215	2
178	218	2
178	219	1
178	220	2
178	221	1
178	227	4
178	230	1
178	231	1
178	232	1
178	233	1
178	234	3
178	235	1
178	236	1
178	237	1
178	238	1
178	239	1
178	240	1
178	241	7
178	242	4
178	247	6
178	248	4
178	249	1
178	251	2
178	252	11
178	261	3
178	264	3
178	267	3
178	268	3
178	269	3
178	270	2
178	271	2
178	272	2
178	274	1
178	275	1
178	276	1
178	277	2
178	278	1
178	279	1
178	280	1
178	285	2
178	286	2
178	289	2
178	292	1
178	293	2
178	294	2
178	295	7
178	296	1
178	297	2
178	299	1
178	301	4
178	302	1
178	303	3
178	304	2
178	306	5
178	309	1
178	311	1
178	313	4
178	314	4
178	315	4
178	316	5
178	317	5
178	318	3
178	319	1
178	320	2
178	324	2
178	327	2
178	328	2
178	330	1
178	338	4
178	339	2
178	340	2
178	346	1
178	347	1
178	348	1
178	353	1
178	354	1
178	355	1
178	356	1
178	357	4
178	358	2
178	363	1
178	365	6
178	371	2
178	372	4
178	373	1
178	374	1
178	375	1
178	376	1
178	377	1
178	378	1
178	379	1
178	380	1
178	385	1
178	386	1
178	387	1
178	388	1
178	389	2
178	397	2
178	398	2
178	399	2
178	400	2
178	401	2
178	402	1
178	403	1
178	404	3
178	407	1
178	410	2
178	412	1
178	417	2
178	418	1
178	419	1
178	420	1
178	421	1
178	422	1
178	425	1
178	426	1
178	427	1
178	431	1
178	436	2
178	437	2
178	438	2
178	439	1
178	442	1
178	443	1
178	445	1
178	452	1
178	454	1
178	455	2
178	456	2
178	457	2
178	458	2
178	459	2
178	460	2
178	466	1
178	469	2
178	470	2
178	475	1
178	476	1
178	477	1
178	479	2
178	481	1
178	489	2
178	490	2
178	491	2
178	492	2
178	493	2
178	494	2
178	497	1
178	505	1
178	507	2
178	510	1
178	511	1
178	512	1
178	513	2
178	516	1
178	519	6
178	520	1
178	521	2
178	523	3
178	524	3
178	525	5
178	531	3
178	532	3
178	533	1
179	181	1
179	182	1
179	183	1
179	184	1
179	188	2
179	189	2
179	190	1
179	191	1
179	201	3
179	202	1
179	203	2
179	206	2
179	207	2
179	210	1
179	211	1
179	212	2
179	213	2
179	214	2
179	215	2
179	216	3
179	221	2
179	224	1
179	227	1
179	228	2
179	229	2
179	235	1
179	237	2
179	238	2
179	239	2
179	240	2
179	241	4
179	242	3
179	247	3
179	248	1
179	251	2
179	252	3
179	261	3
179	264	1
179	265	1
179	266	1
179	267	3
179	268	3
179	269	1
179	270	3
179	271	6
179	272	6
179	273	3
179	274	2
179	277	1
179	278	2
179	279	2
179	280	2
179	287	1
179	288	1
179	289	1
179	290	1
179	292	1
179	293	1
179	294	1
179	302	1
179	303	1
179	305	1
179	306	4
179	308	1
179	309	1
179	310	1
179	312	2
179	313	5
179	314	2
179	315	2
179	328	2
179	338	1
179	339	1
179	340	1
179	355	1
179	356	2
179	357	1
179	358	2
179	364	2
179	365	4
179	366	1
179	373	1
179	374	1
179	375	1
179	376	1
179	377	1
179	378	1
179	379	1
179	380	1
179	383	1
179	384	1
179	399	1
179	400	1
179	401	1
179	404	4
179	407	2
179	410	2
179	411	1
179	412	1
179	413	1
179	414	1
179	415	1
179	416	1
179	418	1
179	419	1
179	420	1
179	421	1
179	422	1
179	436	1
179	437	1
179	438	1
179	439	1
179	447	1
179	454	2
179	459	1
179	460	1
179	472	1
179	475	1
179	476	1
179	477	1
179	484	2
179	496	1
179	497	1
179	505	1
179	507	2
179	510	1
179	511	1
179	513	1
179	516	1
179	518	1
179	519	4
179	528	1
179	529	1
179	531	1
179	532	1
180	181	1
180	182	1
180	183	1
180	184	1
180	189	2
180	190	1
180	194	2
180	195	2
180	196	2
180	201	8
180	202	2
180	203	4
180	205	2
180	206	5
180	207	3
180	209	2
180	210	1
180	211	3
180	212	3
180	213	3
180	214	4
180	215	3
180	216	2
180	217	1
180	218	1
180	219	1
180	220	3
180	221	3
180	222	1
180	223	1
180	224	1
180	227	3
180	232	1
180	233	1
180	234	1
180	235	1
180	236	1
180	237	2
180	238	2
180	239	2
180	240	2
180	241	4
180	242	2
180	247	4
180	248	3
180	249	2
180	251	3
180	252	6
180	253	1
180	254	1
180	255	1
180	256	1
180	257	1
180	258	1
180	259	1
180	260	1
180	261	5
180	262	1
180	263	1
180	264	3
180	267	5
180	268	5
180	269	2
180	270	1
180	271	3
180	272	3
180	273	2
180	274	1
180	275	3
180	276	3
180	277	3
180	278	1
180	279	1
180	280	1
180	284	1
180	287	1
180	289	1
180	290	1
180	292	2
180	293	3
180	294	3
180	295	12
180	296	1
180	297	1
180	299	1
180	301	3
180	302	1
180	303	1
180	304	2
180	306	4
180	309	2
180	312	1
180	313	3
180	314	2
180	315	2
180	316	4
180	317	4
180	318	4
180	320	1
180	324	1
180	325	1
180	326	1
180	327	1
180	328	1
180	330	1
180	333	2
180	338	6
180	339	2
180	340	2
180	349	1
180	350	1
180	351	1
180	352	3
180	353	2
180	354	2
180	355	2
180	356	2
180	357	3
180	358	1
180	363	1
180	365	7
180	366	1
180	367	1
180	368	1
180	369	1
180	370	1
180	371	1
180	372	2
180	375	1
180	376	1
180	377	2
180	378	2
180	379	2
180	380	2
180	389	3
180	390	2
180	397	2
180	398	2
180	399	1
180	400	1
180	401	2
180	402	1
180	403	1
180	404	2
180	407	1
180	410	2
180	412	3
180	414	1
180	415	1
180	416	1
180	417	2
180	418	1
180	419	1
180	420	1
180	421	1
180	422	1
180	425	1
180	426	1
180	427	1
180	428	1
180	432	1
180	433	1
180	434	1
180	435	1
180	436	1
180	437	1
180	438	1
180	439	2
180	442	1
180	443	1
180	445	1
180	448	1
180	452	1
180	455	1
180	456	1
180	457	1
180	458	1
180	459	3
180	460	3
180	466	1
180	469	3
180	470	2
180	471	1
180	472	2
180	479	1
180	481	1
180	482	1
180	483	1
180	489	2
180	490	2
180	491	2
180	492	2
180	493	3
180	494	2
180	499	1
180	505	1
180	507	4
180	510	3
180	511	3
180	513	3
180	518	3
180	519	7
180	521	1
180	523	2
180	524	3
180	525	4
180	528	1
180	529	1
180	531	1
180	532	1
180	533	1
181	182	62
181	183	62
181	184	62
181	189	2
181	191	1
181	192	1
181	193	1
181	194	1
181	195	1
181	196	1
181	201	2
181	205	1
181	206	2
181	207	1
181	209	1
181	210	2
181	212	1
181	214	1
181	216	2
181	217	1
181	220	1
181	221	3
181	222	1
181	223	1
181	237	1
181	238	1
181	239	1
181	240	1
181	241	1
181	242	1
181	247	1
181	248	1
181	249	1
181	252	3
181	267	1
181	268	1
181	270	2
181	274	1
181	275	1
181	276	1
181	278	2
181	289	1
181	290	1
181	291	1
181	294	1
181	299	1
181	305	1
181	310	2
181	312	1
181	313	2
181	314	1
181	315	1
181	328	1
181	338	1
181	341	1
181	342	1
181	343	1
181	344	1
181	345	1
181	352	1
181	353	1
181	354	1
181	356	1
181	364	1
181	367	1
181	368	1
181	372	1
181	373	2
181	374	2
181	377	1
181	378	1
181	379	1
181	380	1
181	383	2
181	384	2
181	385	2
181	386	2
181	387	2
181	388	2
181	389	1
181	410	1
181	417	1
181	443	2
181	454	1
181	459	1
181	460	1
181	470	1
181	471	1
181	482	1
181	483	1
181	497	1
181	501	1
181	502	1
181	518	1
181	525	1
181	526	1
181	533	3
182	183	62
182	184	62
182	189	2
182	191	1
182	192	1
182	193	1
182	194	1
182	195	1
182	196	1
182	201	2
182	205	1
182	206	2
182	207	1
182	209	1
182	210	2
182	212	1
182	214	1
182	216	2
182	217	1
182	220	1
182	221	3
182	222	1
182	223	1
182	237	1
182	238	1
182	239	1
182	240	1
182	241	1
182	242	1
182	247	1
182	248	1
182	249	1
182	252	3
182	267	1
182	268	1
182	270	2
182	274	1
182	275	1
182	276	1
182	278	2
182	289	1
182	290	1
182	291	1
182	294	1
182	299	1
182	305	1
182	310	2
182	312	1
182	313	2
182	314	1
182	315	1
182	328	1
182	338	1
182	341	1
182	342	1
182	343	1
182	344	1
182	345	1
182	352	1
182	353	1
182	354	1
182	356	1
182	364	1
182	367	1
182	368	1
182	372	1
182	373	2
182	374	2
182	377	1
182	378	1
182	379	1
182	380	1
182	383	2
182	384	2
182	385	2
182	386	2
182	387	2
182	388	2
182	389	1
182	410	1
182	417	1
182	443	2
182	454	1
182	459	1
182	460	1
182	470	1
182	471	1
182	482	1
182	483	1
182	497	1
182	501	1
182	502	1
182	518	1
182	525	1
182	526	1
182	533	3
183	184	62
183	189	2
183	191	1
183	192	1
183	193	1
183	194	1
183	195	1
183	196	1
183	201	2
183	205	1
183	206	2
183	207	1
183	209	1
183	210	2
183	212	1
183	214	1
183	216	2
183	217	1
183	220	1
183	221	3
183	222	1
183	223	1
183	237	1
183	238	1
183	239	1
183	240	1
183	241	1
183	242	1
183	247	1
183	248	1
183	249	1
183	252	3
183	267	1
183	268	1
183	270	2
183	274	1
183	275	1
183	276	1
183	278	2
183	289	1
183	290	1
183	291	1
183	294	1
183	299	1
183	305	1
183	310	2
183	312	1
183	313	2
183	314	1
183	315	1
183	328	1
183	338	1
183	341	1
183	342	1
183	343	1
183	344	1
183	345	1
183	352	1
183	353	1
183	354	1
183	356	1
183	364	1
183	367	1
183	368	1
183	372	1
183	373	2
183	374	2
183	377	1
183	378	1
183	379	1
183	380	1
183	383	2
183	384	2
183	385	2
183	386	2
183	387	2
183	388	2
183	389	1
183	410	1
183	417	1
183	443	2
183	454	1
183	459	1
183	460	1
183	470	1
183	471	1
183	482	1
183	483	1
183	497	1
183	501	1
183	502	1
183	518	1
183	525	1
183	526	1
183	533	3
184	189	2
184	191	1
184	192	1
184	193	1
184	194	1
184	195	1
184	196	1
184	201	2
184	205	1
184	206	2
184	207	1
184	209	1
184	210	2
184	212	1
184	214	1
184	216	2
184	217	1
184	220	1
184	221	3
184	222	1
184	223	1
184	237	1
184	238	1
184	239	1
184	240	1
184	241	1
184	242	1
184	247	1
184	248	1
184	249	1
184	252	3
184	267	1
184	268	1
184	270	2
184	274	1
184	275	1
184	276	1
184	278	2
184	289	1
184	290	1
184	291	1
184	294	1
184	299	1
184	305	1
184	310	2
184	312	1
184	313	2
184	314	1
184	315	1
184	328	1
184	338	1
184	341	1
184	342	1
184	343	1
184	344	1
184	345	1
184	352	1
184	353	1
184	354	1
184	356	1
184	364	1
184	367	1
184	368	1
184	372	1
184	373	2
184	374	2
184	377	1
184	378	1
184	379	1
184	380	1
184	383	2
184	384	2
184	385	2
184	386	2
184	387	2
184	388	2
184	389	1
184	410	1
184	417	1
184	443	2
184	454	1
184	459	1
184	460	1
184	470	1
184	471	1
184	482	1
184	483	1
184	497	1
184	501	1
184	502	1
184	518	1
184	525	1
184	526	1
184	533	3
185	186	38
185	187	38
185	189	1
185	201	2
185	206	1
185	212	1
185	228	1
185	229	1
185	241	1
185	242	1
185	243	1
185	251	1
185	265	1
185	266	1
185	270	1
185	278	1
185	302	1
185	313	1
185	316	1
185	317	1
185	338	1
185	390	1
185	410	1
185	418	1
185	419	1
185	420	1
185	421	1
185	422	1
185	490	1
185	491	1
185	492	1
185	494	2
185	507	1
185	509	1
185	513	1
186	187	38
186	189	1
186	201	2
186	206	1
186	212	1
186	228	1
186	229	1
186	241	1
186	242	1
186	243	1
186	251	1
186	265	1
186	266	1
186	270	1
186	278	1
186	302	1
186	313	1
186	316	1
186	317	1
186	338	1
186	390	1
186	410	1
186	418	1
186	419	1
186	420	1
186	421	1
186	422	1
186	490	1
186	491	1
186	492	1
186	494	2
186	507	1
186	509	1
186	513	1
187	189	1
187	201	2
187	206	1
187	212	1
187	228	1
187	229	1
187	241	1
187	242	1
187	243	1
187	251	1
187	265	1
187	266	1
187	270	1
187	278	1
187	302	1
187	313	1
187	316	1
187	317	1
187	338	1
187	390	1
187	410	1
187	418	1
187	419	1
187	420	1
187	421	1
187	422	1
187	490	1
187	491	1
187	492	1
187	494	2
187	507	1
187	509	1
187	513	1
188	189	6
188	190	3
188	192	1
188	193	1
188	201	1
188	202	1
188	203	1
188	206	4
188	207	1
188	212	1
188	213	2
188	214	1
188	215	1
188	216	1
188	219	1
188	220	1
188	228	1
188	229	1
188	241	3
188	242	2
188	247	4
188	248	2
188	250	1
188	251	3
188	252	5
188	253	3
188	254	3
188	255	3
188	256	3
188	257	3
188	258	3
188	259	3
188	260	3
188	261	4
188	262	3
188	263	3
188	264	1
188	265	1
188	266	1
188	267	2
188	268	2
188	269	4
188	270	2
188	271	1
188	272	1
188	273	1
188	274	3
188	278	2
188	279	1
188	280	1
188	284	4
188	288	1
188	290	1
188	297	1
188	299	1
188	300	1
188	302	4
188	303	1
188	304	2
188	306	4
188	308	1
188	309	3
188	310	2
188	313	4
188	314	4
188	315	4
188	316	1
188	317	1
188	322	1
188	323	1
188	328	1
188	330	1
188	333	1
188	339	2
188	340	2
188	341	1
188	342	1
188	343	1
188	344	1
188	345	1
188	352	1
188	353	1
188	354	1
188	355	3
188	356	2
188	357	1
188	358	1
188	364	1
188	365	2
188	375	2
188	376	2
188	401	1
188	404	1
188	410	1
188	411	1
188	412	2
188	413	1
188	418	1
188	419	1
188	420	1
188	421	1
188	422	1
188	425	2
188	426	2
188	427	2
188	429	1
188	430	1
188	443	1
188	446	1
188	448	1
188	452	1
188	461	1
188	462	1
188	463	1
188	464	1
188	466	1
188	472	1
188	473	1
188	474	1
188	480	1
188	484	1
188	490	2
188	491	2
188	492	2
188	493	2
188	494	1
188	503	3
188	507	2
188	513	1
188	518	2
188	519	2
189	190	27
189	192	1
189	193	1
189	201	4
189	202	3
189	203	4
189	205	3
189	206	8
189	207	2
189	209	1
189	211	2
189	212	5
189	213	10
189	214	2
189	215	2
189	216	1
189	220	3
189	223	1
189	224	3
189	227	2
189	234	2
189	239	1
189	241	7
189	242	2
189	247	14
189	248	8
189	249	1
189	250	1
189	251	5
189	252	13
189	253	4
189	254	4
189	255	4
189	256	4
189	257	4
189	258	4
189	259	4
189	260	4
189	261	8
189	262	4
189	263	4
189	264	2
189	265	2
189	266	2
189	267	3
189	268	3
189	269	8
189	270	7
189	271	1
189	272	1
189	273	1
189	274	3
189	275	1
189	276	1
189	277	3
189	278	2
189	279	2
189	280	2
189	285	1
189	286	1
189	287	2
189	289	1
189	290	1
189	292	2
189	293	3
189	294	1
189	295	5
189	297	4
189	299	3
189	300	2
189	301	4
189	302	6
189	303	2
189	304	4
189	305	1
189	306	7
189	307	1
189	309	5
189	310	3
189	311	1
189	313	13
189	314	10
189	315	10
189	316	7
189	317	8
189	318	2
189	320	1
189	321	1
189	324	1
189	328	4
189	330	2
189	333	3
189	338	6
189	339	5
189	340	5
189	341	1
189	342	1
189	343	1
189	344	1
189	345	1
189	346	1
189	347	1
189	348	1
189	349	1
189	350	1
189	351	1
189	352	2
189	353	8
189	354	8
189	355	3
189	356	3
189	357	5
189	358	2
189	359	1
189	360	1
189	361	1
189	362	1
189	363	2
189	364	2
189	365	5
189	367	2
189	368	2
189	369	1
189	370	1
189	371	1
189	372	1
189	373	1
189	374	1
189	375	5
189	376	5
189	377	1
189	378	1
189	379	1
189	380	1
189	385	3
189	386	3
189	387	3
189	388	3
189	389	1
189	390	1
189	399	3
189	400	3
189	401	2
189	404	3
189	407	3
189	410	3
189	411	1
189	412	3
189	413	1
189	414	3
189	415	3
189	416	3
189	417	3
189	418	3
189	419	4
189	420	3
189	421	3
189	422	3
189	425	46
189	426	46
189	427	46
189	436	3
189	437	3
189	438	3
189	439	1
189	443	2
189	444	2
189	446	2
189	452	2
189	455	1
189	456	1
189	457	1
189	458	1
189	459	2
189	460	2
189	469	1
189	471	1
189	472	2
189	473	1
189	474	1
189	475	2
189	476	2
189	477	2
189	479	2
189	480	2
189	483	1
189	484	1
189	489	1
189	490	2
189	491	2
189	492	2
189	493	3
189	494	5
189	503	4
189	505	1
189	507	4
189	510	2
189	511	2
189	512	2
189	513	4
189	518	2
189	519	5
189	523	1
189	524	1
189	525	3
189	526	2
189	531	2
189	532	2
190	192	1
190	193	1
190	201	3
190	206	2
190	207	1
190	213	4
190	214	1
190	215	1
190	216	1
190	220	3
190	223	1
190	224	1
190	227	1
190	234	1
190	241	3
190	242	1
190	247	4
190	248	1
190	249	1
190	250	1
190	251	2
190	252	5
190	253	1
190	254	1
190	255	1
190	256	1
190	257	1
190	258	1
190	259	1
190	260	1
190	261	5
190	262	1
190	263	1
190	264	1
190	265	1
190	266	1
190	267	2
190	268	2
190	269	4
190	270	1
190	271	1
190	272	1
190	273	1
190	274	3
190	279	1
190	280	1
190	287	1
190	290	1
190	292	1
190	295	1
190	297	2
190	299	1
190	301	2
190	302	2
190	303	1
190	304	3
190	306	3
190	307	1
190	309	2
190	310	2
190	313	4
190	314	4
190	315	4
190	316	2
190	317	3
190	318	1
190	328	1
190	330	2
190	338	2
190	339	3
190	340	3
190	341	1
190	342	1
190	343	1
190	344	1
190	345	1
190	352	1
190	353	4
190	354	4
190	355	1
190	356	2
190	357	2
190	358	2
190	359	1
190	360	1
190	361	1
190	362	1
190	363	1
190	364	1
190	365	2
190	369	1
190	370	1
190	375	3
190	376	3
190	377	1
190	378	1
190	379	1
190	380	1
190	399	2
190	400	2
190	401	2
190	404	2
190	407	1
190	411	1
190	412	1
190	413	1
190	414	2
190	415	2
190	416	2
190	418	2
190	419	2
190	420	2
190	421	2
190	422	2
190	425	3
190	426	3
190	427	3
190	436	1
190	437	1
190	438	1
190	439	1
190	444	1
190	446	1
190	459	1
190	460	1
190	471	1
190	472	2
190	479	1
190	480	1
190	483	1
190	484	1
190	493	3
190	494	2
190	507	3
190	512	1
190	513	1
190	518	1
190	519	2
190	524	1
190	525	1
190	526	1
190	531	1
190	532	1
191	201	1
191	206	1
191	212	1
191	221	1
191	237	1
191	238	1
191	239	1
191	240	1
191	241	1
191	242	1
191	247	1
191	270	1
191	278	1
191	290	1
191	305	1
191	313	2
191	314	1
191	315	1
191	373	1
191	374	1
191	383	1
191	384	1
191	410	1
191	454	1
191	459	1
191	460	1
191	493	1
191	497	1
191	507	1
191	531	1
191	532	1
192	193	52
192	201	2
192	202	1
192	203	2
192	207	1
192	218	1
192	219	1
192	221	1
192	230	1
192	231	1
192	237	1
192	238	1
192	239	1
192	240	1
192	241	1
192	242	1
192	251	1
192	252	1
192	267	1
192	268	1
192	269	1
192	271	2
192	272	2
192	277	1
192	278	1
192	279	1
192	280	1
192	284	2
192	289	1
192	290	2
192	293	1
192	294	1
192	295	1
192	297	1
192	300	1
192	305	1
192	307	1
192	309	1
192	321	1
192	330	2
192	339	1
192	340	1
192	341	1
192	342	1
192	343	1
192	344	1
192	345	1
192	352	2
192	366	1
192	372	2
192	375	2
192	376	2
192	389	1
192	399	1
192	400	1
192	404	1
192	414	2
192	415	2
192	416	2
192	423	1
192	429	1
192	430	1
192	459	1
192	460	1
192	484	1
192	494	1
192	496	1
192	503	1
192	505	1
192	507	1
192	524	1
193	201	2
193	202	2
193	203	3
193	207	1
193	218	1
193	219	1
193	221	1
193	230	1
193	231	1
193	237	1
193	238	1
193	239	1
193	240	1
193	241	1
193	242	1
193	249	1
193	251	1
193	252	2
193	267	1
193	268	1
193	269	1
193	271	2
193	272	2
193	277	2
193	278	2
193	279	1
193	280	1
193	284	2
193	289	1
193	290	3
193	293	1
193	294	2
193	295	1
193	297	1
193	300	1
193	305	1
193	307	2
193	309	1
193	321	1
193	330	2
193	339	1
193	340	1
193	341	1
193	342	1
193	343	1
193	344	1
193	345	1
193	352	2
193	366	1
193	372	2
193	375	2
193	376	2
193	389	1
193	399	1
193	400	1
193	404	1
193	408	17
193	409	17
193	414	2
193	415	2
193	416	2
193	423	1
193	429	2
193	430	2
193	459	1
193	460	1
193	484	1
193	494	1
193	496	1
193	503	1
193	505	1
193	507	2
193	523	1
193	524	1
194	195	29
194	196	29
194	201	2
194	202	1
194	203	1
194	206	1
194	207	1
194	211	1
194	212	1
194	213	1
194	214	1
194	215	1
194	221	1
194	227	1
194	232	1
194	233	1
194	234	1
194	235	1
194	236	1
194	237	1
194	238	1
194	239	1
194	240	1
194	241	1
194	247	2
194	248	2
194	251	1
194	252	3
194	261	1
194	264	2
194	267	1
194	268	1
194	269	2
194	270	1
194	271	1
194	272	1
194	274	1
194	277	1
194	279	1
194	280	1
194	292	1
194	293	1
194	295	1
194	297	1
194	299	1
194	301	1
194	302	1
194	303	1
194	304	3
194	306	1
194	313	2
194	314	2
194	315	2
194	316	1
194	317	1
194	318	2
194	320	1
194	324	1
194	327	1
194	328	1
194	330	1
194	338	1
194	339	1
194	340	1
194	355	1
194	356	1
194	357	1
194	358	1
194	365	2
194	371	1
194	375	1
194	376	1
194	377	1
194	378	1
194	379	1
194	380	1
194	397	2
194	398	2
194	401	1
194	402	1
194	403	1
194	404	1
194	410	1
194	412	1
194	418	1
194	419	1
194	420	1
194	421	1
194	422	1
194	436	1
194	437	1
194	438	1
194	442	1
194	443	1
194	445	1
194	452	1
194	455	1
194	456	1
194	457	1
194	458	1
194	459	1
194	460	1
194	469	1
194	470	1
194	489	1
194	490	1
194	491	1
194	492	1
194	493	1
194	494	1
194	507	1
194	510	1
194	511	1
194	513	1
194	519	2
194	521	1
194	525	1
194	531	1
194	532	1
195	196	29
195	201	2
195	202	1
195	203	1
195	206	1
195	207	1
195	211	1
195	212	1
195	213	1
195	214	1
195	215	1
195	221	1
195	227	1
195	232	1
195	233	1
195	234	1
195	235	1
195	236	1
195	237	1
195	238	1
195	239	1
195	240	1
195	241	1
195	247	2
195	248	2
195	251	1
195	252	3
195	261	1
195	264	2
195	267	1
195	268	1
195	269	2
195	270	1
195	271	1
195	272	1
195	274	1
195	277	1
195	279	1
195	280	1
195	292	1
195	293	1
195	295	1
195	297	1
195	299	1
195	301	1
195	302	1
195	303	1
195	304	3
195	306	1
195	313	2
195	314	2
195	315	2
195	316	1
195	317	1
195	318	2
195	320	1
195	324	1
195	327	1
195	328	1
195	330	1
195	338	1
195	339	1
195	340	1
195	355	1
195	356	1
195	357	1
195	358	1
195	365	2
195	371	1
195	375	1
195	376	1
195	377	1
195	378	1
195	379	1
195	380	1
195	397	2
195	398	2
195	401	1
195	402	1
195	403	1
195	404	1
195	410	1
195	412	1
195	418	1
195	419	1
195	420	1
195	421	1
195	422	1
195	436	1
195	437	1
195	438	1
195	442	1
195	443	1
195	445	1
195	452	1
195	455	1
195	456	1
195	457	1
195	458	1
195	459	1
195	460	1
195	469	1
195	470	1
195	489	1
195	490	1
195	491	1
195	492	1
195	493	1
195	494	1
195	507	1
195	510	1
195	511	1
195	513	1
195	519	2
195	521	1
195	525	1
195	531	1
195	532	1
196	201	2
196	202	1
196	203	1
196	206	1
196	207	1
196	211	1
196	212	1
196	213	1
196	214	1
196	215	1
196	221	1
196	227	1
196	232	1
196	233	1
196	234	1
196	235	1
196	236	1
196	237	1
196	238	1
196	239	1
196	240	1
196	241	1
196	247	2
196	248	2
196	251	1
196	252	3
196	261	1
196	264	2
196	267	1
196	268	1
196	269	2
196	270	1
196	271	1
196	272	1
196	274	1
196	277	1
196	279	1
196	280	1
196	292	1
196	293	1
196	295	1
196	297	1
196	299	1
196	301	1
196	302	1
196	303	1
196	304	3
196	306	1
196	313	2
196	314	2
196	315	2
196	316	1
196	317	1
196	318	2
196	320	1
196	324	1
196	327	1
196	328	1
196	330	1
196	338	1
196	339	1
196	340	1
196	355	1
196	356	1
196	357	1
196	358	1
196	365	2
196	371	1
196	375	1
196	376	1
196	377	1
196	378	1
196	379	1
196	380	1
196	397	2
196	398	2
196	401	1
196	402	1
196	403	1
196	404	1
196	410	1
196	412	1
196	418	1
196	419	1
196	420	1
196	421	1
196	422	1
196	436	1
196	437	1
196	438	1
196	442	1
196	443	1
196	445	1
196	452	1
196	455	1
196	456	1
196	457	1
196	458	1
196	459	1
196	460	1
196	469	1
196	470	1
196	489	1
196	490	1
196	491	1
196	492	1
196	493	1
196	494	1
196	507	1
196	510	1
196	511	1
196	513	1
196	519	2
196	521	1
196	525	1
196	531	1
196	532	1
197	198	30
197	199	30
197	200	30
197	201	1
197	219	1
197	221	1
197	234	1
197	237	1
197	238	1
197	239	1
197	240	1
197	241	1
197	242	1
197	243	1
197	247	2
197	248	1
197	267	1
197	268	1
197	271	1
197	272	1
197	281	1
197	282	1
197	283	1
197	289	1
197	313	1
197	314	1
197	315	1
197	366	1
197	373	1
197	374	1
197	389	1
197	405	1
197	419	1
197	431	1
197	444	1
197	461	1
197	462	1
197	463	1
197	464	1
197	466	1
197	501	1
197	502	1
197	505	1
197	506	1
197	520	2
198	199	30
198	200	30
198	201	1
198	219	1
198	221	1
198	234	1
198	237	1
198	238	1
198	239	1
198	240	1
198	241	1
198	242	1
198	243	1
198	247	2
198	248	1
198	267	1
198	268	1
198	271	1
198	272	1
198	281	1
198	282	1
198	283	1
198	289	1
198	313	1
198	314	1
198	315	1
198	366	1
198	373	1
198	374	1
198	389	1
198	405	1
198	419	1
198	431	1
198	444	1
198	461	1
198	462	1
198	463	1
198	464	1
198	466	1
198	501	1
198	502	1
198	505	1
198	506	1
198	520	2
199	200	30
199	201	1
199	219	1
199	221	1
199	234	1
199	237	1
199	238	1
199	239	1
199	240	1
199	241	1
199	242	1
199	243	1
199	247	2
199	248	1
199	267	1
199	268	1
199	271	1
199	272	1
199	281	1
199	282	1
199	283	1
199	289	1
199	313	1
199	314	1
199	315	1
199	366	1
199	373	1
199	374	1
199	389	1
199	405	1
199	419	1
199	431	1
199	444	1
199	461	1
199	462	1
199	463	1
199	464	1
199	466	1
199	501	1
199	502	1
199	505	1
199	506	1
199	520	2
200	201	1
200	219	1
200	221	1
200	234	1
200	237	1
200	238	1
200	239	1
200	240	1
200	241	1
200	242	1
200	243	1
200	247	2
200	248	1
200	267	1
200	268	1
200	271	1
200	272	1
200	281	1
200	282	1
200	283	1
200	289	1
200	313	1
200	314	1
200	315	1
200	366	1
200	373	1
200	374	1
200	389	1
200	405	1
200	419	1
200	431	1
200	444	1
200	461	1
200	462	1
200	463	1
200	464	1
200	466	1
200	501	1
200	502	1
200	505	1
200	506	1
200	520	2
201	202	4
201	203	4
201	205	2
201	206	6
201	207	4
201	209	2
201	211	3
201	212	5
201	213	5
201	214	4
201	215	4
201	216	2
201	218	2
201	219	2
201	220	1
201	221	70
201	223	2
201	224	1
201	225	1
201	227	1
201	232	1
201	233	1
201	234	4
201	235	1
201	236	1
201	237	70
201	238	70
201	239	70
201	240	70
201	241	10
201	242	6
201	243	2
201	245	1
201	246	1
201	247	9
201	248	7
201	249	2
201	250	2
201	251	3
201	252	8
201	253	1
201	254	1
201	255	1
201	256	1
201	257	1
201	258	1
201	259	1
201	260	1
201	261	5
201	262	1
201	263	1
201	264	2
201	265	3
201	266	3
201	267	5
201	268	5
201	269	4
201	270	6
201	271	5
201	272	5
201	273	2
201	274	4
201	275	4
201	276	4
201	277	2
201	278	5
201	279	2
201	280	2
201	281	1
201	282	1
201	283	1
201	284	1
201	289	1
201	290	3
201	293	2
201	294	4
201	295	5
201	296	3
201	297	3
201	298	2
201	299	2
201	300	1
201	301	1
201	302	6
201	303	3
201	305	3
201	306	5
201	307	2
201	309	2
201	310	7
201	311	1
201	313	6
201	314	5
201	315	5
201	316	4
201	317	5
201	318	5
201	320	1
201	324	3
201	327	1
201	328	3
201	330	3
201	333	2
201	338	5
201	339	4
201	340	4
201	346	1
201	347	1
201	348	1
201	353	3
201	354	3
201	355	3
201	356	4
201	357	4
201	358	4
201	364	2
201	365	4
201	366	2
201	367	2
201	368	2
201	369	2
201	370	2
201	371	3
201	372	1
201	373	3
201	374	3
201	375	4
201	376	4
201	377	5
201	378	5
201	379	5
201	380	5
201	383	1
201	384	1
201	385	2
201	386	2
201	387	2
201	388	2
201	389	4
201	390	2
201	397	2
201	398	2
201	399	1
201	400	1
201	401	2
201	404	6
201	406	1
201	410	2
201	411	1
201	412	6
201	413	1
201	414	1
201	415	1
201	416	1
201	418	2
201	419	3
201	420	2
201	421	2
201	422	2
201	423	1
201	425	2
201	426	2
201	427	2
201	432	1
201	433	1
201	434	1
201	435	1
201	436	1
201	437	1
201	438	1
201	440	1
201	441	1
201	442	2
201	443	7
201	445	1
201	447	2
201	448	1
201	449	1
201	452	1
201	454	1
201	455	3
201	456	3
201	457	3
201	458	3
201	459	3
201	460	3
201	469	2
201	472	2
201	473	2
201	474	2
201	475	3
201	476	3
201	477	3
201	484	1
201	489	1
201	490	4
201	491	4
201	492	4
201	493	2
201	494	3
201	496	1
201	497	2
201	499	1
201	500	1
201	501	1
201	502	1
201	505	2
201	506	1
201	507	5
201	510	3
201	511	3
201	512	1
201	513	3
201	518	4
201	519	4
201	520	1
201	521	1
201	524	1
201	525	6
201	526	1
201	531	1
201	532	1
202	203	70
202	206	5
202	207	1
202	209	1
202	211	3
202	212	3
202	213	5
202	214	4
202	215	3
202	218	1
202	219	1
202	220	1
202	221	2
202	227	2
202	232	1
202	233	1
202	234	1
202	235	1
202	236	3
202	237	1
202	238	1
202	239	1
202	240	1
202	241	4
202	242	2
202	247	5
202	248	4
202	249	1
202	251	1
202	252	5
202	261	2
202	264	1
202	267	3
202	268	3
202	269	3
202	270	3
202	271	1
202	272	1
202	274	2
202	277	15
202	278	4
202	279	1
202	280	1
202	284	1
202	285	1
202	286	1
202	287	1
202	292	1
202	293	13
202	294	3
202	295	6
202	297	2
202	299	1
202	301	3
202	302	3
202	303	2
202	305	1
202	306	4
202	307	1
202	309	2
202	311	1
202	312	2
202	313	2
202	314	2
202	315	2
202	316	3
202	317	3
202	318	3
202	320	2
202	324	2
202	327	2
202	328	1
202	330	1
202	333	1
202	338	4
202	339	3
202	340	3
202	341	1
202	342	1
202	343	1
202	344	1
202	345	1
202	349	1
202	350	1
202	351	1
202	352	2
202	353	2
202	354	2
202	355	1
202	356	2
202	357	3
202	365	3
202	367	1
202	368	1
202	371	2
202	373	1
202	374	1
202	375	2
202	376	2
202	377	2
202	378	2
202	379	2
202	380	2
202	389	2
202	397	1
202	398	1
202	401	1
202	404	1
202	408	1
202	409	1
202	410	2
202	412	1
202	418	1
202	419	1
202	420	1
202	421	1
202	422	1
202	425	2
202	426	2
202	427	2
202	429	1
202	430	1
202	436	2
202	437	2
202	438	2
202	442	1
202	443	4
202	445	1
202	448	1
202	452	1
202	455	4
202	456	4
202	457	4
202	458	4
202	459	2
202	460	2
202	469	1
202	470	2
202	472	1
202	475	1
202	476	1
202	477	1
202	479	2
202	482	1
202	489	2
202	490	3
202	491	3
202	492	3
202	493	1
202	494	1
202	499	1
202	503	2
202	507	2
202	510	1
202	511	1
202	513	1
202	516	1
202	518	1
202	519	2
202	521	2
202	523	1
202	525	4
203	205	1
203	206	5
203	207	2
203	209	1
203	211	4
203	212	4
203	213	6
203	214	4
203	215	3
203	218	1
203	219	1
203	220	2
203	221	3
203	222	1
203	223	1
203	227	2
203	228	1
203	229	1
203	232	1
203	233	1
203	234	1
203	235	1
203	236	3
203	237	1
203	238	1
203	239	1
203	240	1
203	241	5
203	242	3
203	247	10
203	248	4
203	249	1
203	251	1
203	252	7
203	261	3
203	264	1
203	267	6
203	268	6
203	269	3
203	270	3
203	271	2
203	272	2
203	274	2
203	277	28
203	278	5
203	279	1
203	280	1
203	284	1
203	285	1
203	286	1
203	287	2
203	292	1
203	293	26
203	294	5
203	295	6
203	297	2
203	299	1
203	301	3
203	302	3
203	303	2
203	305	1
203	306	5
203	307	1
203	309	3
203	311	1
203	312	2
203	313	4
203	314	4
203	315	4
203	316	3
203	317	3
203	318	3
203	320	2
203	322	1
203	323	1
203	324	2
203	327	2
203	328	2
203	330	1
203	333	1
203	338	7
203	339	3
203	340	3
203	341	1
203	342	1
203	343	1
203	344	1
203	345	1
203	349	1
203	350	1
203	351	1
203	352	2
203	353	2
203	354	2
203	355	2
203	356	3
203	357	4
203	364	1
203	365	3
203	366	1
203	367	1
203	368	1
203	371	2
203	372	1
203	373	1
203	374	1
203	375	2
203	376	2
203	377	2
203	378	2
203	379	2
203	380	2
203	389	4
203	397	1
203	398	1
203	401	1
203	404	1
203	408	1
203	409	1
203	410	2
203	412	1
203	418	1
203	419	1
203	420	1
203	421	1
203	422	1
203	425	2
203	426	2
203	427	2
203	429	1
203	430	1
203	436	3
203	437	3
203	438	3
203	442	1
203	443	4
203	445	1
203	448	1
203	452	1
203	455	4
203	456	4
203	457	4
203	458	4
203	459	2
203	460	2
203	469	1
203	470	2
203	472	1
203	475	1
203	476	1
203	477	1
203	479	2
203	482	1
203	484	1
203	489	2
203	490	3
203	491	3
203	492	3
203	493	1
203	494	1
203	495	2
203	499	1
203	503	2
203	505	1
203	507	3
203	510	2
203	511	2
203	513	1
203	516	2
203	518	1
203	519	2
203	521	2
203	523	1
203	525	4
204	304	1
205	206	2
205	212	1
205	214	1
205	216	1
205	218	1
205	219	1
205	220	2
205	221	3
205	222	1
205	223	1
205	234	1
205	237	1
205	238	1
205	239	1
205	240	1
205	241	1
205	245	1
205	246	1
205	247	1
205	248	1
205	252	1
205	261	1
205	267	1
205	268	1
205	269	1
205	274	1
205	277	1
205	279	1
205	280	1
205	289	1
205	293	1
205	295	1
205	296	1
205	299	1
205	300	1
205	301	1
205	309	3
205	310	1
205	313	1
205	316	1
205	317	1
205	339	1
205	340	1
205	358	1
205	363	1
205	367	2
205	368	2
205	373	1
205	374	1
205	383	1
205	384	1
205	389	1
205	404	1
205	417	1
205	419	1
205	425	3
205	426	3
205	427	3
205	440	1
205	441	1
205	444	1
205	473	2
205	474	2
205	482	1
205	493	1
205	495	1
205	507	1
205	524	2
205	525	1
205	533	1
206	207	2
206	209	1
206	211	1
206	212	3
206	213	4
206	214	6
206	215	5
206	216	2
206	218	1
206	219	1
206	221	3
206	222	2
206	227	2
206	232	2
206	233	2
206	234	2
206	235	2
206	236	2
206	237	2
206	238	2
206	239	3
206	240	2
206	241	5
206	242	1
206	247	8
206	248	7
206	249	1
206	250	1
206	251	6
206	252	6
206	253	1
206	254	1
206	255	1
206	256	1
206	257	1
206	258	1
206	259	1
206	260	1
206	261	3
206	262	1
206	263	1
206	264	2
206	265	2
206	266	2
206	267	6
206	268	6
206	269	7
206	270	7
206	271	3
206	272	3
206	273	1
206	274	3
206	275	2
206	276	2
206	277	4
206	278	3
206	279	2
206	280	2
206	284	1
206	285	1
206	286	1
206	290	1
206	292	2
206	293	3
206	295	7
206	296	1
206	297	2
206	299	2
206	300	1
206	301	2
206	302	9
206	303	3
206	304	2
206	305	2
206	306	6
206	307	1
206	309	2
206	310	3
206	311	2
206	312	1
206	313	7
206	314	4
206	315	4
206	316	6
206	317	6
206	318	3
206	320	2
206	324	2
206	325	2
206	326	2
206	327	3
206	328	4
206	330	1
206	333	1
206	338	2
206	339	5
206	340	5
206	346	1
206	347	1
206	348	1
206	352	1
206	353	3
206	354	3
206	355	4
206	356	5
206	357	3
206	358	1
206	364	3
206	365	4
206	367	3
206	368	3
206	371	2
206	373	2
206	374	2
206	375	4
206	376	4
206	377	3
206	378	3
206	379	3
206	380	3
206	383	1
206	384	1
206	389	1
206	397	1
206	398	1
206	401	2
206	404	4
206	410	7
206	411	1
206	412	3
206	413	1
206	418	3
206	419	3
206	420	3
206	421	3
206	422	3
206	425	4
206	426	4
206	427	4
206	442	1
206	443	2
206	445	2
206	446	1
206	452	2
206	454	1
206	455	4
206	456	4
206	457	4
206	458	4
206	459	4
206	460	4
206	466	1
206	469	3
206	470	1
206	472	3
206	473	1
206	474	1
206	475	1
206	476	1
206	477	1
206	479	1
206	482	1
206	489	2
206	490	4
206	491	4
206	492	4
206	493	1
206	494	3
206	497	1
206	498	1
206	503	5
206	507	4
206	510	1
206	511	1
206	512	1
206	513	2
206	518	3
206	519	4
206	521	1
206	524	2
206	525	2
206	533	1
207	208	42
207	210	1
207	211	3
207	212	5
207	213	4
207	214	3
207	215	2
207	216	3
207	221	3
207	223	1
207	224	1
207	225	1
207	227	1
207	228	2
207	229	2
207	232	1
207	233	1
207	234	2
207	235	1
207	236	1
207	237	2
207	238	2
207	239	2
207	240	2
207	241	3
207	242	2
207	244	2
207	247	5
207	248	3
207	249	1
207	251	2
207	252	6
207	253	2
207	254	2
207	255	2
207	256	2
207	257	2
207	258	2
207	259	2
207	260	2
207	261	4
207	262	2
207	263	2
207	264	1
207	265	1
207	266	1
207	267	3
207	268	3
207	269	2
207	270	2
207	271	6
207	272	6
207	273	4
207	274	2
207	275	1
207	276	1
207	277	2
207	278	2
207	279	3
207	280	3
207	284	3
207	289	1
207	290	1
207	293	2
207	294	2
207	295	1
207	296	1
207	297	2
207	298	1
207	299	1
207	301	1
207	302	3
207	303	2
207	304	1
207	306	6
207	307	1
207	309	1
207	310	1
207	312	1
207	313	6
207	314	4
207	315	4
207	316	2
207	317	2
207	318	1
207	320	1
207	321	1
207	324	1
207	327	2
207	328	3
207	330	2
207	333	2
207	338	1
207	339	2
207	340	2
207	352	1
207	353	1
207	354	1
207	355	3
207	356	3
207	357	2
207	358	1
207	364	2
207	365	3
207	366	1
207	369	1
207	370	1
207	371	1
207	372	2
207	373	1
207	374	1
207	375	2
207	376	2
207	377	2
207	378	2
207	379	2
207	380	2
207	390	1
207	397	1
207	398	1
207	399	2
207	400	2
207	401	2
207	404	3
207	410	2
207	411	1
207	412	3
207	413	1
207	414	2
207	415	2
207	416	2
207	417	1
207	418	3
207	419	3
207	420	3
207	421	3
207	422	3
207	436	2
207	437	2
207	438	2
207	439	1
207	442	1
207	443	1
207	444	1
207	445	1
207	446	1
207	452	2
207	455	2
207	456	2
207	457	2
207	458	2
207	459	1
207	460	1
207	469	1
207	472	2
207	473	1
207	474	1
207	475	1
207	476	1
207	477	1
207	482	1
207	484	1
207	489	1
207	490	1
207	491	1
207	492	1
207	493	2
207	494	2
207	496	2
207	499	1
207	503	1
207	505	1
207	507	5
207	510	2
207	511	2
207	513	2
207	516	1
207	518	3
207	519	3
207	521	1
207	525	2
207	528	1
207	529	1
209	214	1
209	221	1
209	241	1
209	242	1
209	247	1
209	248	1
209	252	2
209	270	1
209	275	1
209	276	1
209	277	1
209	281	1
209	282	1
209	283	1
209	294	1
209	300	1
209	311	1
209	312	3
209	333	1
209	352	1
209	367	1
209	368	1
209	372	1
209	390	2
209	412	1
209	455	1
209	456	1
209	457	1
209	458	1
209	459	2
209	460	2
209	470	2
209	482	1
209	503	1
209	505	2
209	510	2
209	511	2
209	513	1
209	523	1
210	211	1
210	212	1
210	213	1
210	214	2
210	215	1
210	221	1
210	222	2
210	241	1
210	242	1
210	247	1
210	248	1
210	252	1
210	253	1
210	254	1
210	255	1
210	256	1
210	257	1
210	258	1
210	259	1
210	260	1
210	261	1
210	262	1
210	263	1
210	264	1
210	271	1
210	272	1
210	273	1
210	284	1
210	289	1
210	291	1
210	303	1
210	310	1
210	312	1
210	313	2
210	314	1
210	315	1
210	321	1
210	325	2
210	326	2
210	328	1
210	333	1
210	352	3
210	353	1
210	354	1
210	356	1
210	358	2
210	363	1
210	364	1
210	365	2
210	372	1
210	385	1
210	386	1
210	387	1
210	388	1
210	399	1
210	400	1
210	404	1
210	405	2
210	410	2
210	414	1
210	415	1
210	416	1
210	439	1
210	447	1
210	454	1
210	481	2
210	482	1
210	484	1
210	485	1
210	486	1
210	499	1
210	507	1
210	518	2
210	519	2
210	528	1
210	529	1
210	533	1
211	212	47
211	213	47
211	214	2
211	215	2
211	221	1
211	227	1
211	228	1
211	229	1
211	232	1
211	233	1
211	234	1
211	235	1
211	236	2
211	237	1
211	238	1
211	239	1
211	240	1
211	241	5
211	242	2
211	243	1
211	247	3
211	248	2
211	251	2
211	252	6
211	253	1
211	254	1
211	255	1
211	256	1
211	257	1
211	258	1
211	259	1
211	260	1
211	261	2
211	262	1
211	263	1
211	264	1
211	267	2
211	268	2
211	269	1
211	270	1
211	271	3
211	272	3
211	273	1
211	274	1
211	277	2
211	278	6
211	279	1
211	280	1
211	284	2
211	293	2
211	294	3
211	295	2
211	297	1
211	299	1
211	301	2
211	302	1
211	303	3
211	305	1
211	306	3
211	309	2
211	311	1
211	312	1
211	313	2
211	314	1
211	315	1
211	316	2
211	317	2
211	318	2
211	320	1
211	324	1
211	327	1
211	328	2
211	330	1
211	333	11
211	338	2
211	339	1
211	340	1
211	346	1
211	347	1
211	348	1
211	352	1
211	355	1
211	356	1
211	357	2
211	364	1
211	365	3
211	366	2
211	371	1
211	372	1
211	375	1
211	376	1
211	377	3
211	378	3
211	379	3
211	380	3
211	389	2
211	397	1
211	398	1
211	399	2
211	400	2
211	401	1
211	404	1
211	410	2
211	412	1
211	414	1
211	415	1
211	416	1
211	418	1
211	419	1
211	420	1
211	421	1
211	422	1
211	425	1
211	426	1
211	427	1
211	436	2
211	437	2
211	438	2
211	439	1
211	442	1
211	443	1
211	445	1
211	447	1
211	448	1
211	452	1
211	455	1
211	456	1
211	457	1
211	458	1
211	459	1
211	460	1
211	469	1
211	481	1
211	484	1
211	489	1
211	490	1
211	491	1
211	492	1
211	493	1
211	494	1
211	499	1
211	501	1
211	502	1
211	505	1
211	507	4
211	510	4
211	511	4
211	513	2
211	516	1
211	518	3
211	519	3
211	521	1
211	525	1
211	528	1
211	529	1
211	531	1
211	532	1
212	213	48
212	214	2
212	215	2
212	216	1
212	221	3
212	223	1
212	224	1
212	225	1
212	226	1
212	227	1
212	228	1
212	229	1
212	232	1
212	233	1
212	234	2
212	235	1
212	236	2
212	237	3
212	238	3
212	239	3
212	240	3
212	241	9
212	242	5
212	243	3
212	247	6
212	248	5
212	249	1
212	250	1
212	251	4
212	252	7
212	253	2
212	254	2
212	255	2
212	256	2
212	257	2
212	258	2
212	259	2
212	260	2
212	261	3
212	262	2
212	263	2
212	264	2
212	267	2
212	268	2
212	269	2
212	270	3
212	271	4
212	272	4
212	273	2
212	274	1
212	277	2
212	278	8
212	279	2
212	280	2
212	284	2
212	290	1
212	293	2
212	294	3
212	295	2
212	296	1
212	297	2
212	298	1
212	299	1
212	301	2
212	302	2
212	303	5
212	304	1
212	305	2
212	306	4
212	309	2
212	311	1
212	312	1
212	313	50
212	314	3
212	315	3
212	316	4
212	317	4
212	318	2
212	320	1
212	324	1
212	327	1
212	328	2
212	330	2
212	333	13
212	338	2
212	339	2
212	340	2
212	341	1
212	342	1
212	343	1
212	344	1
212	345	1
212	346	1
212	347	1
212	348	1
212	352	1
212	353	1
212	354	1
212	355	3
212	356	1
212	357	2
212	358	1
212	364	1
212	365	4
212	366	2
212	369	1
212	370	1
212	371	1
212	372	1
212	373	1
212	374	1
212	375	1
212	376	1
212	377	4
212	378	4
212	379	4
212	380	4
212	383	1
212	384	1
212	389	2
212	390	1
212	397	1
212	398	1
212	399	3
212	400	3
212	401	2
212	404	2
212	410	4
212	412	2
212	414	2
212	415	2
212	416	2
212	418	2
212	419	5
212	420	2
212	421	2
212	422	2
212	425	4
212	426	4
212	427	4
212	436	3
212	437	3
212	438	3
212	439	1
212	442	1
212	443	1
212	444	4
212	445	1
212	446	1
212	447	2
212	448	1
212	452	2
212	454	1
212	455	2
212	456	2
212	457	2
212	458	2
212	459	2
212	460	2
212	469	1
212	473	2
212	474	2
212	481	1
212	484	1
212	489	1
212	490	2
212	491	2
212	492	2
212	493	2
212	494	4
212	496	1
212	497	1
212	499	1
212	501	1
212	502	1
212	503	1
212	505	1
212	507	5
212	510	4
212	511	4
212	513	3
212	516	1
212	518	4
212	519	4
212	521	1
212	525	2
212	528	1
212	529	1
212	531	1
212	532	1
213	214	4
213	215	4
213	216	1
213	221	1
213	223	1
213	224	1
213	227	1
213	228	1
213	229	1
213	232	1
213	233	1
213	234	1
213	235	1
213	236	2
213	237	1
213	238	1
213	239	1
213	240	1
213	241	7
213	242	2
213	243	1
213	247	7
213	248	4
213	251	4
213	252	8
213	253	2
213	254	2
213	255	2
213	256	2
213	257	2
213	258	2
213	259	2
213	260	2
213	261	4
213	262	2
213	263	2
213	264	3
213	265	2
213	266	2
213	267	3
213	268	3
213	269	4
213	270	4
213	271	4
213	272	4
213	273	2
213	274	2
213	275	1
213	276	1
213	277	3
213	278	7
213	279	2
213	280	2
213	284	2
213	287	1
213	290	1
213	293	3
213	294	3
213	295	2
213	297	1
213	299	1
213	301	2
213	302	4
213	303	3
213	305	1
213	306	7
213	309	4
213	310	2
213	311	1
213	312	2
213	313	6
213	314	5
213	315	5
213	316	4
213	317	4
213	318	3
213	320	1
213	324	1
213	327	1
213	328	4
213	330	1
213	333	12
213	338	3
213	339	3
213	340	3
213	346	1
213	347	1
213	348	1
213	352	2
213	353	2
213	354	2
213	355	3
213	356	4
213	357	3
213	359	1
213	360	1
213	361	1
213	362	1
213	363	1
213	364	3
213	365	6
213	366	2
213	369	1
213	370	1
213	371	1
213	372	1
213	373	1
213	374	1
213	375	2
213	376	2
213	377	3
213	378	3
213	379	3
213	380	3
213	385	1
213	386	1
213	387	1
213	388	1
213	389	2
213	397	1
213	398	1
213	399	2
213	400	2
213	401	2
213	404	2
213	410	3
213	411	1
213	412	3
213	413	1
213	414	2
213	415	2
213	416	2
213	418	2
213	419	2
213	420	2
213	421	2
213	422	2
213	425	4
213	426	4
213	427	4
213	436	2
213	437	2
213	438	2
213	439	1
213	442	1
213	443	1
213	445	1
213	446	2
213	447	1
213	448	1
213	452	2
213	455	1
213	456	1
213	457	1
213	458	1
213	459	1
213	460	1
213	469	1
213	472	2
213	473	1
213	474	1
213	481	1
213	484	1
213	489	1
213	490	3
213	491	3
213	492	3
213	493	1
213	494	3
213	499	2
213	501	1
213	502	1
213	503	1
213	505	1
213	507	6
213	510	4
213	511	4
213	513	3
213	516	1
213	518	5
213	519	6
213	521	1
213	525	2
213	528	1
213	529	1
213	531	1
213	532	1
214	215	67
214	216	4
214	217	2
214	220	1
214	221	46
214	224	1
214	227	2
214	232	1
214	233	1
214	234	2
214	235	1
214	236	1
214	237	1
214	238	1
214	239	1
214	240	1
214	241	4
214	242	1
214	243	1
214	247	5
214	248	3
214	251	5
214	252	5
214	253	1
214	254	1
214	255	1
214	256	1
214	257	1
214	258	1
214	259	1
214	260	1
214	261	4
214	262	1
214	263	1
214	264	2
214	265	2
214	266	2
214	267	3
214	268	3
214	269	3
214	270	3
214	271	4
214	272	4
214	273	3
214	274	3
214	275	2
214	276	2
214	277	4
214	278	1
214	279	2
214	280	2
214	287	1
214	289	1
214	292	2
214	293	3
214	294	1
214	295	7
214	297	2
214	299	2
214	301	2
214	302	5
214	303	1
214	306	6
214	309	1
214	310	2
214	311	1
214	312	1
214	313	6
214	314	4
214	315	4
214	316	1
214	317	1
214	318	3
214	320	1
214	321	1
214	324	2
214	327	1
214	328	3
214	330	2
214	333	1
214	338	3
214	339	2
214	340	2
214	349	1
214	350	1
214	351	1
214	352	2
214	353	1
214	354	1
214	355	2
214	356	2
214	357	4
214	363	1
214	364	2
214	365	2
214	367	2
214	368	2
214	370	1
214	371	1
214	372	1
214	373	2
214	374	2
214	375	3
214	376	3
214	377	1
214	378	1
214	379	1
214	380	1
214	389	1
214	397	1
214	398	1
214	399	1
214	400	1
214	401	3
214	404	5
214	407	1
214	410	1
214	411	2
214	412	4
214	413	2
214	414	1
214	415	1
214	416	1
214	418	2
214	419	4
214	420	2
214	421	2
214	422	2
214	431	2
214	436	1
214	437	1
214	438	1
214	442	1
214	443	1
214	444	2
214	445	1
214	452	1
214	455	3
214	456	3
214	457	3
214	458	3
214	459	1
214	460	1
214	469	3
214	470	1
214	471	1
214	472	2
214	473	1
214	474	1
214	479	1
214	480	1
214	482	45
214	483	1
214	489	1
214	490	3
214	491	3
214	492	3
214	493	2
214	494	1
214	495	1
214	499	2
214	503	1
214	507	2
214	510	2
214	511	2
214	513	3
214	518	2
214	519	2
214	521	1
214	522	1
214	524	2
214	525	1
214	526	1
214	528	1
214	529	1
214	531	1
214	532	1
215	216	2
215	221	1
215	227	2
215	232	1
215	233	1
215	234	1
215	235	1
215	236	1
215	237	1
215	238	1
215	239	1
215	240	1
215	241	2
215	243	1
215	247	2
215	248	1
215	251	4
215	252	4
215	261	3
215	264	1
215	265	1
215	266	1
215	267	3
215	268	3
215	269	2
215	270	2
215	271	2
215	272	2
215	273	1
215	274	3
215	275	2
215	276	2
215	277	3
215	279	2
215	280	2
215	292	1
215	293	3
215	295	5
215	297	1
215	299	2
215	301	2
215	302	3
215	303	1
215	306	4
215	309	1
215	310	1
215	313	4
215	314	2
215	315	2
215	316	1
215	317	1
215	318	3
215	320	1
215	321	1
215	324	1
215	327	1
215	328	2
215	330	2
215	333	1
215	338	2
215	339	2
215	340	2
215	353	1
215	354	1
215	355	2
215	356	1
215	357	4
215	364	1
215	365	2
215	367	1
215	368	1
215	371	1
215	373	1
215	374	1
215	375	3
215	376	3
215	377	1
215	378	1
215	379	1
215	380	1
215	389	1
215	397	1
215	398	1
215	401	3
215	404	4
215	407	1
215	410	1
215	411	2
215	412	3
215	413	2
215	418	2
215	419	3
215	420	2
215	421	2
215	422	2
215	436	1
215	437	1
215	438	1
215	442	1
215	443	1
215	444	1
215	445	1
215	452	1
215	455	2
215	456	2
215	457	2
215	458	2
215	459	1
215	460	1
215	469	3
215	472	2
215	479	1
215	480	1
215	489	1
215	490	3
215	491	3
215	492	3
215	493	1
215	494	1
215	495	1
215	499	2
215	507	2
215	510	2
215	511	2
215	513	2
215	518	1
215	519	2
215	521	1
215	524	1
215	525	1
215	526	1
215	531	1
215	532	1
216	217	73
216	221	3
216	223	1
216	224	1
216	225	1
216	227	1
216	234	2
216	237	1
216	238	1
216	239	1
216	240	1
216	241	2
216	242	2
216	247	3
216	248	2
216	249	1
216	251	2
216	252	6
216	261	2
216	265	1
216	266	1
216	267	4
216	268	4
216	269	1
216	270	1
216	271	3
216	272	3
216	273	3
216	274	2
216	278	1
216	279	2
216	280	2
216	296	1
216	297	1
216	298	1
216	299	2
216	302	1
216	303	1
216	305	1
216	306	1
216	309	1
216	310	2
216	313	4
216	314	3
216	315	3
216	316	1
216	317	1
216	322	1
216	323	1
216	328	1
216	330	2
216	333	1
216	339	1
216	340	1
216	352	2
216	355	2
216	356	1
216	357	2
216	358	1
216	364	1
216	365	1
216	367	1
216	368	1
216	369	1
216	370	1
216	372	2
216	375	1
216	376	1
216	377	1
216	378	1
216	379	1
216	380	1
216	385	1
216	386	1
216	387	1
216	388	1
216	390	1
216	399	3
216	400	3
216	401	1
216	404	3
216	407	1
216	411	1
216	412	2
216	413	1
216	414	1
216	415	1
216	416	1
216	418	2
216	419	3
216	420	2
216	421	2
216	422	2
216	431	1
216	436	1
216	437	1
216	438	1
216	444	1
216	452	1
216	455	1
216	456	1
216	457	1
216	458	1
216	470	1
216	472	2
216	473	1
216	474	1
216	481	1
216	482	2
216	493	1
216	494	1
216	496	1
216	507	1
216	518	1
216	519	1
216	525	1
216	531	1
216	532	1
216	533	3
217	221	2
217	241	1
217	242	1
217	251	1
217	252	1
217	278	1
217	279	1
217	280	1
217	305	1
217	310	1
217	352	2
217	367	1
217	368	1
217	385	1
217	386	1
217	387	1
217	388	1
217	399	1
217	400	1
217	470	1
217	472	1
217	481	1
217	482	2
217	533	1
218	219	101
218	223	1
218	224	1
218	227	1
218	230	2
218	231	2
218	239	1
218	251	1
218	252	3
218	267	1
218	268	1
218	278	1
218	287	2
218	294	1
218	295	2
218	298	1
218	305	1
218	306	1
218	309	1
218	311	1
218	316	1
218	317	1
218	319	19
218	321	1
218	346	1
218	347	1
218	348	1
218	352	3
218	356	1
218	369	1
218	370	1
218	372	2
218	373	3
218	374	3
218	389	1
218	412	1
218	417	2
218	436	1
218	437	1
218	438	1
218	503	1
218	507	1
218	513	1
218	523	1
219	223	1
219	227	1
219	230	2
219	231	2
219	235	1
219	239	1
219	241	1
219	242	1
219	251	1
219	252	2
219	267	1
219	268	1
219	278	1
219	287	2
219	294	1
219	295	2
219	305	1
219	306	1
219	309	1
219	316	1
219	317	1
219	321	1
219	352	3
219	369	1
219	370	1
219	372	1
219	373	2
219	374	2
219	389	2
219	412	1
219	417	2
219	419	1
219	436	1
219	437	1
219	438	1
219	444	1
219	447	1
219	461	27
219	462	27
219	463	27
219	464	27
219	470	1
219	501	1
219	502	1
219	503	1
219	507	2
219	513	1
219	523	1
220	221	39
220	222	38
220	223	39
220	224	2
220	227	1
220	241	2
220	242	2
220	247	2
220	248	1
220	250	1
220	251	2
220	252	6
220	253	2
220	254	2
220	255	2
220	256	2
220	257	2
220	258	2
220	259	2
220	260	2
220	261	24
220	262	2
220	263	2
220	264	1
220	267	1
220	268	1
220	269	2
220	271	1
220	272	1
220	273	1
220	274	2
220	277	1
220	287	1
220	289	1
220	292	1
220	293	1
220	294	1
220	295	5
220	296	1
220	297	2
220	299	2
220	300	1
220	301	1
220	302	1
220	304	2
220	306	2
220	309	1
220	313	2
220	314	2
220	315	2
220	316	1
220	317	1
220	318	1
220	324	1
220	327	1
220	328	1
220	338	4
220	339	1
220	340	1
220	341	1
220	342	1
220	343	1
220	344	1
220	345	1
220	349	1
220	350	1
220	351	1
220	356	2
220	357	1
220	358	1
220	364	1
220	365	1
220	369	1
220	370	1
220	383	1
220	384	1
220	389	1
220	401	2
220	404	2
220	407	2
220	417	2
220	425	1
220	426	1
220	427	1
220	431	1
220	436	1
220	437	1
220	438	1
220	439	1
220	443	2
220	459	2
220	460	2
220	465	1
220	471	2
220	472	1
220	479	1
220	480	1
220	482	1
220	483	2
220	485	1
220	486	1
220	490	1
220	491	1
220	492	1
220	493	1
220	494	1
220	495	1
220	507	3
220	508	1
220	513	1
220	518	1
220	519	1
220	523	1
220	524	4
220	525	5
220	531	1
220	532	1
221	222	38
221	223	39
221	224	2
221	225	1
221	227	1
221	232	1
221	233	1
221	234	4
221	235	1
221	236	1
221	237	70
221	238	70
221	239	70
221	240	70
221	241	5
221	242	3
221	243	1
221	245	1
221	246	1
221	247	6
221	248	5
221	249	2
221	250	1
221	251	2
221	252	4
221	253	1
221	254	1
221	255	1
221	256	1
221	257	1
221	258	1
221	259	1
221	260	1
221	261	3
221	262	1
221	263	1
221	264	2
221	265	1
221	266	1
221	267	2
221	268	2
221	269	3
221	270	4
221	271	4
221	272	4
221	273	3
221	274	3
221	277	3
221	278	2
221	279	1
221	280	1
221	281	1
221	282	1
221	283	1
221	287	1
221	289	3
221	290	1
221	292	1
221	293	2
221	294	2
221	295	3
221	296	2
221	297	5
221	298	2
221	299	1
221	300	1
221	301	1
221	302	3
221	303	2
221	305	1
221	306	4
221	309	1
221	310	2
221	311	1
221	312	1
221	313	6
221	314	5
221	315	5
221	316	2
221	317	2
221	318	1
221	320	1
221	324	3
221	327	2
221	328	3
221	330	3
221	333	1
221	338	2
221	339	2
221	340	2
221	341	1
221	342	1
221	343	1
221	344	1
221	345	1
221	349	1
221	350	1
221	351	1
221	352	2
221	355	2
221	356	2
221	357	1
221	358	2
221	363	1
221	364	2
221	365	1
221	366	1
221	367	2
221	368	2
221	369	1
221	370	2
221	371	1
221	372	1
221	373	4
221	374	4
221	375	2
221	376	2
221	377	2
221	378	2
221	379	2
221	380	2
221	383	2
221	384	2
221	389	1
221	390	1
221	397	1
221	398	1
221	399	2
221	400	2
221	401	1
221	404	6
221	407	1
221	410	2
221	412	2
221	414	2
221	415	2
221	416	2
221	418	1
221	419	3
221	420	1
221	421	1
221	422	1
221	423	1
221	431	2
221	436	1
221	437	1
221	438	1
221	440	1
221	441	1
221	442	2
221	443	3
221	444	1
221	445	1
221	452	1
221	454	1
221	455	4
221	456	4
221	457	4
221	458	4
221	459	2
221	460	2
221	465	1
221	469	1
221	470	1
221	471	2
221	473	3
221	474	3
221	482	45
221	483	2
221	485	1
221	486	1
221	489	1
221	490	1
221	491	1
221	492	1
221	493	3
221	494	2
221	495	1
221	496	1
221	497	1
221	501	1
221	502	1
221	503	1
221	506	1
221	507	1
221	508	1
221	510	1
221	511	1
221	513	3
221	518	3
221	519	1
221	520	1
221	521	1
221	522	1
221	524	2
221	525	6
221	526	1
221	528	1
221	529	1
222	223	38
222	247	2
222	248	1
222	252	1
222	261	1
222	264	1
222	265	1
222	266	1
222	269	1
222	271	1
222	272	1
222	274	1
222	277	1
222	289	1
222	293	1
222	295	1
222	297	1
222	299	1
222	300	1
222	302	1
222	305	1
222	306	1
222	309	1
222	313	1
222	314	1
222	315	1
222	321	1
222	325	43
222	326	43
222	327	2
222	328	2
222	341	1
222	342	1
222	343	1
222	344	1
222	345	1
222	352	1
222	355	1
222	356	2
222	358	2
222	363	1
222	364	2
222	383	1
222	384	1
222	404	2
222	407	1
222	410	1
222	443	1
222	459	1
222	460	1
222	465	1
222	471	1
222	472	1
222	483	1
222	485	1
222	486	1
222	494	1
222	495	1
222	508	1
222	518	1
222	524	2
222	525	4
223	224	2
223	225	1
223	234	1
223	237	1
223	238	1
223	239	1
223	240	1
223	241	1
223	242	1
223	247	2
223	248	2
223	249	1
223	252	1
223	261	2
223	271	1
223	272	1
223	273	1
223	274	1
223	277	1
223	278	1
223	289	1
223	292	1
223	293	1
223	295	2
223	296	1
223	297	2
223	298	1
223	300	1
223	303	1
223	306	1
223	309	1
223	313	2
223	314	2
223	315	2
223	316	1
223	317	1
223	327	1
223	328	1
223	330	1
223	333	1
223	341	1
223	342	1
223	343	1
223	344	1
223	345	1
223	349	1
223	350	1
223	351	1
223	355	1
223	356	1
223	358	1
223	364	1
223	367	1
223	368	1
223	369	16
223	370	16
223	377	1
223	378	1
223	379	1
223	380	1
223	383	1
223	384	1
223	390	1
223	399	2
223	400	2
223	404	2
223	407	1
223	414	1
223	415	1
223	416	1
223	436	1
223	437	1
223	438	1
223	443	1
223	455	1
223	456	1
223	457	1
223	458	1
223	465	1
223	471	1
223	473	1
223	474	1
223	483	1
223	485	1
223	486	1
223	490	1
223	491	1
223	492	1
223	493	1
223	494	1
223	495	1
223	496	1
223	508	1
223	513	2
223	518	1
223	524	1
223	525	5
224	225	13
224	226	1
224	234	2
224	237	1
224	238	1
224	239	1
224	240	1
224	241	2
224	242	2
224	247	2
224	248	2
224	249	1
224	251	1
224	252	2
224	253	1
224	254	1
224	255	1
224	256	1
224	257	1
224	258	1
224	259	1
224	260	1
224	261	2
224	262	1
224	263	1
224	264	3
224	271	2
224	272	2
224	273	2
224	277	1
224	284	1
224	287	1
224	292	1
224	294	1
224	295	2
224	296	1
224	297	1
224	298	1
224	302	1
224	303	1
224	307	1
224	310	1
224	313	2
224	314	2
224	315	2
224	316	1
224	317	2
224	319	1
224	324	1
224	328	2
224	330	1
224	333	1
224	338	1
224	349	1
224	350	1
224	351	1
224	353	1
224	354	1
224	355	1
224	356	2
224	358	1
224	364	2
224	369	2
224	370	2
224	377	1
224	378	1
224	379	1
224	380	1
224	390	1
224	399	1
224	400	1
224	404	1
224	407	1
224	414	2
224	415	2
224	416	2
224	431	1
224	436	1
224	437	1
224	438	1
224	445	1
224	455	1
224	456	1
224	457	1
224	458	1
224	473	1
224	474	1
224	478	1
224	482	1
224	487	1
224	488	1
224	490	1
224	491	1
224	492	1
224	493	1
224	494	1
224	496	2
224	524	1
224	525	2
225	226	1
225	234	2
225	237	1
225	238	1
225	239	1
225	240	1
225	241	1
225	242	1
225	247	1
225	248	1
225	249	1
225	264	1
225	271	1
225	272	1
225	273	1
225	277	1
225	296	1
225	297	1
225	298	1
225	303	1
225	313	1
225	314	1
225	315	1
225	316	1
225	317	2
225	328	1
225	330	1
225	333	1
225	355	1
225	356	1
225	358	1
225	364	1
225	369	1
225	370	1
225	377	1
225	378	1
225	379	1
225	380	1
225	390	1
225	399	1
225	400	1
225	404	1
225	414	1
225	415	1
225	416	1
225	436	1
225	437	1
225	438	1
225	455	1
225	456	1
225	457	1
225	458	1
225	473	1
225	474	1
225	478	1
225	493	1
225	494	1
225	496	1
225	525	1
226	251	1
226	264	1
226	267	1
226	268	1
226	277	2
226	281	1
226	282	1
226	283	1
226	295	1
226	297	2
226	302	1
226	309	1
226	313	2
226	330	1
226	338	1
226	341	1
226	342	1
226	343	1
226	344	1
226	345	1
226	358	1
226	365	1
226	367	1
226	368	1
226	371	1
226	375	1
226	376	1
226	423	1
226	481	1
226	499	2
226	519	1
226	525	1
226	531	1
226	532	1
227	232	1
227	233	1
227	234	2
227	235	1
227	236	1
227	237	1
227	238	1
227	239	1
227	240	1
227	241	3
227	242	1
227	247	4
227	248	3
227	251	1
227	252	9
227	253	1
227	254	1
227	255	1
227	256	1
227	257	1
227	258	1
227	259	1
227	260	1
227	261	4
227	262	1
227	263	1
227	264	1
227	267	4
227	268	4
227	269	3
227	270	2
227	271	1
227	272	1
227	274	2
227	275	1
227	276	1
227	277	2
227	278	1
227	279	1
227	280	1
227	285	1
227	286	1
227	293	2
227	294	1
227	295	5
227	297	3
227	299	3
227	301	4
227	302	1
227	303	3
227	304	1
227	306	5
227	313	5
227	314	3
227	315	3
227	316	4
227	317	4
227	318	2
227	320	3
227	324	2
227	327	2
227	328	2
227	330	1
227	338	3
227	339	2
227	340	2
227	355	1
227	357	4
227	365	3
227	371	2
227	372	1
227	375	1
227	376	1
227	377	1
227	378	1
227	379	1
227	380	1
227	397	1
227	398	1
227	401	4
227	404	4
227	407	2
227	410	2
227	412	1
227	418	1
227	419	2
227	420	1
227	421	1
227	422	1
227	428	1
227	439	1
227	442	1
227	443	1
227	445	1
227	452	1
227	455	3
227	456	3
227	457	3
227	458	3
227	459	3
227	460	3
227	469	1
227	475	1
227	476	1
227	477	1
227	479	2
227	489	2
227	490	1
227	491	1
227	492	1
227	493	2
227	494	2
227	507	2
227	510	1
227	511	1
227	512	1
227	513	2
227	516	1
227	519	3
227	520	1
227	521	1
227	523	1
227	524	1
227	525	3
227	527	1
227	528	1
227	529	1
227	531	1
227	532	1
228	229	55
228	241	2
228	242	2
228	247	1
228	252	2
228	267	1
228	268	1
228	271	1
228	272	1
228	277	1
228	278	2
228	293	1
228	294	1
228	306	1
228	309	1
228	366	1
228	404	1
228	436	1
228	437	1
228	438	1
228	447	1
228	472	1
228	484	1
228	505	1
228	507	1
228	510	2
228	511	2
228	516	1
229	241	2
229	242	2
229	247	1
229	252	2
229	267	1
229	268	1
229	271	1
229	272	1
229	277	1
229	278	2
229	293	1
229	294	1
229	306	1
229	309	1
229	366	1
229	404	1
229	436	1
229	437	1
229	438	1
229	447	1
229	472	1
229	484	1
229	505	1
229	507	1
229	510	2
229	511	2
229	516	1
230	231	67
230	234	1
230	241	2
230	252	3
230	253	2
230	254	2
230	255	2
230	256	2
230	257	2
230	258	2
230	259	2
230	260	2
230	261	2
230	262	2
230	263	2
230	264	2
230	278	1
230	279	1
230	280	1
230	288	1
230	300	1
230	309	1
230	311	3
230	317	1
230	321	1
230	322	1
230	323	1
230	328	1
230	346	3
230	347	3
230	348	3
230	352	1
230	359	2
230	360	2
230	361	2
230	362	2
230	363	2
230	414	1
230	415	1
230	416	1
230	475	1
230	476	1
230	477	1
230	496	1
230	526	1
231	234	1
231	241	2
231	252	3
231	253	2
231	254	2
231	255	2
231	256	2
231	257	2
231	258	2
231	259	2
231	260	2
231	261	2
231	262	2
231	263	2
231	264	2
231	278	1
231	279	1
231	280	1
231	288	1
231	300	1
231	309	1
231	311	3
231	317	1
231	321	1
231	322	1
231	323	1
231	328	1
231	346	3
231	347	3
231	348	3
231	352	1
231	359	2
231	360	2
231	361	2
231	362	2
231	363	2
231	414	1
231	415	1
231	416	1
231	475	1
231	476	1
231	477	1
231	496	1
231	526	1
232	233	15
232	234	15
232	235	15
232	236	15
232	237	1
232	238	1
232	239	1
232	240	1
232	241	1
232	247	1
232	248	1
232	251	1
232	252	1
232	261	1
232	264	1
232	267	2
232	268	2
232	269	1
232	270	1
232	271	1
232	272	1
232	274	1
232	277	1
232	279	1
232	280	1
232	292	1
232	293	1
232	295	1
232	297	1
232	299	1
232	301	1
232	302	1
232	303	1
232	306	1
232	313	2
232	314	1
232	315	1
232	316	1
232	317	1
232	318	1
232	320	1
232	324	1
232	327	2
232	328	1
232	330	1
232	338	1
232	339	2
232	340	2
232	355	1
232	357	1
232	365	1
232	371	1
232	375	1
232	376	1
232	377	1
232	378	1
232	379	1
232	380	1
232	397	1
232	398	1
232	401	1
232	404	2
232	410	1
232	412	1
232	418	1
232	419	2
232	420	1
232	421	1
232	422	1
232	442	1
232	443	1
232	444	1
232	445	1
232	452	1
232	455	1
232	456	1
232	457	1
232	458	1
232	459	1
232	460	1
232	469	1
232	489	1
232	490	1
232	491	1
232	492	1
232	493	1
232	494	2
232	507	1
232	510	1
232	511	1
232	512	1
232	513	1
232	519	1
232	521	1
232	525	1
233	234	15
233	235	15
233	236	15
233	237	1
233	238	1
233	239	1
233	240	1
233	241	1
233	247	1
233	248	1
233	251	1
233	252	1
233	261	1
233	264	1
233	267	2
233	268	2
233	269	1
233	270	1
233	271	1
233	272	1
233	274	1
233	277	1
233	279	1
233	280	1
233	292	1
233	293	1
233	295	1
233	297	1
233	299	1
233	301	1
233	302	1
233	303	1
233	306	1
233	313	2
233	314	1
233	315	1
233	316	1
233	317	1
233	318	1
233	320	1
233	324	1
233	327	2
233	328	1
233	330	1
233	338	1
233	339	2
233	340	2
233	355	1
233	357	1
233	365	1
233	371	1
233	375	1
233	376	1
233	377	1
233	378	1
233	379	1
233	380	1
233	397	1
233	398	1
233	401	1
233	404	2
233	410	1
233	412	1
233	418	1
233	419	2
233	420	1
233	421	1
233	422	1
233	442	1
233	443	1
233	444	1
233	445	1
233	452	1
233	455	1
233	456	1
233	457	1
233	458	1
233	459	1
233	460	1
233	469	1
233	489	1
233	490	1
233	491	1
233	492	1
233	493	1
233	494	2
233	507	1
233	510	1
233	511	1
233	512	1
233	513	1
233	519	1
233	521	1
233	525	1
234	235	15
234	236	15
234	237	3
234	238	3
234	239	3
234	240	3
234	241	2
234	242	1
234	245	1
234	246	1
234	247	4
234	248	2
234	249	1
234	250	1
234	251	1
234	252	5
234	253	1
234	254	1
234	255	1
234	256	1
234	257	1
234	258	1
234	259	1
234	260	1
234	261	2
234	262	1
234	263	1
234	264	1
234	267	2
234	268	2
234	269	1
234	270	1
234	271	2
234	272	2
234	273	1
234	274	1
234	275	1
234	276	1
234	277	1
234	278	1
234	279	1
234	280	1
234	281	1
234	282	1
234	283	1
234	289	1
234	292	2
234	293	1
234	295	2
234	296	1
234	297	2
234	298	1
234	299	2
234	301	2
234	302	2
234	303	2
234	304	1
234	306	2
234	310	3
234	313	4
234	314	2
234	315	2
234	316	2
234	317	19
234	318	1
234	320	1
234	322	1
234	323	1
234	324	1
234	327	3
234	328	2
234	330	4
234	333	1
234	338	3
234	339	4
234	340	4
234	355	2
234	356	1
234	357	3
234	358	2
234	364	1
234	365	1
234	367	1
234	368	1
234	369	1
234	370	1
234	371	1
234	372	1
234	373	1
234	374	1
234	375	1
234	376	1
234	377	2
234	378	2
234	379	2
234	380	2
234	390	1
234	397	1
234	398	1
234	399	1
234	400	1
234	401	2
234	404	5
234	410	1
234	412	1
234	414	1
234	415	1
234	416	1
234	418	1
234	419	2
234	420	1
234	421	1
234	422	1
234	425	2
234	426	2
234	427	2
234	431	20
234	436	1
234	437	1
234	438	1
234	440	13
234	441	13
234	442	1
234	443	1
234	444	1
234	445	1
234	452	1
234	455	3
234	456	3
234	457	3
234	458	3
234	459	2
234	460	2
234	469	1
234	471	1
234	473	2
234	474	2
234	482	1
234	483	1
234	489	1
234	490	1
234	491	1
234	492	1
234	493	2
234	494	3
234	496	1
234	499	1
234	505	1
234	507	1
234	510	1
234	511	1
234	512	19
234	513	1
234	516	1
234	519	1
234	520	2
234	521	2
234	523	2
234	525	2
234	526	1
234	527	1
234	528	1
234	529	1
234	531	4
234	532	4
235	236	15
235	237	1
235	238	1
235	239	1
235	240	1
235	241	1
235	247	1
235	248	1
235	251	1
235	252	1
235	261	1
235	264	1
235	267	2
235	268	2
235	269	1
235	270	1
235	271	2
235	272	2
235	274	1
235	277	1
235	279	1
235	280	1
235	292	1
235	293	1
235	295	1
235	297	1
235	299	1
235	301	1
235	302	1
235	303	1
235	305	1
235	306	1
235	313	2
235	314	1
235	315	1
235	316	1
235	317	1
235	318	1
235	320	1
235	324	1
235	327	2
235	328	1
235	330	1
235	338	1
235	339	2
235	340	2
235	355	1
235	357	1
235	358	1
235	365	1
235	371	1
235	375	1
235	376	1
235	377	1
235	378	1
235	379	1
235	380	1
235	389	1
235	397	1
235	398	1
235	401	1
235	404	2
235	410	1
235	411	1
235	412	2
235	413	1
235	418	1
235	419	3
235	420	1
235	421	1
235	422	1
235	423	1
235	439	1
235	442	1
235	443	1
235	444	2
235	445	1
235	447	1
235	452	2
235	455	1
235	456	1
235	457	1
235	458	1
235	459	1
235	460	1
235	461	1
235	462	1
235	463	1
235	464	1
235	469	1
235	470	1
235	489	1
235	490	1
235	491	1
235	492	1
235	493	1
235	494	2
235	501	1
235	502	1
235	507	2
235	510	1
235	511	1
235	512	1
235	513	1
235	519	1
235	521	1
235	525	1
236	237	1
236	238	1
236	239	1
236	240	1
236	241	1
236	247	1
236	248	1
236	251	1
236	252	1
236	261	1
236	264	1
236	267	2
236	268	2
236	269	1
236	270	1
236	271	1
236	272	1
236	274	1
236	277	1
236	279	1
236	280	1
236	292	1
236	293	1
236	295	1
236	297	1
236	299	1
236	301	1
236	302	1
236	303	1
236	306	1
236	311	1
236	313	2
236	314	1
236	315	1
236	316	1
236	317	1
236	318	1
236	320	1
236	324	1
236	327	2
236	328	1
236	330	1
236	338	1
236	339	2
236	340	2
236	346	1
236	347	1
236	348	1
236	355	1
236	357	1
236	365	1
236	371	1
236	375	1
236	376	1
236	377	1
236	378	1
236	379	1
236	380	1
236	397	1
236	398	1
236	401	1
236	404	2
236	410	1
236	412	1
236	418	1
236	419	2
236	420	1
236	421	1
236	422	1
236	442	1
236	443	1
236	444	1
236	445	1
236	452	1
236	455	1
236	456	1
236	457	1
236	458	1
236	459	1
236	460	1
236	469	1
236	489	1
236	490	1
236	491	1
236	492	1
236	493	1
236	494	2
236	507	1
236	510	1
236	511	1
236	512	1
236	513	1
236	519	1
236	521	1
236	525	1
237	238	70
237	239	70
237	240	70
237	241	3
237	242	2
237	243	1
237	245	1
237	246	1
237	247	3
237	248	3
237	249	2
237	250	1
237	251	1
237	252	2
237	261	1
237	264	1
237	267	2
237	268	2
237	269	2
237	270	3
237	271	2
237	272	2
237	273	1
237	274	2
237	277	1
237	278	1
237	279	1
237	280	1
237	281	1
237	282	1
237	283	1
237	289	1
237	290	1
237	293	1
237	294	1
237	295	1
237	296	2
237	297	3
237	298	2
237	299	1
237	301	1
237	302	1
237	303	2
237	305	1
237	306	1
237	310	1
237	313	4
237	314	3
237	315	3
237	316	2
237	317	2
237	318	1
237	320	1
237	324	2
237	327	1
237	328	1
237	330	3
237	333	1
237	338	1
237	339	2
237	340	2
237	355	2
237	357	1
237	358	2
237	365	1
237	366	1
237	367	1
237	368	1
237	369	1
237	370	1
237	371	1
237	373	3
237	374	3
237	375	2
237	376	2
237	377	2
237	378	2
237	379	2
237	380	2
237	383	1
237	384	1
237	389	1
237	390	1
237	397	1
237	398	1
237	399	1
237	400	1
237	401	1
237	404	4
237	410	2
237	412	1
237	414	1
237	415	1
237	416	1
237	418	1
237	419	2
237	420	1
237	421	1
237	422	1
237	423	1
237	436	1
237	437	1
237	438	1
237	440	1
237	441	1
237	442	2
237	443	2
237	445	1
237	452	1
237	454	1
237	455	3
237	456	3
237	457	3
237	458	3
237	459	2
237	460	2
237	469	1
237	473	2
237	474	2
237	489	1
237	490	1
237	491	1
237	492	1
237	493	2
237	494	2
237	496	1
237	497	1
237	501	1
237	502	1
237	506	1
237	507	1
237	510	1
237	511	1
237	513	2
237	518	1
237	519	1
237	520	1
237	521	1
237	525	2
237	526	1
238	239	70
238	240	70
238	241	3
238	242	2
238	243	1
238	245	1
238	246	1
238	247	3
238	248	3
238	249	2
238	250	1
238	251	1
238	252	2
238	261	1
238	264	1
238	267	2
238	268	2
238	269	2
238	270	3
238	271	2
238	272	2
238	273	1
238	274	2
238	277	1
238	278	1
238	279	1
238	280	1
238	281	1
238	282	1
238	283	1
238	289	1
238	290	1
238	293	1
238	294	1
238	295	1
238	296	2
238	297	3
238	298	2
238	299	1
238	301	1
238	302	1
238	303	2
238	305	1
238	306	1
238	310	1
238	313	4
238	314	3
238	315	3
238	316	2
238	317	2
238	318	1
238	320	1
238	324	2
238	327	1
238	328	1
238	330	3
238	333	1
238	338	1
238	339	2
238	340	2
238	355	2
238	357	1
238	358	2
238	365	1
238	366	1
238	367	1
238	368	1
238	369	1
238	370	1
238	371	1
238	373	3
238	374	3
238	375	2
238	376	2
238	377	2
238	378	2
238	379	2
238	380	2
238	383	1
238	384	1
238	389	1
238	390	1
238	397	1
238	398	1
238	399	1
238	400	1
238	401	1
238	404	4
238	410	2
238	412	1
238	414	1
238	415	1
238	416	1
238	418	1
238	419	2
238	420	1
238	421	1
238	422	1
238	423	1
238	436	1
238	437	1
238	438	1
238	440	1
238	441	1
238	442	2
238	443	2
238	445	1
238	452	1
238	454	1
238	455	3
238	456	3
238	457	3
238	458	3
238	459	2
238	460	2
238	469	1
238	473	2
238	474	2
238	489	1
238	490	1
238	491	1
238	492	1
238	493	2
238	494	2
238	496	1
238	497	1
238	501	1
238	502	1
238	506	1
238	507	1
238	510	1
238	511	1
238	513	2
238	518	1
238	519	1
238	520	1
238	521	1
238	525	2
238	526	1
239	240	70
239	241	3
239	242	2
239	243	1
239	245	1
239	246	1
239	247	3
239	248	3
239	249	2
239	250	1
239	251	1
239	252	2
239	261	1
239	264	1
239	267	2
239	268	2
239	269	2
239	270	3
239	271	2
239	272	2
239	273	1
239	274	2
239	277	1
239	278	1
239	279	1
239	280	1
239	281	1
239	282	1
239	283	1
239	289	1
239	290	1
239	292	1
239	293	1
239	294	1
239	295	1
239	296	2
239	297	3
239	298	2
239	299	1
239	300	1
239	301	1
239	302	2
239	303	2
239	305	1
239	306	1
239	310	1
239	313	4
239	314	3
239	315	3
239	316	2
239	317	2
239	318	1
239	320	1
239	324	2
239	327	1
239	328	2
239	330	3
239	333	1
239	338	1
239	339	2
239	340	2
239	355	2
239	356	1
239	357	1
239	358	2
239	364	1
239	365	1
239	366	1
239	367	1
239	368	1
239	369	1
239	370	1
239	371	1
239	373	3
239	374	3
239	375	2
239	376	2
239	377	2
239	378	2
239	379	2
239	380	2
239	383	1
239	384	1
239	389	1
239	390	1
239	397	1
239	398	1
239	399	1
239	400	1
239	401	1
239	404	4
239	410	2
239	412	2
239	414	1
239	415	1
239	416	1
239	418	1
239	419	2
239	420	1
239	421	1
239	422	1
239	423	1
239	425	1
239	426	1
239	427	1
239	436	2
239	437	2
239	438	2
239	440	1
239	441	1
239	442	2
239	443	2
239	445	1
239	452	1
239	454	1
239	455	3
239	456	3
239	457	3
239	458	3
239	459	2
239	460	2
239	466	1
239	469	1
239	473	2
239	474	2
239	489	1
239	490	1
239	491	1
239	492	1
239	493	2
239	494	2
239	496	1
239	497	1
239	501	1
239	502	1
239	503	1
239	506	1
239	507	1
239	510	1
239	511	1
239	513	2
239	518	1
239	519	1
239	520	1
239	521	1
239	525	2
239	526	1
240	241	3
240	242	2
240	243	1
240	245	1
240	246	1
240	247	3
240	248	3
240	249	2
240	250	1
240	251	1
240	252	2
240	261	1
240	264	1
240	267	2
240	268	2
240	269	2
240	270	3
240	271	2
240	272	2
240	273	1
240	274	2
240	277	1
240	278	1
240	279	1
240	280	1
240	281	1
240	282	1
240	283	1
240	289	1
240	290	1
240	293	1
240	294	1
240	295	1
240	296	2
240	297	3
240	298	2
240	299	1
240	301	1
240	302	1
240	303	2
240	305	1
240	306	1
240	310	1
240	313	4
240	314	3
240	315	3
240	316	2
240	317	2
240	318	1
240	320	1
240	324	2
240	327	1
240	328	1
240	330	3
240	333	1
240	338	1
240	339	2
240	340	2
240	355	2
240	357	1
240	358	2
240	365	1
240	366	1
240	367	1
240	368	1
240	369	1
240	370	1
240	371	1
240	373	3
240	374	3
240	375	2
240	376	2
240	377	2
240	378	2
240	379	2
240	380	2
240	383	1
240	384	1
240	389	1
240	390	1
240	397	1
240	398	1
240	399	1
240	400	1
240	401	1
240	404	4
240	410	2
240	412	1
240	414	1
240	415	1
240	416	1
240	418	1
240	419	2
240	420	1
240	421	1
240	422	1
240	423	1
240	436	1
240	437	1
240	438	1
240	440	1
240	441	1
240	442	2
240	443	2
240	445	1
240	452	1
240	454	1
240	455	3
240	456	3
240	457	3
240	458	3
240	459	2
240	460	2
240	469	1
240	473	2
240	474	2
240	489	1
240	490	1
240	491	1
240	492	1
240	493	2
240	494	2
240	496	1
240	497	1
240	501	1
240	502	1
240	506	1
240	507	1
240	510	1
240	511	1
240	513	2
240	518	1
240	519	1
240	520	1
240	521	1
240	525	2
240	526	1
241	242	152
241	243	1
241	247	15
241	248	10
241	249	4
241	250	1
241	251	6
241	252	11
241	253	4
241	254	4
241	255	4
241	256	4
241	257	4
241	258	4
241	259	4
241	260	4
241	261	6
241	262	4
241	263	4
241	264	8
241	265	1
241	266	1
241	267	3
241	268	3
241	269	7
241	270	5
241	271	6
241	272	6
241	273	3
241	274	2
241	277	3
241	278	8
241	279	6
241	280	6
241	284	1
241	285	3
241	286	3
241	287	1
241	289	7
241	290	2
241	292	3
241	293	3
241	294	7
241	295	7
241	296	1
241	297	5
241	298	1
241	299	2
241	301	3
241	302	3
241	303	6
241	304	2
241	305	2
241	306	9
241	307	4
241	309	2
241	310	1
241	311	3
241	312	1
241	313	12
241	314	9
241	315	9
241	316	5
241	317	5
241	318	3
241	320	2
241	322	1
241	323	1
241	324	3
241	327	2
241	328	6
241	330	2
241	333	5
241	338	6
241	339	2
241	340	2
241	346	2
241	347	2
241	348	2
241	349	1
241	350	1
241	351	1
241	353	3
241	354	3
241	355	3
241	356	5
241	357	6
241	358	3
241	359	27
241	360	27
241	361	27
241	362	27
241	363	27
241	364	2
241	365	5
241	366	1
241	367	3
241	368	3
241	369	1
241	370	1
241	371	4
241	372	2
241	373	2
241	374	2
241	375	2
241	376	2
241	377	3
241	378	3
241	379	3
241	380	3
241	383	1
241	384	1
241	385	3
241	386	3
241	387	3
241	388	3
241	389	3
241	390	1
241	397	1
241	398	1
241	399	5
241	400	5
241	401	1
241	404	5
241	407	1
241	410	5
241	411	1
241	412	4
241	413	1
241	414	1
241	415	1
241	416	1
241	417	1
241	418	1
241	419	1
241	420	1
241	421	1
241	422	1
241	425	2
241	426	2
241	427	2
241	431	1
241	432	1
241	433	1
241	434	1
241	435	1
241	436	5
241	437	5
241	438	5
241	442	1
241	443	3
241	445	1
241	446	2
241	447	1
241	452	2
241	454	2
241	455	3
241	456	3
241	457	3
241	458	3
241	459	3
241	460	3
241	461	1
241	462	1
241	463	1
241	464	1
241	466	2
241	469	1
241	470	1
241	472	1
241	473	2
241	474	2
241	475	4
241	476	4
241	477	4
241	479	3
241	480	1
241	481	2
241	482	2
241	484	2
241	487	1
241	488	1
241	489	2
241	490	5
241	491	5
241	492	5
241	493	5
241	494	5
241	496	1
241	497	2
241	501	1
241	502	1
241	503	2
241	505	2
241	507	5
241	510	4
241	511	4
241	513	5
241	516	2
241	518	3
241	519	5
241	521	2
241	523	2
241	524	1
241	525	5
241	527	1
241	528	1
241	529	1
241	531	1
241	532	1
241	533	1
242	243	1
242	247	10
242	248	6
242	249	3
242	250	1
242	251	3
242	252	7
242	253	2
242	254	2
242	255	2
242	256	2
242	257	2
242	258	2
242	259	2
242	260	2
242	261	2
242	262	2
242	263	2
242	264	2
242	267	1
242	268	1
242	269	1
242	270	1
242	271	4
242	272	4
242	273	2
242	274	1
242	277	1
242	278	6
242	279	2
242	280	2
242	285	2
242	286	2
242	289	1
242	290	1
242	292	1
242	293	1
242	294	6
242	295	3
242	296	1
242	297	3
242	298	1
242	299	1
242	302	1
242	303	3
242	304	1
242	305	1
242	306	2
242	307	3
242	309	1
242	312	1
242	313	6
242	314	4
242	315	4
242	316	1
242	317	1
242	318	2
242	324	1
242	327	1
242	328	5
242	330	1
242	333	3
242	338	5
242	349	1
242	350	1
242	351	1
242	353	1
242	354	1
242	355	1
242	356	3
242	357	3
242	358	3
242	364	2
242	365	1
242	366	1
242	367	3
242	368	3
242	369	1
242	370	1
242	371	2
242	372	2
242	373	2
242	374	2
242	375	1
242	376	1
242	377	2
242	378	2
242	379	2
242	380	2
242	383	1
242	384	1
242	385	2
242	386	2
242	387	2
242	388	2
242	389	1
242	390	1
242	399	5
242	400	5
242	404	3
242	407	1
242	410	1
242	411	1
242	412	1
242	413	1
242	414	1
242	415	1
242	416	1
242	417	1
242	425	1
242	426	1
242	427	1
242	431	1
242	436	4
242	437	4
242	438	4
242	443	1
242	454	2
242	455	1
242	456	1
242	457	1
242	458	1
242	459	2
242	460	2
242	461	1
242	462	1
242	463	1
242	464	1
242	466	2
242	470	1
242	472	1
242	473	1
242	474	1
242	479	2
242	480	1
242	481	1
242	482	1
242	484	1
242	487	1
242	488	1
242	490	2
242	491	2
242	492	2
242	493	3
242	494	2
242	496	1
242	497	2
242	503	1
242	505	2
242	507	2
242	510	2
242	511	2
242	513	1
242	516	2
242	519	1
242	521	1
242	523	2
242	524	1
242	525	2
242	527	1
242	531	1
242	532	1
243	247	1
243	248	1
243	270	1
243	281	1
243	282	1
243	283	1
243	300	1
243	302	1
243	313	3
243	314	1
243	315	1
243	366	1
243	373	1
243	374	1
243	389	1
243	419	1
243	446	1
243	472	1
243	494	1
243	501	1
243	502	1
243	506	1
243	507	1
243	520	1
244	247	3
244	248	2
244	249	1
244	250	1
244	251	1
244	252	1
244	253	1
244	254	1
244	255	1
244	256	1
244	257	1
244	258	1
244	259	1
244	260	1
244	261	1
244	262	1
244	263	1
244	264	1
244	269	1
244	279	1
244	280	1
244	302	1
244	306	2
244	307	1
244	310	1
244	313	2
244	314	2
244	315	2
244	320	1
244	324	1
244	357	1
244	371	1
244	397	1
244	398	1
244	399	1
244	400	1
244	431	1
244	475	1
244	476	1
244	477	1
244	479	1
244	493	1
244	499	1
244	503	1
244	507	1
244	521	1
244	526	1
245	246	13
245	310	1
245	339	1
245	340	1
245	358	1
245	367	1
245	368	1
245	373	1
245	374	1
245	404	1
245	440	1
245	441	1
245	473	1
245	474	1
246	310	1
246	339	1
246	340	1
246	358	1
246	367	1
246	368	1
246	373	1
246	374	1
246	404	1
246	440	1
246	441	1
246	473	1
246	474	1
247	248	88
247	249	3
247	250	1
247	251	6
247	252	22
247	253	7
247	254	7
247	255	7
247	256	7
247	257	7
247	258	7
247	259	7
247	260	7
247	261	11
247	262	7
247	263	7
247	264	6
247	265	2
247	266	2
247	267	5
247	268	5
247	269	9
247	270	7
247	271	7
247	272	7
247	273	3
247	274	3
247	275	1
247	276	1
247	277	8
247	278	5
247	279	4
247	280	4
247	281	1
247	282	1
247	283	1
247	285	1
247	286	1
247	289	2
247	290	1
247	292	4
247	293	8
247	294	7
247	295	7
247	296	1
247	297	5
247	298	1
247	299	7
247	300	1
247	301	3
247	302	8
247	303	5
247	304	1
247	305	3
247	306	13
247	307	1
247	309	3
247	310	1
247	311	3
247	313	77
247	314	76
247	315	76
247	316	7
247	317	7
247	318	5
247	320	3
247	322	2
247	323	2
247	324	3
247	325	2
247	326	2
247	327	4
247	328	7
247	330	2
247	333	4
247	338	8
247	339	4
247	340	4
247	346	3
247	347	3
247	348	3
247	349	4
247	350	4
247	351	4
247	353	3
247	354	3
247	355	6
247	356	4
247	357	7
247	358	5
247	359	1
247	360	1
247	361	1
247	362	1
247	363	2
247	364	3
247	365	5
247	366	3
247	367	4
247	368	4
247	369	2
247	370	3
247	371	5
247	372	1
247	373	1
247	374	1
247	375	3
247	376	3
247	377	3
247	378	3
247	379	3
247	380	3
247	383	1
247	384	1
247	389	2
247	390	1
247	397	1
247	398	1
247	399	3
247	400	3
247	401	3
247	404	7
247	406	1
247	410	4
247	411	1
247	412	4
247	413	1
247	414	2
247	415	2
247	416	2
247	418	3
247	419	7
247	420	3
247	421	3
247	422	3
247	425	4
247	426	4
247	427	4
247	428	1
247	431	2
247	436	3
247	437	3
247	438	3
247	442	1
247	443	3
247	444	3
247	445	1
247	446	2
247	449	4
247	452	2
247	454	1
247	455	4
247	456	4
247	457	4
247	458	4
247	459	5
247	460	5
247	469	1
247	472	2
247	473	4
247	474	4
247	475	9
247	476	9
247	477	9
247	479	2
247	480	2
247	482	3
247	484	1
247	489	3
247	490	4
247	491	4
247	492	4
247	493	2
247	494	6
247	495	1
247	496	1
247	497	1
247	500	1
247	501	1
247	502	1
247	503	2
247	505	3
247	506	1
247	507	6
247	510	3
247	511	3
247	512	1
247	513	3
247	516	4
247	518	2
247	519	5
247	520	3
247	521	2
247	522	1
247	523	1
247	524	2
247	525	4
247	527	1
247	528	2
247	529	2
247	531	2
247	532	2
247	533	1
248	249	2
248	251	3
248	252	13
248	253	4
248	254	4
248	255	4
248	256	4
248	257	4
248	258	4
248	259	4
248	260	4
248	261	5
248	262	4
248	263	4
248	264	4
248	265	1
248	266	1
248	267	2
248	268	2
248	269	5
248	270	6
248	271	5
248	272	5
248	273	2
248	274	1
248	277	3
248	278	3
248	279	3
248	280	3
248	281	1
248	282	1
248	283	1
248	285	1
248	286	1
248	289	1
248	292	3
248	293	3
248	294	3
248	295	5
248	296	1
248	297	4
248	298	1
248	299	4
248	301	2
248	302	6
248	303	5
248	305	3
248	306	9
248	307	1
248	311	3
248	313	44
248	314	43
248	315	43
248	316	6
248	317	6
248	318	4
248	320	3
248	322	1
248	323	1
248	324	3
248	325	1
248	326	1
248	327	2
248	328	3
248	330	2
248	333	4
248	338	3
248	339	3
248	340	3
248	346	3
248	347	3
248	348	3
248	349	3
248	350	3
248	351	3
248	353	3
248	354	3
248	355	4
248	356	1
248	357	3
248	358	4
248	363	1
248	364	1
248	365	4
248	366	2
248	367	4
248	368	4
248	369	2
248	370	3
248	371	5
248	372	1
248	373	1
248	374	1
248	375	2
248	376	2
248	377	3
248	378	3
248	379	3
248	380	3
248	383	1
248	384	1
248	389	1
248	390	1
248	397	1
248	398	1
248	399	3
248	400	3
248	401	1
248	404	6
248	406	1
248	410	4
248	412	3
248	414	2
248	415	2
248	416	2
248	418	2
248	419	6
248	420	2
248	421	2
248	422	2
248	425	3
248	426	3
248	427	3
248	428	1
248	431	1
248	436	1
248	437	1
248	438	1
248	442	1
248	443	2
248	444	3
248	445	1
248	446	1
248	449	4
248	452	2
248	454	1
248	455	3
248	456	3
248	457	3
248	458	3
248	459	4
248	460	4
248	469	1
248	472	1
248	473	4
248	474	4
248	475	8
248	476	8
248	477	8
248	479	1
248	480	1
248	482	2
248	489	3
248	490	4
248	491	4
248	492	4
248	493	2
248	494	4
248	496	1
248	497	1
248	500	1
248	501	1
248	502	1
248	503	2
248	505	1
248	506	1
248	507	3
248	510	2
248	511	2
248	513	3
248	516	1
248	518	1
248	519	4
248	520	1
248	521	1
248	522	1
248	523	1
248	524	2
248	525	3
248	528	2
248	529	2
249	252	3
249	253	1
249	254	1
249	255	1
249	256	1
249	257	1
249	258	1
249	259	1
249	260	1
249	261	1
249	262	1
249	263	1
249	271	1
249	272	1
249	273	1
249	274	1
249	278	2
249	290	1
249	292	2
249	294	1
249	295	3
249	296	1
249	297	1
249	298	1
249	301	2
249	303	1
249	306	1
249	313	1
249	314	1
249	315	1
249	316	1
249	317	1
249	327	1
249	330	1
249	333	1
249	338	1
249	349	1
249	350	1
249	351	1
249	355	1
249	357	1
249	358	1
249	365	1
249	366	2
249	367	1
249	368	1
249	369	1
249	370	1
249	377	1
249	378	1
249	379	1
249	380	1
249	389	1
249	390	1
249	399	1
249	400	1
249	404	1
249	408	1
249	409	1
249	410	1
249	414	1
249	415	1
249	416	1
249	418	1
249	419	1
249	420	1
249	421	1
249	422	1
249	429	1
249	430	1
249	436	2
249	437	2
249	438	2
249	455	1
249	456	1
249	457	1
249	458	1
249	472	2
249	473	1
249	474	1
249	479	1
249	489	1
249	490	2
249	491	2
249	492	2
249	493	1
249	494	1
249	496	1
249	499	1
249	501	1
249	502	1
249	507	1
249	510	1
249	511	1
249	516	1
249	519	1
249	521	1
249	525	2
249	531	1
249	532	1
250	251	1
250	252	1
250	253	1
250	254	1
250	255	1
250	256	1
250	257	1
250	258	1
250	259	1
250	260	1
250	261	1
250	262	1
250	263	1
250	269	1
250	274	1
250	297	1
250	299	1
250	302	2
250	304	3
250	313	2
250	314	1
250	315	1
250	339	1
250	340	1
250	358	1
250	375	1
250	376	1
250	397	1
250	398	1
250	419	1
250	425	1
250	426	1
250	427	1
250	444	1
250	445	1
250	447	1
250	480	1
250	512	1
251	252	8
251	253	3
251	254	3
251	255	3
251	256	3
251	257	3
251	258	3
251	259	3
251	260	3
251	261	6
251	262	3
251	263	3
251	264	4
251	265	2
251	266	2
251	267	4
251	268	4
251	269	4
251	270	4
251	271	4
251	272	4
251	273	3
251	274	3
251	275	2
251	276	2
251	277	1
251	278	1
251	279	3
251	280	3
251	292	2
251	293	1
251	294	1
251	295	7
251	297	2
251	299	2
251	301	1
251	302	5
251	303	1
251	304	1
251	305	1
251	306	4
251	309	1
251	310	1
251	313	8
251	314	6
251	315	6
251	316	3
251	317	3
251	318	3
251	320	1
251	324	2
251	327	1
251	328	2
251	330	2
251	333	1
251	338	3
251	339	3
251	340	3
251	349	1
251	350	1
251	351	1
251	353	3
251	354	3
251	355	4
251	356	1
251	357	2
251	358	1
251	364	1
251	365	5
251	367	1
251	368	1
251	371	1
251	375	2
251	376	2
251	377	1
251	378	1
251	379	1
251	380	1
251	389	2
251	390	1
251	397	1
251	398	1
251	399	1
251	400	1
251	401	2
251	404	3
251	410	3
251	411	1
251	412	3
251	413	1
251	417	1
251	418	3
251	419	3
251	420	3
251	421	3
251	422	3
251	425	3
251	426	3
251	427	3
251	431	1
251	442	1
251	443	1
251	445	1
251	446	1
251	452	2
251	455	1
251	456	1
251	457	1
251	458	1
251	459	1
251	460	1
251	469	3
251	472	2
251	473	1
251	474	1
251	480	2
251	481	2
251	482	1
251	489	1
251	490	2
251	491	2
251	492	2
251	493	1
251	494	3
251	499	1
251	503	1
251	507	3
251	510	2
251	511	2
251	513	3
251	518	2
251	519	5
251	521	1
251	524	3
251	525	1
251	528	1
251	529	1
252	253	40
252	254	40
252	255	40
252	256	40
252	257	40
252	258	40
252	259	40
252	260	40
252	261	46
252	262	40
252	263	40
252	264	5
252	265	1
252	266	1
252	267	9
252	268	9
252	269	9
252	270	7
252	271	6
252	272	6
252	273	3
252	274	95
252	275	1
252	276	1
252	277	4
252	278	8
252	279	2
252	280	2
252	281	2
252	282	2
252	283	2
252	284	2
252	285	1
252	286	1
252	287	2
252	289	1
252	290	1
252	292	4
252	293	4
252	294	8
252	295	9
252	297	4
252	298	1
252	299	7
252	300	2
252	301	5
252	302	8
252	303	4
252	304	5
252	305	1
252	306	13
252	307	1
252	309	6
252	310	3
252	311	2
252	312	1
252	313	20
252	314	15
252	315	15
252	316	7
252	317	8
252	318	3
252	319	1
252	320	4
252	322	2
252	323	2
252	324	4
252	327	4
252	328	9
252	330	1
252	333	3
252	335	1
252	336	1
252	337	1
252	338	6
252	339	4
252	340	4
252	346	2
252	347	2
252	348	2
252	349	2
252	350	2
252	351	2
252	352	3
252	353	4
252	354	4
252	355	6
252	356	5
252	357	7
252	358	2
252	359	1
252	360	1
252	361	1
252	362	1
252	363	1
252	364	4
252	365	7
252	366	1
252	371	2
252	372	7
252	373	1
252	374	1
252	375	2
252	376	2
252	377	2
252	378	2
252	379	2
252	380	2
252	389	1
252	397	3
252	398	3
252	399	6
252	400	6
252	401	5
252	402	1
252	403	1
252	404	7
252	407	2
252	408	1
252	409	1
252	410	4
252	411	3
252	412	6
252	413	3
252	414	2
252	415	2
252	416	2
252	417	3
252	418	3
252	419	4
252	420	3
252	421	3
252	422	3
252	425	3
252	426	3
252	427	3
252	428	1
252	431	2
252	436	4
252	437	4
252	438	4
252	439	3
252	442	1
252	443	5
252	445	2
252	446	2
252	449	1
252	452	3
252	455	4
252	456	4
252	457	4
252	458	4
252	459	3
252	460	3
252	466	1
252	469	1
252	470	2
252	472	4
252	473	1
252	474	1
252	475	1
252	476	1
252	477	1
252	479	2
252	480	1
252	481	1
252	482	1
252	484	1
252	489	3
252	490	3
252	491	3
252	492	3
252	493	2
252	494	3
252	495	1
252	497	1
252	499	1
252	503	3
252	505	1
252	507	6
252	510	3
252	511	3
252	512	2
252	513	4
252	514	1
252	515	1
252	516	11
252	518	4
252	519	7
252	520	1
252	521	2
252	523	4
252	524	4
252	525	3
252	526	1
252	527	2
252	528	2
252	529	2
252	531	4
252	532	4
252	533	1
253	254	40
253	255	40
253	256	40
253	257	40
253	258	40
253	259	40
253	260	40
253	261	40
253	262	40
253	263	40
253	264	3
253	269	2
253	270	1
253	271	2
253	272	2
253	273	2
253	274	1
253	278	1
253	284	1
253	292	2
253	294	1
253	295	1
253	297	1
253	299	1
253	302	2
253	304	1
253	306	2
253	307	1
253	311	1
253	312	1
253	313	8
253	314	7
253	315	7
253	316	1
253	317	2
253	320	2
253	322	1
253	323	1
253	324	1
253	333	2
253	338	2
253	339	1
253	340	1
253	346	1
253	347	1
253	348	1
253	349	2
253	350	2
253	351	2
253	352	1
253	353	1
253	354	1
253	355	1
253	358	1
253	359	1
253	360	1
253	361	1
253	362	1
253	363	1
253	365	2
253	372	1
253	397	1
253	398	1
253	401	1
253	410	2
253	412	1
253	414	1
253	415	1
253	416	1
253	425	2
253	426	2
253	427	2
253	431	1
253	439	1
253	446	2
253	452	1
253	472	1
253	473	1
253	474	1
253	480	1
253	482	1
253	489	1
253	490	1
253	491	1
253	492	1
253	494	1
253	499	1
253	503	1
253	507	2
253	513	1
253	514	1
253	515	1
253	518	2
253	519	2
253	524	1
253	528	1
253	529	1
254	255	40
254	256	40
254	257	40
254	258	40
254	259	40
254	260	40
254	261	40
254	262	40
254	263	40
254	264	3
254	269	2
254	270	1
254	271	2
254	272	2
254	273	2
254	274	1
254	278	1
254	284	1
254	292	2
254	294	1
254	295	1
254	297	1
254	299	1
254	302	2
254	304	1
254	306	2
254	307	1
254	311	1
254	312	1
254	313	8
254	314	7
254	315	7
254	316	1
254	317	2
254	320	2
254	322	1
254	323	1
254	324	1
254	333	2
254	338	2
254	339	1
254	340	1
254	346	1
254	347	1
254	348	1
254	349	2
254	350	2
254	351	2
254	352	1
254	353	1
254	354	1
254	355	1
254	358	1
254	359	1
254	360	1
254	361	1
254	362	1
254	363	1
254	365	2
254	372	1
254	397	1
254	398	1
254	401	1
254	410	2
254	412	1
254	414	1
254	415	1
254	416	1
254	425	2
254	426	2
254	427	2
254	431	1
254	439	1
254	446	2
254	452	1
254	472	1
254	473	1
254	474	1
254	480	1
254	482	1
254	489	1
254	490	1
254	491	1
254	492	1
254	494	1
254	499	1
254	503	1
254	507	2
254	513	1
254	514	1
254	515	1
254	518	2
254	519	2
254	524	1
254	528	1
254	529	1
255	256	40
255	257	40
255	258	40
255	259	40
255	260	40
255	261	40
255	262	40
255	263	40
255	264	3
255	269	2
255	270	1
255	271	2
255	272	2
255	273	2
255	274	1
255	278	1
255	284	1
255	292	2
255	294	1
255	295	1
255	297	1
255	299	1
255	302	2
255	304	1
255	306	2
255	307	1
255	311	1
255	312	1
255	313	8
255	314	7
255	315	7
255	316	1
255	317	2
255	320	2
255	322	1
255	323	1
255	324	1
255	333	2
255	338	2
255	339	1
255	340	1
255	346	1
255	347	1
255	348	1
255	349	2
255	350	2
255	351	2
255	352	1
255	353	1
255	354	1
255	355	1
255	358	1
255	359	1
255	360	1
255	361	1
255	362	1
255	363	1
255	365	2
255	372	1
255	397	1
255	398	1
255	401	1
255	410	2
255	412	1
255	414	1
255	415	1
255	416	1
255	425	2
255	426	2
255	427	2
255	431	1
255	439	1
255	446	2
255	452	1
255	472	1
255	473	1
255	474	1
255	480	1
255	482	1
255	489	1
255	490	1
255	491	1
255	492	1
255	494	1
255	499	1
255	503	1
255	507	2
255	513	1
255	514	1
255	515	1
255	518	2
255	519	2
255	524	1
255	528	1
255	529	1
256	257	40
256	258	40
256	259	40
256	260	40
256	261	40
256	262	40
256	263	40
256	264	3
256	269	2
256	270	1
256	271	2
256	272	2
256	273	2
256	274	1
256	278	1
256	284	1
256	292	2
256	294	1
256	295	1
256	297	1
256	299	1
256	302	2
256	304	1
256	306	2
256	307	1
256	311	1
256	312	1
256	313	8
256	314	7
256	315	7
256	316	1
256	317	2
256	320	2
256	322	1
256	323	1
256	324	1
256	333	2
256	338	2
256	339	1
256	340	1
256	346	1
256	347	1
256	348	1
256	349	2
256	350	2
256	351	2
256	352	1
256	353	1
256	354	1
256	355	1
256	358	1
256	359	1
256	360	1
256	361	1
256	362	1
256	363	1
256	365	2
256	372	1
256	397	1
256	398	1
256	401	1
256	410	2
256	412	1
256	414	1
256	415	1
256	416	1
256	425	2
256	426	2
256	427	2
256	431	1
256	439	1
256	446	2
256	452	1
256	472	1
256	473	1
256	474	1
256	480	1
256	482	1
256	489	1
256	490	1
256	491	1
256	492	1
256	494	1
256	499	1
256	503	1
256	507	2
256	513	1
256	514	1
256	515	1
256	518	2
256	519	2
256	524	1
256	528	1
256	529	1
257	258	40
257	259	40
257	260	40
257	261	40
257	262	40
257	263	40
257	264	3
257	269	2
257	270	1
257	271	2
257	272	2
257	273	2
257	274	1
257	278	1
257	284	1
257	292	2
257	294	1
257	295	1
257	297	1
257	299	1
257	302	2
257	304	1
257	306	2
257	307	1
257	311	1
257	312	1
257	313	8
257	314	7
257	315	7
257	316	1
257	317	2
257	320	2
257	322	1
257	323	1
257	324	1
257	333	2
257	338	2
257	339	1
257	340	1
257	346	1
257	347	1
257	348	1
257	349	2
257	350	2
257	351	2
257	352	1
257	353	1
257	354	1
257	355	1
257	358	1
257	359	1
257	360	1
257	361	1
257	362	1
257	363	1
257	365	2
257	372	1
257	397	1
257	398	1
257	401	1
257	410	2
257	412	1
257	414	1
257	415	1
257	416	1
257	425	2
257	426	2
257	427	2
257	431	1
257	439	1
257	446	2
257	452	1
257	472	1
257	473	1
257	474	1
257	480	1
257	482	1
257	489	1
257	490	1
257	491	1
257	492	1
257	494	1
257	499	1
257	503	1
257	507	2
257	513	1
257	514	1
257	515	1
257	518	2
257	519	2
257	524	1
257	528	1
257	529	1
258	259	40
258	260	40
258	261	40
258	262	40
258	263	40
258	264	3
258	269	2
258	270	1
258	271	2
258	272	2
258	273	2
258	274	1
258	278	1
258	284	1
258	292	2
258	294	1
258	295	1
258	297	1
258	299	1
258	302	2
258	304	1
258	306	2
258	307	1
258	311	1
258	312	1
258	313	8
258	314	7
258	315	7
258	316	1
258	317	2
258	320	2
258	322	1
258	323	1
258	324	1
258	333	2
258	338	2
258	339	1
258	340	1
258	346	1
258	347	1
258	348	1
258	349	2
258	350	2
258	351	2
258	352	1
258	353	1
258	354	1
258	355	1
258	358	1
258	359	1
258	360	1
258	361	1
258	362	1
258	363	1
258	365	2
258	372	1
258	397	1
258	398	1
258	401	1
258	410	2
258	412	1
258	414	1
258	415	1
258	416	1
258	425	2
258	426	2
258	427	2
258	431	1
258	439	1
258	446	2
258	452	1
258	472	1
258	473	1
258	474	1
258	480	1
258	482	1
258	489	1
258	490	1
258	491	1
258	492	1
258	494	1
258	499	1
258	503	1
258	507	2
258	513	1
258	514	1
258	515	1
258	518	2
258	519	2
258	524	1
258	528	1
258	529	1
259	260	40
259	261	40
259	262	40
259	263	40
259	264	3
259	269	2
259	270	1
259	271	2
259	272	2
259	273	2
259	274	1
259	278	1
259	284	1
259	292	2
259	294	1
259	295	1
259	297	1
259	299	1
259	302	2
259	304	1
259	306	2
259	307	1
259	311	1
259	312	1
259	313	8
259	314	7
259	315	7
259	316	1
259	317	2
259	320	2
259	322	1
259	323	1
259	324	1
259	333	2
259	338	2
259	339	1
259	340	1
259	346	1
259	347	1
259	348	1
259	349	2
259	350	2
259	351	2
259	352	1
259	353	1
259	354	1
259	355	1
259	358	1
259	359	1
259	360	1
259	361	1
259	362	1
259	363	1
259	365	2
259	372	1
259	397	1
259	398	1
259	401	1
259	410	2
259	412	1
259	414	1
259	415	1
259	416	1
259	425	2
259	426	2
259	427	2
259	431	1
259	439	1
259	446	2
259	452	1
259	472	1
259	473	1
259	474	1
259	480	1
259	482	1
259	489	1
259	490	1
259	491	1
259	492	1
259	494	1
259	499	1
259	503	1
259	507	2
259	513	1
259	514	1
259	515	1
259	518	2
259	519	2
259	524	1
259	528	1
259	529	1
260	261	40
260	262	40
260	263	40
260	264	3
260	269	2
260	270	1
260	271	2
260	272	2
260	273	2
260	274	1
260	278	1
260	284	1
260	292	2
260	294	1
260	295	1
260	297	1
260	299	1
260	302	2
260	304	1
260	306	2
260	307	1
260	311	1
260	312	1
260	313	8
260	314	7
260	315	7
260	316	1
260	317	2
260	320	2
260	322	1
260	323	1
260	324	1
260	333	2
260	338	2
260	339	1
260	340	1
260	346	1
260	347	1
260	348	1
260	349	2
260	350	2
260	351	2
260	352	1
260	353	1
260	354	1
260	355	1
260	358	1
260	359	1
260	360	1
260	361	1
260	362	1
260	363	1
260	365	2
260	372	1
260	397	1
260	398	1
260	401	1
260	410	2
260	412	1
260	414	1
260	415	1
260	416	1
260	425	2
260	426	2
260	427	2
260	431	1
260	439	1
260	446	2
260	452	1
260	472	1
260	473	1
260	474	1
260	480	1
260	482	1
260	489	1
260	490	1
260	491	1
260	492	1
260	494	1
260	499	1
260	503	1
260	507	2
260	513	1
260	514	1
260	515	1
260	518	2
260	519	2
260	524	1
260	528	1
260	529	1
261	262	40
261	263	40
261	264	4
261	265	1
261	266	1
261	267	4
261	268	4
261	269	6
261	270	3
261	271	6
261	272	6
261	273	5
261	274	4
261	277	2
261	278	2
261	279	2
261	280	2
261	284	1
261	285	1
261	286	1
261	287	1
261	290	1
261	292	3
261	293	2
261	294	2
261	295	6
261	296	1
261	297	2
261	299	3
261	301	2
261	302	4
261	303	1
261	304	2
261	306	6
261	307	1
261	309	1
261	310	1
261	311	1
261	312	1
261	313	12
261	314	10
261	315	10
261	316	3
261	317	4
261	318	2
261	320	6
261	322	1
261	323	1
261	324	2
261	327	1
261	328	7
261	330	1
261	333	2
261	338	6
261	339	5
261	340	5
261	346	1
261	347	1
261	348	1
261	349	2
261	350	2
261	351	2
261	352	1
261	353	1
261	354	1
261	355	3
261	356	2
261	357	3
261	358	1
261	359	1
261	360	1
261	361	1
261	362	1
261	363	1
261	364	1
261	365	6
261	369	1
261	370	1
261	371	1
261	372	1
261	375	2
261	376	2
261	377	2
261	378	2
261	379	2
261	380	2
261	389	1
261	397	2
261	398	2
261	401	63
261	404	5
261	407	2
261	410	3
261	411	1
261	412	3
261	413	1
261	414	1
261	415	1
261	416	1
261	417	2
261	418	2
261	419	2
261	420	2
261	421	2
261	422	2
261	425	2
261	426	2
261	427	2
261	431	1
261	436	1
261	437	1
261	438	1
261	439	2
261	442	1
261	443	2
261	445	1
261	446	2
261	452	2
261	455	1
261	456	1
261	457	1
261	458	1
261	459	3
261	460	3
261	469	1
261	471	3
261	472	3
261	473	1
261	474	1
261	479	1
261	480	1
261	482	1
261	483	3
261	489	2
261	490	4
261	491	4
261	492	4
261	493	3
261	494	3
261	499	1
261	503	1
261	505	1
261	507	8
261	510	2
261	511	2
261	513	4
261	514	1
261	515	1
261	517	1
261	518	3
261	519	6
261	521	1
261	523	1
261	524	3
261	525	2
261	526	1
261	528	2
261	529	2
261	531	2
261	532	2
262	263	40
262	264	3
262	269	2
262	270	1
262	271	2
262	272	2
262	273	2
262	274	1
262	278	1
262	284	1
262	292	2
262	294	1
262	295	1
262	297	1
262	299	1
262	302	2
262	304	1
262	306	2
262	307	1
262	311	1
262	312	1
262	313	8
262	314	7
262	315	7
262	316	1
262	317	2
262	320	2
262	322	1
262	323	1
262	324	1
262	333	2
262	338	2
262	339	1
262	340	1
262	346	1
262	347	1
262	348	1
262	349	2
262	350	2
262	351	2
262	352	1
262	353	1
262	354	1
262	355	1
262	358	1
262	359	1
262	360	1
262	361	1
262	362	1
262	363	1
262	365	2
262	372	1
262	397	1
262	398	1
262	401	1
262	410	2
262	412	1
262	414	1
262	415	1
262	416	1
262	425	2
262	426	2
262	427	2
262	431	1
262	439	1
262	446	2
262	452	1
262	472	1
262	473	1
262	474	1
262	480	1
262	482	1
262	489	1
262	490	1
262	491	1
262	492	1
262	494	1
262	499	1
262	503	1
262	507	2
262	513	1
262	514	1
262	515	1
262	518	2
262	519	2
262	524	1
262	528	1
262	529	1
263	264	3
263	269	2
263	270	1
263	271	2
263	272	2
263	273	2
263	274	1
263	278	1
263	284	1
263	292	2
263	294	1
263	295	1
263	297	1
263	299	1
263	302	2
263	304	1
263	306	2
263	307	1
263	311	1
263	312	1
263	313	8
263	314	7
263	315	7
263	316	1
263	317	2
263	320	2
263	322	1
263	323	1
263	324	1
263	333	2
263	338	2
263	339	1
263	340	1
263	346	1
263	347	1
263	348	1
263	349	2
263	350	2
263	351	2
263	352	1
263	353	1
263	354	1
263	355	1
263	358	1
263	359	1
263	360	1
263	361	1
263	362	1
263	363	1
263	365	2
263	372	1
263	397	1
263	398	1
263	401	1
263	410	2
263	412	1
263	414	1
263	415	1
263	416	1
263	425	2
263	426	2
263	427	2
263	431	1
263	439	1
263	446	2
263	452	1
263	472	1
263	473	1
263	474	1
263	480	1
263	482	1
263	489	1
263	490	1
263	491	1
263	492	1
263	494	1
263	499	1
263	503	1
263	507	2
263	513	1
263	514	1
263	515	1
263	518	2
263	519	2
263	524	1
263	528	1
263	529	1
264	267	2
264	268	2
264	269	2
264	270	2
264	271	2
264	272	2
264	273	1
264	274	1
264	277	2
264	279	1
264	280	1
264	287	1
264	289	1
264	292	2
264	293	1
264	294	2
264	295	2
264	296	1
264	297	1
264	299	1
264	301	1
264	302	2
264	303	2
264	306	2
264	310	1
264	311	2
264	313	6
264	314	6
264	315	6
264	316	2
264	317	2
264	318	1
264	320	1
264	324	2
264	325	1
264	326	1
264	327	1
264	328	1
264	330	1
264	333	1
264	338	3
264	339	2
264	340	2
264	346	2
264	347	2
264	348	2
264	349	1
264	350	1
264	351	1
264	353	3
264	354	3
264	355	2
264	357	1
264	358	2
264	359	4
264	360	4
264	361	4
264	362	4
264	363	4
264	365	4
264	371	1
264	375	1
264	376	1
264	377	1
264	378	1
264	379	1
264	380	1
264	397	2
264	398	2
264	399	1
264	400	1
264	401	1
264	402	1
264	403	1
264	404	2
264	410	2
264	412	2
264	414	1
264	415	1
264	416	1
264	418	1
264	419	1
264	420	1
264	421	1
264	422	1
264	425	1
264	426	1
264	427	1
264	431	2
264	436	1
264	437	1
264	438	1
264	442	1
264	443	1
264	445	1
264	446	1
264	452	2
264	454	1
264	455	1
264	456	1
264	457	1
264	458	1
264	459	1
264	460	1
264	469	1
264	470	1
264	473	1
264	474	1
264	482	1
264	489	1
264	490	2
264	491	2
264	492	2
264	493	1
264	494	3
264	503	1
264	507	2
264	510	1
264	511	1
264	513	2
264	518	1
264	519	4
264	521	1
264	524	1
264	525	1
264	531	1
264	532	1
265	266	76
265	267	1
265	268	1
265	269	1
265	270	3
265	271	1
265	272	1
265	273	1
265	274	1
265	278	1
265	279	1
265	280	1
265	302	2
265	306	1
265	309	1
265	310	1
265	313	2
265	314	2
265	315	2
265	316	1
265	317	1
265	325	1
265	326	1
265	328	1
265	339	1
265	340	1
265	353	1
265	354	1
265	355	1
265	356	2
265	357	1
265	363	1
265	364	1
265	365	1
265	367	1
265	368	1
265	370	1
265	375	2
265	376	2
265	377	1
265	378	1
265	379	1
265	380	1
265	385	1
265	386	1
265	387	1
265	388	1
265	399	1
265	400	1
265	401	1
265	404	2
265	410	1
265	411	1
265	412	4
265	413	1
265	414	1
265	415	1
265	416	1
265	418	2
265	419	3
265	420	2
265	421	2
265	422	2
265	444	1
265	447	1
265	471	1
265	472	1
265	473	1
265	474	1
265	475	1
265	476	1
265	477	1
265	482	1
265	484	1
265	494	1
265	507	1
265	518	2
265	519	1
265	522	1
265	528	1
265	529	1
266	267	1
266	268	1
266	269	1
266	270	3
266	271	1
266	272	1
266	273	1
266	274	1
266	278	1
266	279	1
266	280	1
266	302	2
266	306	1
266	309	1
266	310	1
266	313	2
266	314	2
266	315	2
266	316	1
266	317	1
266	325	1
266	326	1
266	328	1
266	339	1
266	340	1
266	353	1
266	354	1
266	355	1
266	356	2
266	357	1
266	363	1
266	364	1
266	365	1
266	367	1
266	368	1
266	370	1
266	375	2
266	376	2
266	377	1
266	378	1
266	379	1
266	380	1
266	385	1
266	386	1
266	387	1
266	388	1
266	399	1
266	400	1
266	401	1
266	404	2
266	410	1
266	411	1
266	412	4
266	413	1
266	414	1
266	415	1
266	416	1
266	418	2
266	419	3
266	420	2
266	421	2
266	422	2
266	444	1
266	447	1
266	471	1
266	472	1
266	473	1
266	474	1
266	475	1
266	476	1
266	477	1
266	482	1
266	484	1
266	494	1
266	507	1
266	518	2
266	519	1
266	522	1
266	528	1
266	529	1
267	268	48
267	269	6
267	270	4
267	271	3
267	272	3
267	273	1
267	274	4
267	277	5
267	278	3
267	279	2
267	280	2
267	281	1
267	282	1
267	283	1
267	285	1
267	286	1
267	287	1
267	292	1
267	293	5
267	294	1
267	295	6
267	297	2
267	298	1
267	299	1
267	301	3
267	302	2
267	303	2
267	304	2
267	306	7
267	307	1
267	309	2
267	310	2
267	313	7
267	314	4
267	315	4
267	316	3
267	317	3
267	318	2
267	320	2
267	322	2
267	323	2
267	324	3
267	327	3
267	328	2
267	330	2
267	338	7
267	339	4
267	340	4
267	352	1
267	355	4
267	356	2
267	357	4
267	364	1
267	365	4
267	366	1
267	371	2
267	375	2
267	376	2
267	377	1
267	378	1
267	379	1
267	380	1
267	389	2
267	397	1
267	398	1
267	399	1
267	400	1
267	401	3
267	404	6
267	407	2
267	410	2
267	411	1
267	412	2
267	413	1
267	418	2
267	419	2
267	420	2
267	421	2
267	422	2
267	436	1
267	437	1
267	438	1
267	439	1
267	442	1
267	443	4
267	445	1
267	447	1
267	452	1
267	455	4
267	456	4
267	457	4
267	458	4
267	459	2
267	460	2
267	469	1
267	472	2
267	473	1
267	474	1
267	475	1
267	476	1
267	477	1
267	479	2
267	480	1
267	481	1
267	484	1
267	489	3
267	490	1
267	491	1
267	492	1
267	493	2
267	494	2
267	499	2
267	503	1
267	505	1
267	507	4
267	510	2
267	511	2
267	512	1
267	513	3
267	514	1
267	515	1
267	516	1
267	518	1
267	519	4
267	521	1
267	524	1
267	525	2
267	528	1
267	529	1
267	533	1
268	269	6
268	270	4
268	271	3
268	272	3
268	273	1
268	274	4
268	277	5
268	278	3
268	279	2
268	280	2
268	281	1
268	282	1
268	283	1
268	285	1
268	286	1
268	287	1
268	292	1
268	293	5
268	294	1
268	295	6
268	297	2
268	298	1
268	299	1
268	301	3
268	302	2
268	303	2
268	304	2
268	306	7
268	307	1
268	309	2
268	310	2
268	313	7
268	314	4
268	315	4
268	316	3
268	317	3
268	318	2
268	320	2
268	322	2
268	323	2
268	324	3
268	327	3
268	328	2
268	330	2
268	338	7
268	339	4
268	340	4
268	352	1
268	355	4
268	356	2
268	357	4
268	364	1
268	365	4
268	366	1
268	371	2
268	375	2
268	376	2
268	377	1
268	378	1
268	379	1
268	380	1
268	389	2
268	397	1
268	398	1
268	399	1
268	400	1
268	401	3
268	404	6
268	407	2
268	410	2
268	411	1
268	412	2
268	413	1
268	418	2
268	419	2
268	420	2
268	421	2
268	422	2
268	436	1
268	437	1
268	438	1
268	439	1
268	442	1
268	443	4
268	445	1
268	447	1
268	452	1
268	455	4
268	456	4
268	457	4
268	458	4
268	459	2
268	460	2
268	469	1
268	472	2
268	473	1
268	474	1
268	475	1
268	476	1
268	477	1
268	479	2
268	480	1
268	481	1
268	484	1
268	489	3
268	490	1
268	491	1
268	492	1
268	493	2
268	494	2
268	499	2
268	503	1
268	505	1
268	507	4
268	510	2
268	511	2
268	512	1
268	513	3
268	514	1
268	515	1
268	516	1
268	518	1
268	519	4
268	521	1
268	524	1
268	525	2
268	528	1
268	529	1
268	533	1
269	270	7
269	271	4
269	272	4
269	273	1
269	274	4
269	277	3
269	278	1
269	279	2
269	280	2
269	284	3
269	285	1
269	286	1
269	292	1
269	293	3
269	295	6
269	296	1
269	297	3
269	298	1
269	299	3
269	301	3
269	302	6
269	303	2
269	304	3
269	305	1
269	306	8
269	309	3
269	310	1
269	313	10
269	314	7
269	315	7
269	316	6
269	317	6
269	318	3
269	320	3
269	324	5
269	325	1
269	326	1
269	327	4
269	328	3
269	330	1
269	333	1
269	338	3
269	339	6
269	340	6
269	349	1
269	350	1
269	351	1
269	353	2
269	354	2
269	355	5
269	356	4
269	357	5
269	358	2
269	359	1
269	360	1
269	361	1
269	362	1
269	363	1
269	364	2
269	365	5
269	367	1
269	368	1
269	371	2
269	375	3
269	376	3
269	377	1
269	378	1
269	379	1
269	380	1
269	397	1
269	398	1
269	401	3
269	404	5
269	407	1
269	410	4
269	411	1
269	412	3
269	413	1
269	414	1
269	415	1
269	416	1
269	418	2
269	419	2
269	420	2
269	421	2
269	422	2
269	425	4
269	426	4
269	427	4
269	429	1
269	430	1
269	439	1
269	442	1
269	443	4
269	445	1
269	446	2
269	452	2
269	455	3
269	456	3
269	457	3
269	458	3
269	459	3
269	460	3
269	469	1
269	472	2
269	473	2
269	474	2
269	475	1
269	476	1
269	477	1
269	479	3
269	480	1
269	482	1
269	489	2
269	490	3
269	491	3
269	492	3
269	493	2
269	494	5
269	503	4
269	505	1
269	507	4
269	510	2
269	511	2
269	513	4
269	518	3
269	519	5
269	521	2
269	524	2
269	525	2
270	271	2
270	272	2
270	273	1
270	274	3
270	277	3
270	278	3
270	279	2
270	280	2
270	285	1
270	286	1
270	289	1
270	290	1
270	293	3
270	295	3
270	297	2
270	298	1
270	299	2
270	301	2
270	302	5
270	303	2
270	305	1
270	306	4
270	309	1
270	310	1
270	312	2
270	313	8
270	314	6
270	315	6
270	316	5
270	317	5
270	318	2
270	320	2
270	324	3
270	327	1
270	328	2
270	330	1
270	333	1
270	338	2
270	339	4
270	340	4
270	352	1
270	353	2
270	354	2
270	355	4
270	356	1
270	357	3
270	363	1
270	364	1
270	365	4
270	367	2
270	368	2
270	370	1
270	371	2
270	373	1
270	374	1
270	375	3
270	376	3
270	377	2
270	378	2
270	379	2
270	380	2
270	383	1
270	384	1
270	390	1
270	397	1
270	398	1
270	399	1
270	400	1
270	401	2
270	404	3
270	410	5
270	411	1
270	412	4
270	413	1
270	414	2
270	415	2
270	416	2
270	418	3
270	419	4
270	420	3
270	421	3
270	422	3
270	425	3
270	426	3
270	427	3
270	442	1
270	443	5
270	444	1
270	445	1
270	446	1
270	452	2
270	454	1
270	455	3
270	456	3
270	457	3
270	458	3
270	459	2
270	460	2
270	469	1
270	472	1
270	473	2
270	474	2
270	475	2
270	476	2
270	477	2
270	479	1
270	482	1
270	489	2
270	490	3
270	491	3
270	492	3
270	493	1
270	494	3
270	497	1
270	503	2
270	507	3
270	510	1
270	511	1
270	513	3
270	516	1
270	518	2
270	519	4
270	521	1
270	522	1
270	525	2
270	528	1
270	529	1
271	272	56
271	273	22
271	274	2
271	277	2
271	278	2
271	279	2
271	280	2
271	284	2
271	292	2
271	293	2
271	294	3
271	295	3
271	296	2
271	297	2
271	298	1
271	299	3
271	301	1
271	302	3
271	303	2
271	305	2
271	306	6
271	307	3
271	309	1
271	310	1
271	312	1
271	313	5
271	314	4
271	315	4
271	316	2
271	317	2
271	318	1
271	320	1
271	324	3
271	325	1
271	326	1
271	327	2
271	328	3
271	330	2
271	333	2
271	338	3
271	339	3
271	340	3
271	349	1
271	350	1
271	351	1
271	352	1
271	353	1
271	354	1
271	355	4
271	356	2
271	357	2
271	358	3
271	364	2
271	365	4
271	366	1
271	369	1
271	370	1
271	371	2
271	372	2
271	375	2
271	376	2
271	377	3
271	378	3
271	379	3
271	380	3
271	390	1
271	397	1
271	398	1
271	399	1
271	400	1
271	401	2
271	404	5
271	407	1
271	410	3
271	411	1
271	412	2
271	413	1
271	414	4
271	415	4
271	416	4
271	418	2
271	419	3
271	420	2
271	421	2
271	422	2
271	429	1
271	430	1
271	431	1
271	436	2
271	437	2
271	438	2
271	439	2
271	442	1
271	443	1
271	444	1
271	445	1
271	452	1
271	455	2
271	456	2
271	457	2
271	458	2
271	459	2
271	460	2
271	469	1
271	472	2
271	473	1
271	474	1
271	482	2
271	484	2
271	489	1
271	490	2
271	491	2
271	492	2
271	493	3
271	494	3
271	496	1
271	497	1
271	499	1
271	505	3
271	507	4
271	510	3
271	511	3
271	513	3
271	516	1
271	518	2
271	519	4
271	521	1
271	524	2
271	525	2
271	528	2
271	529	2
271	531	1
271	532	1
272	273	22
272	274	2
272	277	2
272	278	2
272	279	2
272	280	2
272	284	2
272	292	2
272	293	2
272	294	3
272	295	3
272	296	2
272	297	2
272	298	1
272	299	3
272	301	1
272	302	3
272	303	2
272	305	2
272	306	6
272	307	3
272	309	1
272	310	1
272	312	1
272	313	5
272	314	4
272	315	4
272	316	2
272	317	2
272	318	1
272	320	1
272	324	3
272	325	1
272	326	1
272	327	2
272	328	3
272	330	2
272	333	2
272	338	3
272	339	3
272	340	3
272	349	1
272	350	1
272	351	1
272	352	1
272	353	1
272	354	1
272	355	4
272	356	2
272	357	2
272	358	3
272	364	2
272	365	4
272	366	1
272	369	1
272	370	1
272	371	2
272	372	2
272	375	2
272	376	2
272	377	3
272	378	3
272	379	3
272	380	3
272	390	1
272	397	1
272	398	1
272	399	1
272	400	1
272	401	2
272	404	5
272	407	1
272	410	3
272	411	1
272	412	2
272	413	1
272	414	4
272	415	4
272	416	4
272	418	2
272	419	3
272	420	2
272	421	2
272	422	2
272	429	1
272	430	1
272	431	1
272	436	2
272	437	2
272	438	2
272	439	2
272	442	1
272	443	1
272	444	1
272	445	1
272	452	1
272	455	2
272	456	2
272	457	2
272	458	2
272	459	2
272	460	2
272	469	1
272	472	2
272	473	1
272	474	1
272	482	2
272	484	2
272	489	1
272	490	2
272	491	2
272	492	2
272	493	3
272	494	3
272	496	1
272	497	1
272	499	1
272	505	3
272	507	4
272	510	3
272	511	3
272	513	3
272	516	1
272	518	2
272	519	4
272	521	1
272	524	2
272	525	2
272	528	2
272	529	2
272	531	1
272	532	1
273	274	1
273	278	1
273	279	1
273	280	1
273	284	1
273	292	2
273	294	2
273	295	1
273	296	1
273	297	1
273	298	1
273	299	1
273	302	1
273	303	1
273	306	4
273	307	1
273	309	1
273	310	1
273	312	1
273	313	4
273	314	3
273	315	3
273	316	1
273	317	1
273	324	2
273	328	1
273	330	1
273	333	2
273	338	2
273	339	1
273	340	1
273	349	1
273	350	1
273	351	1
273	352	1
273	355	2
273	356	1
273	357	1
273	358	1
273	364	1
273	365	3
273	369	1
273	370	1
273	372	1
273	375	1
273	376	1
273	377	2
273	378	2
273	379	2
273	380	2
273	390	1
273	399	1
273	400	1
273	401	1
273	404	3
273	407	1
273	410	1
273	411	1
273	412	1
273	413	1
273	414	3
273	415	3
273	416	3
273	418	1
273	419	2
273	420	1
273	421	1
273	422	1
273	431	1
273	436	1
273	437	1
273	438	1
273	439	1
273	444	1
273	455	1
273	456	1
273	457	1
273	458	1
273	472	1
273	473	1
273	474	1
273	482	2
273	484	1
273	493	1
273	494	1
273	496	1
273	499	1
273	505	1
273	507	2
273	510	1
273	511	1
273	513	2
273	518	2
273	519	3
273	524	1
273	525	1
273	528	2
273	529	2
273	531	1
273	532	1
274	277	1
274	278	1
274	279	2
274	280	2
274	284	1
274	287	1
274	290	1
274	293	1
274	295	1
274	297	2
274	298	1
274	299	4
274	300	2
274	301	1
274	302	5
274	303	1
274	304	1
274	306	2
274	309	1
274	310	3
274	313	4
274	314	3
274	315	3
274	316	1
274	317	1
274	318	1
274	320	1
274	324	2
274	327	1
274	328	3
274	330	1
274	338	1
274	339	2
274	340	2
274	355	4
274	356	1
274	357	2
274	358	1
274	364	1
274	365	2
274	371	1
274	375	2
274	376	2
274	377	1
274	378	1
274	379	1
274	380	1
274	397	1
274	398	1
274	399	1
274	400	1
274	401	2
274	404	4
274	407	1
274	410	1
274	411	1
274	412	3
274	413	1
274	418	2
274	419	2
274	420	2
274	421	2
274	422	2
274	425	1
274	426	1
274	427	1
274	442	1
274	443	4
274	445	2
274	452	2
274	455	2
274	456	2
274	457	2
274	458	2
274	459	1
274	460	1
274	466	1
274	469	1
274	472	1
274	480	1
274	489	1
274	490	1
274	491	1
274	492	1
274	493	1
274	494	1
274	503	1
274	507	2
274	510	1
274	511	1
274	513	2
274	518	1
274	519	2
274	521	1
274	525	1
274	531	1
274	532	1
275	276	36
275	278	1
275	290	1
275	295	3
275	299	1
275	301	1
275	318	1
275	327	1
275	357	1
275	365	1
275	372	1
275	373	1
275	374	1
275	389	1
275	401	1
275	412	1
275	417	1
275	449	1
275	455	1
275	456	1
275	457	1
275	458	1
275	459	1
275	460	1
275	469	2
275	505	1
275	507	1
275	510	2
275	511	2
275	512	1
275	516	1
275	519	1
275	520	1
275	524	1
275	525	2
275	527	1
275	531	1
275	532	1
276	278	1
276	290	1
276	295	3
276	299	1
276	301	1
276	318	1
276	327	1
276	357	1
276	365	1
276	372	1
276	373	1
276	374	1
276	389	1
276	401	1
276	412	1
276	417	1
276	449	1
276	455	1
276	456	1
276	457	1
276	458	1
276	459	1
276	460	1
276	469	2
276	505	1
276	507	1
276	510	2
276	511	2
276	512	1
276	516	1
276	519	1
276	520	1
276	524	1
276	525	2
276	527	1
276	531	1
276	532	1
277	278	2
277	279	1
277	280	1
277	285	1
277	286	1
277	287	1
277	293	26
277	294	3
277	295	4
277	297	2
277	299	1
277	301	3
277	302	2
277	303	2
277	306	3
277	307	1
277	309	1
277	311	2
277	312	1
277	313	4
277	314	4
277	315	4
277	316	3
277	317	3
277	318	3
277	320	2
277	322	1
277	323	1
277	324	2
277	327	1
277	328	2
277	330	1
277	338	6
277	339	3
277	340	3
277	352	1
277	353	2
277	354	2
277	355	2
277	356	2
277	357	5
277	364	1
277	365	3
277	366	1
277	367	1
277	368	1
277	371	2
277	372	1
277	373	1
277	374	1
277	375	2
277	376	2
277	377	1
277	378	1
277	379	1
277	380	1
277	389	2
277	397	1
277	398	1
277	401	1
277	404	1
277	408	1
277	409	1
277	410	2
277	412	1
277	418	1
277	419	1
277	420	1
277	421	1
277	422	1
277	425	1
277	426	1
277	427	1
277	429	1
277	430	1
277	436	1
277	437	1
277	438	1
277	442	1
277	443	3
277	445	1
277	452	1
277	455	4
277	456	4
277	457	4
277	458	4
277	459	1
277	460	1
277	469	1
277	470	2
277	472	1
277	475	1
277	476	1
277	477	1
277	479	3
277	482	1
277	484	1
277	489	2
277	490	3
277	491	3
277	492	3
277	493	1
277	494	1
277	495	2
277	499	1
277	503	1
277	505	1
277	507	2
277	510	2
277	511	2
277	513	1
277	516	1
277	519	2
277	521	1
277	523	1
277	525	2
278	279	2
278	280	2
278	284	3
278	285	1
278	286	1
278	289	1
278	290	3
278	292	1
278	293	2
278	294	5
278	295	1
278	297	1
278	300	1
278	301	1
278	302	2
278	303	3
278	305	1
278	306	2
278	307	1
278	309	3
278	310	1
278	311	1
278	313	4
278	314	2
278	315	2
278	316	2
278	317	2
278	318	2
278	320	1
278	324	1
278	333	2
278	338	3
278	341	1
278	342	1
278	343	1
278	344	1
278	345	1
278	346	1
278	347	1
278	348	1
278	349	1
278	350	1
278	351	1
278	352	1
278	353	2
278	354	2
278	357	4
278	363	1
278	365	2
278	366	2
278	367	3
278	368	3
278	369	1
278	370	2
278	371	1
278	373	1
278	374	1
278	377	3
278	378	3
278	379	3
278	380	3
278	383	1
278	384	1
278	389	4
278	399	2
278	400	2
278	401	1
278	404	1
278	408	1
278	409	1
278	410	2
278	412	1
278	414	2
278	415	2
278	416	2
278	419	1
278	431	1
278	436	2
278	437	2
278	438	2
278	443	1
278	444	1
278	448	1
278	454	1
278	455	1
278	456	1
278	457	1
278	458	1
278	459	1
278	460	1
278	466	1
278	470	1
278	472	4
278	473	1
278	474	1
278	475	1
278	476	1
278	477	1
278	479	1
278	481	2
278	482	1
278	484	1
278	489	1
278	493	1
278	495	1
278	497	1
278	500	1
278	501	1
278	502	1
278	503	3
278	505	3
278	507	3
278	510	4
278	511	4
278	516	1
278	518	1
278	519	2
278	521	1
278	522	1
278	523	1
278	525	3
278	528	2
278	529	2
278	531	1
278	532	1
279	280	31
279	293	1
279	295	1
279	297	1
279	299	1
279	300	1
279	301	1
279	302	4
279	303	1
279	306	3
279	307	1
279	308	1
279	309	1
279	310	1
279	313	4
279	314	3
279	315	3
279	316	1
279	317	1
279	318	1
279	320	1
279	324	1
279	327	1
279	328	2
279	330	1
279	338	1
279	339	2
279	340	2
279	355	2
279	356	1
279	357	2
279	364	1
279	365	2
279	367	1
279	368	1
279	371	1
279	375	2
279	376	2
279	377	1
279	378	1
279	379	1
279	380	1
279	385	1
279	386	1
279	387	1
279	388	1
279	397	1
279	398	1
279	401	2
279	404	2
279	410	2
279	411	1
279	412	2
279	413	1
279	414	1
279	415	1
279	416	1
279	418	2
279	419	3
279	420	2
279	421	2
279	422	2
279	425	1
279	426	1
279	427	1
279	439	1
279	442	1
279	443	1
279	444	1
279	445	1
279	446	1
279	452	1
279	455	1
279	456	1
279	457	1
279	458	1
279	459	1
279	460	1
279	469	1
279	472	2
279	475	2
279	476	2
279	477	2
279	481	2
279	489	1
279	490	1
279	491	1
279	492	1
279	493	1
279	494	1
279	503	1
279	507	2
279	510	1
279	511	1
279	513	1
279	518	2
279	519	2
279	521	1
279	525	1
280	293	1
280	295	1
280	297	1
280	299	1
280	300	1
280	301	1
280	302	4
280	303	1
280	306	3
280	307	1
280	308	1
280	309	1
280	310	1
280	313	4
280	314	3
280	315	3
280	316	1
280	317	1
280	318	1
280	320	1
280	324	1
280	327	1
280	328	2
280	330	1
280	338	1
280	339	2
280	340	2
280	355	2
280	356	1
280	357	2
280	364	1
280	365	2
280	367	1
280	368	1
280	371	1
280	375	2
280	376	2
280	377	1
280	378	1
280	379	1
280	380	1
280	385	1
280	386	1
280	387	1
280	388	1
280	397	1
280	398	1
280	401	2
280	404	2
280	410	2
280	411	1
280	412	2
280	413	1
280	414	1
280	415	1
280	416	1
280	418	2
280	419	3
280	420	2
280	421	2
280	422	2
280	425	1
280	426	1
280	427	1
280	439	1
280	442	1
280	443	1
280	444	1
280	445	1
280	446	1
280	452	1
280	455	1
280	456	1
280	457	1
280	458	1
280	459	1
280	460	1
280	469	1
280	472	2
280	475	2
280	476	2
280	477	2
280	481	2
280	489	1
280	490	1
280	491	1
280	492	1
280	493	1
280	494	1
280	503	1
280	507	2
280	510	1
280	511	1
280	513	1
280	518	2
280	519	2
280	521	1
280	525	1
281	282	30
281	283	30
281	294	2
281	299	1
281	302	1
281	306	1
281	312	1
281	313	1
281	314	1
281	315	1
281	328	1
281	339	1
281	340	1
281	356	2
281	364	1
281	366	1
281	373	1
281	374	1
281	389	1
281	399	1
281	400	1
281	411	1
281	412	1
281	413	1
281	414	1
281	415	1
281	416	1
281	431	1
281	480	1
281	501	1
281	502	1
281	506	1
281	520	1
282	283	30
282	294	2
282	299	1
282	302	1
282	306	1
282	312	1
282	313	1
282	314	1
282	315	1
282	328	1
282	339	1
282	340	1
282	356	2
282	364	1
282	366	1
282	373	1
282	374	1
282	389	1
282	399	1
282	400	1
282	411	1
282	412	1
282	413	1
282	414	1
282	415	1
282	416	1
282	431	1
282	480	1
282	501	1
282	502	1
282	506	1
282	520	1
283	294	2
283	299	1
283	302	1
283	306	1
283	312	1
283	313	1
283	314	1
283	315	1
283	328	1
283	339	1
283	340	1
283	356	2
283	364	1
283	366	1
283	373	1
283	374	1
283	389	1
283	399	1
283	400	1
283	411	1
283	412	1
283	413	1
283	414	1
283	415	1
283	416	1
283	431	1
283	480	1
283	501	1
283	502	1
283	506	1
283	520	1
284	287	1
284	288	1
284	290	1
284	292	1
284	294	1
284	300	1
284	302	4
284	303	1
284	306	2
284	308	2
284	310	1
284	311	1
284	312	1
284	313	2
284	321	1
284	333	2
284	339	1
284	340	1
284	346	1
284	347	1
284	348	1
284	349	1
284	350	1
284	351	1
284	352	1
284	353	1
284	354	1
284	357	1
284	365	1
284	366	1
284	371	1
284	372	1
284	377	1
284	378	1
284	379	1
284	380	1
284	383	1
284	384	1
284	407	1
284	410	1
284	414	3
284	415	3
284	416	3
284	429	1
284	430	1
284	436	1
284	437	1
284	438	1
284	439	1
284	466	1
284	484	1
284	487	1
284	488	1
284	494	1
284	496	1
284	499	1
284	503	2
284	507	3
284	509	1
284	518	2
284	519	1
284	525	1
284	528	1
284	529	1
285	286	60
285	293	1
285	295	1
285	297	3
285	301	1
285	303	1
285	306	1
285	313	1
285	314	1
285	315	1
285	316	1
285	317	1
285	320	1
285	321	1
285	324	1
285	328	1
285	357	1
285	365	1
285	371	1
285	401	1
285	410	1
285	455	1
285	456	1
285	457	1
285	458	1
285	475	1
285	476	1
285	477	1
285	478	1
285	479	1
285	489	1
285	519	1
285	525	1
286	293	1
286	295	1
286	297	3
286	301	1
286	303	1
286	306	1
286	313	1
286	314	1
286	315	1
286	316	1
286	317	1
286	320	1
286	321	1
286	324	1
286	328	1
286	357	1
286	365	1
286	371	1
286	401	1
286	410	1
286	455	1
286	456	1
286	457	1
286	458	1
286	475	1
286	476	1
286	477	1
286	478	1
286	479	1
286	489	1
286	519	1
286	525	1
287	289	1
287	293	1
287	300	1
287	305	1
287	310	1
287	312	1
287	338	2
287	353	1
287	354	1
287	359	1
287	360	1
287	361	1
287	362	1
287	363	1
287	365	1
287	372	1
287	399	1
287	400	1
287	401	1
287	404	1
287	414	1
287	415	1
287	416	1
287	417	2
287	466	1
287	482	1
287	507	1
287	531	1
287	532	1
288	300	1
288	316	1
288	317	1
288	330	1
288	353	1
288	354	1
288	390	1
288	423	1
288	453	1
289	294	1
289	295	1
289	297	1
289	300	1
289	301	2
289	303	1
289	309	2
289	313	1
289	314	1
289	315	1
289	316	1
289	317	1
289	321	1
289	328	1
289	330	1
289	341	1
289	342	1
289	343	1
289	344	1
289	345	1
289	358	1
289	363	2
289	365	1
289	372	1
289	375	1
289	376	1
289	383	1
289	384	1
289	399	1
289	400	1
289	404	2
289	423	1
289	425	1
289	426	1
289	427	1
289	431	1
289	443	1
289	454	1
289	471	1
289	482	1
289	483	1
289	485	1
289	486	1
289	505	1
289	518	1
289	519	1
289	520	1
289	522	1
289	525	2
290	296	1
290	305	1
290	310	1
290	313	1
290	318	1
290	321	1
290	328	2
290	330	1
290	338	1
290	341	1
290	342	1
290	343	1
290	344	1
290	345	1
290	352	1
290	356	1
290	357	1
290	358	1
290	364	1
290	365	2
290	373	1
290	374	1
290	375	1
290	376	1
290	383	1
290	384	1
290	385	1
290	386	1
290	387	1
290	388	1
290	397	1
290	398	1
290	399	1
290	400	1
290	408	1
290	409	1
290	410	1
290	432	1
290	433	1
290	434	1
290	435	1
290	443	1
290	454	1
290	459	1
290	460	1
290	484	1
290	490	1
290	491	1
290	492	1
290	496	1
290	497	1
290	510	1
290	511	1
290	519	2
290	525	1
291	328	1
291	353	1
291	354	1
291	356	1
291	364	1
291	385	1
291	386	1
291	387	1
291	388	1
291	412	1
291	452	1
291	533	1
292	294	1
292	295	2
292	301	1
292	302	1
292	304	1
292	305	1
292	306	1
292	313	5
292	314	3
292	315	3
292	317	1
292	324	1
292	327	2
292	330	1
292	338	1
292	339	1
292	340	1
292	349	50
292	350	50
292	351	50
292	358	1
292	365	3
292	366	1
292	367	3
292	368	3
292	369	1
292	370	1
292	375	2
292	376	2
292	397	1
292	398	1
292	399	1
292	400	1
292	402	1
292	403	1
292	404	2
292	410	2
292	425	1
292	426	1
292	427	1
292	431	1
292	436	1
292	437	1
292	438	1
292	439	1
292	442	1
292	470	1
292	472	1
292	482	1
292	489	1
292	490	1
292	491	1
292	492	1
292	507	1
292	509	1
292	512	2
292	513	1
292	518	1
292	519	3
292	524	1
292	528	1
292	529	1
292	531	1
292	532	1
293	294	2
293	295	4
293	297	2
293	299	1
293	301	3
293	302	2
293	303	2
293	306	3
293	309	1
293	313	4
293	314	4
293	315	4
293	316	3
293	317	3
293	318	3
293	320	2
293	322	1
293	323	1
293	324	2
293	327	1
293	328	2
293	330	1
293	338	6
293	339	3
293	340	3
293	353	2
293	354	2
293	355	2
293	356	2
293	357	4
293	364	1
293	365	3
293	366	1
293	367	1
293	368	1
293	371	2
293	372	1
293	373	1
293	374	1
293	375	2
293	376	2
293	377	1
293	378	1
293	379	1
293	380	1
293	389	2
293	397	1
293	398	1
293	401	1
293	404	1
293	410	2
293	412	1
293	418	1
293	419	1
293	420	1
293	421	1
293	422	1
293	425	1
293	426	1
293	427	1
293	436	1
293	437	1
293	438	1
293	442	1
293	443	3
293	445	1
293	452	1
293	455	3
293	456	3
293	457	3
293	458	3
293	459	1
293	460	1
293	469	1
293	470	1
293	472	1
293	475	1
293	476	1
293	477	1
293	479	2
293	484	1
293	489	2
293	490	3
293	491	3
293	492	3
293	493	1
293	494	1
293	495	2
293	499	1
293	505	1
293	507	2
293	510	2
293	511	2
293	513	1
293	516	1
293	519	2
293	521	1
293	525	2
294	295	3
294	296	1
294	297	1
294	301	1
294	302	1
294	303	1
294	306	3
294	307	1
294	309	1
294	313	2
294	314	2
294	315	2
294	316	2
294	317	2
294	318	1
294	324	1
294	327	1
294	328	1
294	330	1
294	333	1
294	338	4
294	349	1
294	350	1
294	351	1
294	353	2
294	354	2
294	356	1
294	357	1
294	364	1
294	365	1
294	366	1
294	372	1
294	375	1
294	376	1
294	377	2
294	378	2
294	379	2
294	380	2
294	389	1
294	399	2
294	400	2
294	404	1
294	408	1
294	409	1
294	411	1
294	412	1
294	413	1
294	414	1
294	415	1
294	416	1
294	423	1
294	429	2
294	430	2
294	431	1
294	436	2
294	437	2
294	438	2
294	443	1
294	482	1
294	484	1
294	505	2
294	507	1
294	510	2
294	511	2
294	516	2
294	521	1
294	523	2
294	524	1
294	525	1
294	531	2
294	532	2
294	533	1
295	297	4
295	299	3
295	300	1
295	301	10
295	302	3
295	303	3
295	304	1
295	305	1
295	306	7
295	309	1
295	313	5
295	314	3
295	315	3
295	316	6
295	317	6
295	318	5
295	320	2
295	324	3
295	325	1
295	326	1
295	327	4
295	328	3
295	330	2
295	333	1
295	338	9
295	339	3
295	340	3
295	349	1
295	350	1
295	351	1
295	353	3
295	354	3
295	355	2
295	356	3
295	357	5
295	358	1
295	363	1
295	364	1
295	365	3
295	366	1
295	367	1
295	368	1
295	369	2
295	370	2
295	371	2
295	372	1
295	375	2
295	376	2
295	377	1
295	378	1
295	379	1
295	380	1
295	389	3
295	397	1
295	398	1
295	401	3
295	404	3
295	407	1
295	410	4
295	412	1
295	418	1
295	419	1
295	420	1
295	421	1
295	422	1
295	425	2
295	426	2
295	427	2
295	431	1
295	436	4
295	437	4
295	438	4
295	439	1
295	442	1
295	443	2
295	445	1
295	452	1
295	455	4
295	456	4
295	457	4
295	458	4
295	459	5
295	460	5
295	469	3
295	472	1
295	475	1
295	476	1
295	477	1
295	479	3
295	481	1
295	482	2
295	489	2
295	490	4
295	491	4
295	492	4
295	493	3
295	494	2
295	499	1
295	507	4
295	510	4
295	511	4
295	512	1
295	513	4
295	516	2
295	518	1
295	519	3
295	520	1
295	521	2
295	523	1
295	524	5
295	525	5
295	527	1
295	531	1
295	532	1
296	297	1
296	298	1
296	303	1
296	313	1
296	314	1
296	315	1
296	316	1
296	317	1
296	330	1
296	333	1
296	353	1
296	354	1
296	355	1
296	358	1
296	369	1
296	370	1
296	377	1
296	378	1
296	379	1
296	380	1
296	390	1
296	399	1
296	400	1
296	404	1
296	414	1
296	415	1
296	416	1
296	419	1
296	436	1
296	437	1
296	438	1
296	442	1
296	455	1
296	456	1
296	457	1
296	458	1
296	473	1
296	474	1
296	493	1
296	494	1
296	495	1
296	496	1
296	518	1
296	520	1
296	525	1
297	298	1
297	299	2
297	301	2
297	302	2
297	303	4
297	304	2
297	306	3
297	309	1
297	313	5
297	314	5
297	315	5
297	316	3
297	317	3
297	318	1
297	320	2
297	324	2
297	327	1
297	328	3
297	330	3
297	333	1
297	338	2
297	339	1
297	340	1
297	353	1
297	354	1
297	355	2
297	356	1
297	357	3
297	358	3
297	365	3
297	367	1
297	368	1
297	369	1
297	370	1
297	371	2
297	375	5
297	376	5
297	377	2
297	378	2
297	379	2
297	380	2
297	385	1
297	386	1
297	387	1
297	388	1
297	390	1
297	397	1
297	398	1
297	399	2
297	400	2
297	401	1
297	404	5
297	410	2
297	411	1
297	412	2
297	413	1
297	414	2
297	415	2
297	416	2
297	418	2
297	419	3
297	420	2
297	421	2
297	422	2
297	423	1
297	425	1
297	426	1
297	427	1
297	428	1
297	436	2
297	437	2
297	438	2
297	442	1
297	443	2
297	444	1
297	445	1
297	452	1
297	455	4
297	456	4
297	457	4
297	458	4
297	459	1
297	460	1
297	469	2
297	471	1
297	473	1
297	474	1
297	475	1
297	476	1
297	477	1
297	479	1
297	480	2
297	482	1
297	483	1
297	489	3
297	490	1
297	491	1
297	492	1
297	493	2
297	494	2
297	496	1
297	499	1
297	507	1
297	510	1
297	511	1
297	513	1
297	514	1
297	515	1
297	518	1
297	519	3
297	521	1
297	525	4
297	528	1
297	529	1
298	303	1
298	313	1
298	314	1
298	315	1
298	316	1
298	317	1
298	319	1
298	324	1
298	330	1
298	333	1
298	355	1
298	358	1
298	369	1
298	370	1
298	377	1
298	378	1
298	379	1
298	380	1
298	390	1
298	399	1
298	400	1
298	404	1
298	414	1
298	415	1
298	416	1
298	436	1
298	437	1
298	438	1
298	443	1
298	455	2
298	456	2
298	457	2
298	458	2
298	473	1
298	474	1
298	487	1
298	488	1
298	493	1
298	494	1
298	496	1
298	513	1
298	525	1
299	301	2
299	302	3
299	303	1
299	304	1
299	305	1
299	306	1
299	309	1
299	312	1
299	313	7
299	314	5
299	315	5
299	316	1
299	317	1
299	318	1
299	320	1
299	324	1
299	325	1
299	326	1
299	327	3
299	328	3
299	330	1
299	338	1
299	339	1
299	340	1
299	355	2
299	356	2
299	357	1
299	358	2
299	364	1
299	365	1
299	371	1
299	375	1
299	376	1
299	377	2
299	378	2
299	379	2
299	380	2
299	389	1
299	397	1
299	398	1
299	401	2
299	404	2
299	410	2
299	412	1
299	418	2
299	419	4
299	420	2
299	421	2
299	422	2
299	425	1
299	426	1
299	427	1
299	442	1
299	443	3
299	444	2
299	445	1
299	452	1
299	455	2
299	456	2
299	457	2
299	458	2
299	459	3
299	460	3
299	469	1
299	472	1
299	480	2
299	489	1
299	490	1
299	491	1
299	492	1
299	493	1
299	494	1
299	499	1
299	507	1
299	510	1
299	511	1
299	512	1
299	513	1
299	516	1
299	519	1
299	520	1
299	521	1
299	524	1
299	525	1
299	526	1
299	527	1
299	531	1
299	532	1
300	302	1
300	309	1
300	310	2
300	311	1
300	321	1
300	338	1
300	346	1
300	347	1
300	348	1
300	365	1
300	412	2
300	414	1
300	415	1
300	416	1
300	425	1
300	426	1
300	427	1
300	436	1
300	437	1
300	438	1
300	452	2
300	466	3
300	503	1
300	524	1
301	302	1
301	303	3
301	304	1
301	306	4
301	309	1
301	313	2
301	314	2
301	315	2
301	316	5
301	317	5
301	318	3
301	320	2
301	324	2
301	327	2
301	328	1
301	330	1
301	338	3
301	339	2
301	340	2
301	353	1
301	354	1
301	355	1
301	357	4
301	363	1
301	365	3
301	366	1
301	371	2
301	375	1
301	376	1
301	377	1
301	378	1
301	379	1
301	380	1
301	397	1
301	398	1
301	399	1
301	400	1
301	401	3
301	404	2
301	407	1
301	410	3
301	412	1
301	418	1
301	419	1
301	420	1
301	421	1
301	422	1
301	425	1
301	426	1
301	427	1
301	439	1
301	442	1
301	443	1
301	445	1
301	452	1
301	455	4
301	456	4
301	457	4
301	458	4
301	459	4
301	460	4
301	469	1
301	475	1
301	476	1
301	477	1
301	479	3
301	489	2
301	490	2
301	491	2
301	492	2
301	493	2
301	494	2
301	507	3
301	510	3
301	511	3
301	512	1
301	513	2
301	516	1
301	519	3
301	520	1
301	521	1
301	524	1
301	525	3
301	527	1
301	531	2
301	532	2
302	303	1
302	304	3
302	305	1
302	306	5
302	307	1
302	309	2
302	310	3
302	313	6
302	314	6
302	315	6
302	316	4
302	317	4
302	318	2
302	320	1
302	321	1
302	324	1
302	325	1
302	326	1
302	327	2
302	328	6
302	330	1
302	333	1
302	338	2
302	339	6
302	340	6
302	349	1
302	350	1
302	351	1
302	352	1
302	353	2
302	354	2
302	355	5
302	356	5
302	357	2
302	358	2
302	363	1
302	364	5
302	365	3
302	367	2
302	368	2
302	370	1
302	371	2
302	372	1
302	375	3
302	376	3
302	377	1
302	378	1
302	379	1
302	380	1
302	397	1
302	398	1
302	399	2
302	400	2
302	401	2
302	404	4
302	407	1
302	410	3
302	411	2
302	412	6
302	413	2
302	414	2
302	415	2
302	416	2
302	418	2
302	419	4
302	420	2
302	421	2
302	422	2
302	425	4
302	426	4
302	427	4
302	431	1
302	442	1
302	443	3
302	444	2
302	445	3
302	446	1
302	447	1
302	448	1
302	452	2
302	455	2
302	456	2
302	457	2
302	458	2
302	459	2
302	460	2
302	466	1
302	469	1
302	471	1
302	472	2
302	473	2
302	474	2
302	475	1
302	476	1
302	477	1
302	480	1
302	482	2
302	483	1
302	487	1
302	488	1
302	489	1
302	490	5
302	491	5
302	492	5
302	493	1
302	494	2
302	498	1
302	503	4
302	507	4
302	510	1
302	511	1
302	513	3
302	518	2
302	519	3
302	521	1
302	522	1
302	524	1
302	525	2
302	528	1
302	529	1
303	306	3
303	307	1
303	311	1
303	313	6
303	314	5
303	315	5
303	316	4
303	317	4
303	318	2
303	320	2
303	324	2
303	327	1
303	328	3
303	330	2
303	333	1
303	338	2
303	339	1
303	340	1
303	341	1
303	342	1
303	343	1
303	344	1
303	345	1
303	346	1
303	347	1
303	348	1
303	353	1
303	354	1
303	355	2
303	357	3
303	358	2
303	365	3
303	366	1
303	369	1
303	370	1
303	371	2
303	375	1
303	376	1
303	377	3
303	378	3
303	379	3
303	380	3
303	390	1
303	397	1
303	398	1
303	399	3
303	400	3
303	401	2
303	404	4
303	410	2
303	412	1
303	414	1
303	415	1
303	416	1
303	418	1
303	419	2
303	420	1
303	421	1
303	422	1
303	428	1
303	436	2
303	437	2
303	438	2
303	442	1
303	443	1
303	445	1
303	452	1
303	454	1
303	455	3
303	456	3
303	457	3
303	458	3
303	459	1
303	460	1
303	469	1
303	473	1
303	474	1
303	475	1
303	476	1
303	477	1
303	479	1
303	489	2
303	490	1
303	491	1
303	492	1
303	493	2
303	494	2
303	496	1
303	507	1
303	510	1
303	511	1
303	513	1
303	518	1
303	519	3
303	521	1
303	525	3
303	528	1
303	529	1
303	531	1
303	532	1
304	306	3
304	309	1
304	313	2
304	314	1
304	315	1
304	316	1
304	317	2
304	318	2
304	327	3
304	328	2
304	330	1
304	338	1
304	339	3
304	340	3
304	353	2
304	354	2
304	356	2
304	357	1
304	358	1
304	364	1
304	365	2
304	375	1
304	376	1
304	377	1
304	378	1
304	379	1
304	380	1
304	389	1
304	401	2
304	404	2
304	407	2
304	419	2
304	425	2
304	426	2
304	427	2
304	428	1
304	436	1
304	437	1
304	438	1
304	439	1
304	444	2
304	445	1
304	447	1
304	459	1
304	460	1
304	469	1
304	473	1
304	474	1
304	479	1
304	480	1
304	493	1
304	494	1
304	507	1
304	512	1
304	513	1
304	518	1
304	519	2
304	524	1
304	525	2
305	306	1
305	307	1
305	313	2
305	314	1
305	315	1
305	316	1
305	317	1
305	318	2
305	325	1
305	326	1
305	327	2
305	328	1
305	349	1
305	350	1
305	351	1
305	355	1
305	356	1
305	358	2
305	359	1
305	360	1
305	361	1
305	362	1
305	363	1
305	364	1
305	365	1
305	371	1
305	373	1
305	374	1
305	383	1
305	384	1
305	399	1
305	400	1
305	404	1
305	406	1
305	410	2
305	425	1
305	426	1
305	427	1
305	449	1
305	454	1
305	459	3
305	460	3
305	472	1
305	475	1
305	476	1
305	477	1
305	494	2
305	497	1
305	500	1
305	505	1
305	518	1
305	519	1
305	524	1
306	307	2
306	309	3
306	310	3
306	313	11
306	314	10
306	315	10
306	316	7
306	317	7
306	318	2
306	320	4
306	324	2
306	327	3
306	328	6
306	330	1
306	333	3
306	338	3
306	339	5
306	340	5
306	353	3
306	354	3
306	355	3
306	356	8
306	357	6
306	358	1
306	359	1
306	360	1
306	361	1
306	362	1
306	363	1
306	364	4
306	365	6
306	366	1
306	371	3
306	372	1
306	375	2
306	376	2
306	377	3
306	378	3
306	379	3
306	380	3
306	397	1
306	398	1
306	401	4
306	402	1
306	403	1
306	404	6
306	406	1
306	407	2
306	410	3
306	411	2
306	412	4
306	413	2
306	414	1
306	415	1
306	416	1
306	418	2
306	419	3
306	420	2
306	421	2
306	422	2
306	425	2
306	426	2
306	427	2
306	428	1
306	431	2
306	436	3
306	437	3
306	438	3
306	439	1
306	442	1
306	443	1
306	445	1
306	446	2
306	449	1
306	452	2
306	455	2
306	456	2
306	457	2
306	458	2
306	459	2
306	460	2
306	469	1
306	471	1
306	472	2
306	473	1
306	474	1
306	475	4
306	476	4
306	477	4
306	479	2
306	480	1
306	482	2
306	483	1
306	484	1
306	489	2
306	490	2
306	491	2
306	492	2
306	493	3
306	494	5
306	495	1
306	500	1
306	503	3
306	505	1
306	507	6
306	510	4
306	511	4
306	513	6
306	516	2
306	518	4
306	519	6
306	521	2
306	523	1
306	524	1
306	525	4
306	528	2
306	529	2
307	313	1
307	314	1
307	315	1
307	353	1
307	354	1
307	365	1
307	366	1
307	367	1
307	368	1
307	371	1
307	408	1
307	409	1
307	412	1
307	414	1
307	415	1
307	416	1
307	429	1
307	430	1
307	436	1
307	437	1
307	438	1
307	445	1
307	446	2
307	475	1
307	476	1
307	477	1
307	487	1
307	488	1
307	493	1
307	503	1
307	505	1
307	507	1
307	519	1
307	523	1
308	339	1
308	340	1
308	377	1
308	378	1
308	379	1
308	380	1
309	310	1
309	313	3
309	314	3
309	315	3
309	316	4
309	317	4
309	328	3
309	330	1
309	333	1
309	338	1
309	339	1
309	340	1
309	352	1
309	355	1
309	356	5
309	357	1
309	358	1
309	359	1
309	360	1
309	361	1
309	362	1
309	363	2
309	364	2
309	365	2
309	375	2
309	376	2
309	389	1
309	401	2
309	404	1
309	407	1
309	411	1
309	412	2
309	413	1
309	418	1
309	419	1
309	420	1
309	421	1
309	422	1
309	425	1
309	426	1
309	427	1
309	436	1
309	437	1
309	438	1
309	446	1
309	447	1
309	448	27
309	469	1
309	472	1
309	487	1
309	488	1
309	494	1
309	498	1
309	503	2
309	507	1
309	516	1
309	518	1
309	519	2
309	523	1
309	524	2
309	525	1
309	527	1
310	313	1
310	314	1
310	315	1
310	317	1
310	320	1
310	328	1
310	338	1
310	339	2
310	340	2
310	352	1
310	353	1
310	354	1
310	355	1
310	356	1
310	357	1
310	358	1
310	364	1
310	365	1
310	367	2
310	368	2
310	373	1
310	374	1
310	375	1
310	376	1
310	385	2
310	386	2
310	387	2
310	388	2
310	401	1
310	404	3
310	411	1
310	412	1
310	413	1
310	414	2
310	415	2
310	416	2
310	418	1
310	419	2
310	420	1
310	421	1
310	422	1
310	425	1
310	426	1
310	427	1
310	431	1
310	432	1
310	433	1
310	434	1
310	435	1
310	440	1
310	441	1
310	443	3
310	445	1
310	466	1
310	472	1
310	473	1
310	474	1
310	482	1
310	490	1
310	491	1
310	492	1
310	493	2
310	499	1
310	503	1
310	507	1
310	512	2
310	518	1
310	519	1
311	312	1
311	319	1
311	328	1
311	346	68
311	347	68
311	348	68
311	352	2
311	356	4
311	357	1
311	359	2
311	360	2
311	361	2
311	362	2
311	363	2
311	364	1
311	366	1
311	372	1
311	373	1
311	374	1
311	377	1
311	378	1
311	379	1
311	380	1
311	390	1
311	455	1
311	456	1
311	457	1
311	458	1
311	470	1
311	479	1
311	480	1
311	482	1
311	494	1
311	496	1
311	503	2
311	518	2
311	533	1
312	313	1
312	333	1
312	352	4
312	365	1
312	372	1
312	390	2
312	399	3
312	400	3
312	410	1
312	414	1
312	415	1
312	416	1
312	417	1
312	439	1
312	446	1
312	455	1
312	456	1
312	457	1
312	458	1
312	470	2
312	482	1
312	490	1
312	491	1
312	492	1
312	493	1
312	497	1
312	499	1
312	503	1
312	507	1
312	518	1
312	519	1
312	528	1
312	529	1
313	314	76
313	315	76
313	316	6
313	317	6
313	318	1
313	320	3
313	322	1
313	323	1
313	324	3
313	325	1
313	326	1
313	327	2
313	328	4
313	330	3
313	333	3
313	338	5
313	339	3
313	340	3
313	341	1
313	342	1
313	343	1
313	344	1
313	345	1
313	349	3
313	350	3
313	351	3
313	352	1
313	353	1
313	354	1
313	355	6
313	356	2
313	357	5
313	358	4
313	359	1
313	360	1
313	361	1
313	362	1
313	363	2
313	364	1
313	365	7
313	366	1
313	367	2
313	368	2
313	369	2
313	370	3
313	371	3
313	372	1
313	373	2
313	374	2
313	375	3
313	376	3
313	377	2
313	378	2
313	379	2
313	380	2
313	383	2
313	384	2
313	389	1
313	390	1
313	397	1
313	398	1
313	399	3
313	400	3
313	401	3
313	404	8
313	406	1
313	407	1
313	410	6
313	411	1
313	412	4
313	413	1
313	414	3
313	415	3
313	416	3
313	418	5
313	419	12
313	420	5
313	421	5
313	422	5
313	425	5
313	426	5
313	427	5
313	428	1
313	431	1
313	436	1
313	437	1
313	438	1
313	439	1
313	440	1
313	441	1
313	442	1
313	443	3
313	444	7
313	445	1
313	446	2
313	447	1
313	449	1
313	452	2
313	454	2
313	455	3
313	456	3
313	457	3
313	458	3
313	459	2
313	460	2
313	469	1
313	472	1
313	473	4
313	474	4
313	475	6
313	476	6
313	477	6
313	479	2
313	480	2
313	481	1
313	482	2
313	489	2
313	490	3
313	491	3
313	492	3
313	493	2
313	494	7
313	496	1
313	497	1
313	499	2
313	500	1
313	501	1
313	502	1
313	503	3
313	506	1
313	507	6
313	510	2
313	511	2
313	512	2
313	513	3
313	516	1
313	518	3
313	519	7
313	520	1
313	521	1
313	522	1
313	524	1
313	525	3
313	528	3
313	529	3
313	533	1
314	315	76
314	316	6
314	317	6
314	318	1
314	320	3
314	322	1
314	323	1
314	324	3
314	325	1
314	326	1
314	327	1
314	328	4
314	330	2
314	333	2
314	338	4
314	339	3
314	340	3
314	349	3
314	350	3
314	351	3
314	353	1
314	354	1
314	355	5
314	356	2
314	357	5
314	358	4
314	359	1
314	360	1
314	361	1
314	362	1
314	363	2
314	364	1
314	365	5
314	366	1
314	367	1
314	368	1
314	369	2
314	370	3
314	371	3
314	373	1
314	374	1
314	375	2
314	376	2
314	377	2
314	378	2
314	379	2
314	380	2
314	383	1
314	384	1
314	389	1
314	390	1
314	397	1
314	398	1
314	399	3
314	400	3
314	401	2
314	404	6
314	406	1
314	410	3
314	411	1
314	412	4
314	413	1
314	414	2
314	415	2
314	416	2
314	418	3
314	419	6
314	420	3
314	421	3
314	422	3
314	425	2
314	426	2
314	427	2
314	428	1
314	431	1
314	436	1
314	437	1
314	438	1
314	442	1
314	443	1
314	444	2
314	445	1
314	446	2
314	449	1
314	452	2
314	454	1
314	455	3
314	456	3
314	457	3
314	458	3
314	459	1
314	460	1
314	469	1
314	472	1
314	473	4
314	474	4
314	475	6
314	476	6
314	477	6
314	479	2
314	480	2
314	482	2
314	489	2
314	490	2
314	491	2
314	492	2
314	493	2
314	494	6
314	496	1
314	500	1
314	501	1
314	502	1
314	503	2
314	506	1
314	507	5
314	510	1
314	511	1
314	513	2
314	516	1
314	518	2
314	519	5
314	520	1
314	521	1
314	522	1
314	524	1
314	525	3
314	528	2
314	529	2
314	533	1
315	316	6
315	317	6
315	318	1
315	320	3
315	322	1
315	323	1
315	324	3
315	325	1
315	326	1
315	327	1
315	328	4
315	330	2
315	333	2
315	338	4
315	339	3
315	340	3
315	349	3
315	350	3
315	351	3
315	353	1
315	354	1
315	355	5
315	356	2
315	357	5
315	358	4
315	359	1
315	360	1
315	361	1
315	362	1
315	363	2
315	364	1
315	365	5
315	366	1
315	367	1
315	368	1
315	369	2
315	370	3
315	371	3
315	373	1
315	374	1
315	375	2
315	376	2
315	377	2
315	378	2
315	379	2
315	380	2
315	383	1
315	384	1
315	389	1
315	390	1
315	397	1
315	398	1
315	399	3
315	400	3
315	401	2
315	404	6
315	406	1
315	410	3
315	411	1
315	412	4
315	413	1
315	414	2
315	415	2
315	416	2
315	418	3
315	419	6
315	420	3
315	421	3
315	422	3
315	425	2
315	426	2
315	427	2
315	428	1
315	431	1
315	436	1
315	437	1
315	438	1
315	442	1
315	443	1
315	444	2
315	445	1
315	446	2
315	449	1
315	452	2
315	454	1
315	455	3
315	456	3
315	457	3
315	458	3
315	459	1
315	460	1
315	469	1
315	472	1
315	473	4
315	474	4
315	475	6
315	476	6
315	477	6
315	479	2
315	480	2
315	482	2
315	489	2
315	490	2
315	491	2
315	492	2
315	493	2
315	494	6
315	496	1
315	500	1
315	501	1
315	502	1
315	503	2
315	506	1
315	507	5
315	510	1
315	511	1
315	513	2
315	516	1
315	518	2
315	519	5
315	520	1
315	521	1
315	522	1
315	524	1
315	525	3
315	528	2
315	529	2
315	533	1
316	317	52
316	318	3
316	320	2
316	321	1
316	324	2
316	327	1
316	328	1
316	330	2
316	333	2
316	338	3
316	339	4
316	340	4
316	353	4
316	354	4
316	355	4
316	356	1
316	357	3
316	358	2
316	359	1
316	360	1
316	361	1
316	362	1
316	363	2
316	365	4
316	367	1
316	368	1
316	369	1
316	370	1
316	371	3
316	372	1
316	375	2
316	376	2
316	377	2
316	378	2
316	379	2
316	380	2
316	390	2
316	397	1
316	398	1
316	399	2
316	400	2
316	401	3
316	404	3
316	406	1
316	407	1
316	410	4
316	412	2
316	414	1
316	415	1
316	416	1
316	418	2
316	419	2
316	420	2
316	421	2
316	422	2
316	425	3
316	426	3
316	427	3
316	436	1
316	437	1
316	438	1
316	439	1
316	442	1
316	443	2
316	445	1
316	446	2
316	449	1
316	452	2
316	455	4
316	456	4
316	457	4
316	458	4
316	459	2
316	460	2
316	469	1
316	473	2
316	474	2
316	475	2
316	476	2
316	477	2
316	479	2
316	489	2
316	490	3
316	491	3
316	492	3
316	493	3
316	494	7
316	496	2
316	500	1
316	503	1
316	505	1
316	507	3
316	510	1
316	511	1
316	513	3
316	518	1
316	519	4
316	521	1
316	523	1
316	524	3
316	525	4
316	527	1
316	531	1
316	532	1
317	318	3
317	320	2
317	321	1
317	322	1
317	323	1
317	324	2
317	327	1
317	328	1
317	330	3
317	333	2
317	338	4
317	339	5
317	340	5
317	353	4
317	354	4
317	355	4
317	356	1
317	357	3
317	358	2
317	359	1
317	360	1
317	361	1
317	362	1
317	363	2
317	365	4
317	367	1
317	368	1
317	369	1
317	370	1
317	371	3
317	372	1
317	375	2
317	376	2
317	377	2
317	378	2
317	379	2
317	380	2
317	390	2
317	397	1
317	398	1
317	399	2
317	400	2
317	401	3
317	404	3
317	406	1
317	407	1
317	410	4
317	412	2
317	414	1
317	415	1
317	416	1
317	418	2
317	419	2
317	420	2
317	421	2
317	422	2
317	425	4
317	426	4
317	427	4
317	436	1
317	437	1
317	438	1
317	439	1
317	442	1
317	443	2
317	445	1
317	446	2
317	449	1
317	452	2
317	455	4
317	456	4
317	457	4
317	458	4
317	459	2
317	460	2
317	469	1
317	473	2
317	474	2
317	475	2
317	476	2
317	477	2
317	479	2
317	489	2
317	490	3
317	491	3
317	492	3
317	493	3
317	494	7
317	496	2
317	499	1
317	500	1
317	503	1
317	505	1
317	507	3
317	510	1
317	511	1
317	512	4
317	513	3
317	518	1
317	519	4
317	521	1
317	523	1
317	524	3
317	525	4
317	526	1
317	527	1
317	531	2
317	532	2
318	320	1
318	324	1
318	327	1
318	328	3
318	330	1
318	338	8
318	339	3
318	340	3
318	353	2
318	354	2
318	355	2
318	356	1
318	357	4
318	358	1
318	364	1
318	365	3
318	367	1
318	368	1
318	371	2
318	373	2
318	374	2
318	375	2
318	376	2
318	377	1
318	378	1
318	379	1
318	380	1
318	389	2
318	397	2
318	398	2
318	401	2
318	404	2
318	407	1
318	410	1
318	412	1
318	418	1
318	419	1
318	420	1
318	421	1
318	422	1
318	425	1
318	426	1
318	427	1
318	431	2
318	436	1
318	437	1
318	438	1
318	439	1
318	442	1
318	443	3
318	445	1
318	447	1
318	452	1
318	455	1
318	456	1
318	457	1
318	458	1
318	459	2
318	460	2
318	469	2
318	472	1
318	479	1
318	489	1
318	490	4
318	491	4
318	492	4
318	493	2
318	494	2
318	499	1
318	507	2
318	510	3
318	511	3
318	513	2
318	519	3
318	521	1
318	524	2
318	525	1
318	531	1
318	532	1
319	346	1
319	347	1
319	348	1
319	356	1
319	372	1
319	373	1
319	374	1
320	324	2
320	327	1
320	328	3
320	330	1
320	338	2
320	339	1
320	340	1
320	355	1
320	357	2
320	365	2
320	371	2
320	375	1
320	376	1
320	377	1
320	378	1
320	379	1
320	380	1
320	397	1
320	398	1
320	401	3
320	404	1
320	410	2
320	412	1
320	418	1
320	419	1
320	420	1
320	421	1
320	422	1
320	431	1
320	442	1
320	443	1
320	445	1
320	452	1
320	455	2
320	456	2
320	457	2
320	458	2
320	459	1
320	460	1
320	469	1
320	475	1
320	476	1
320	477	1
320	479	1
320	489	2
320	490	1
320	491	1
320	492	1
320	493	2
320	494	1
320	505	1
320	507	1
320	510	1
320	511	1
320	513	1
320	519	2
320	521	1
320	525	2
321	325	1
321	326	1
321	352	2
321	358	1
321	363	1
321	466	1
321	478	2
321	496	1
321	523	1
322	323	31
322	328	1
322	356	1
322	357	1
322	364	1
322	406	1
322	443	1
322	475	1
322	476	1
322	477	1
322	495	1
323	328	1
323	356	1
323	357	1
323	364	1
323	406	1
323	443	1
323	475	1
323	476	1
323	477	1
323	495	1
324	327	1
324	328	1
324	330	1
324	338	3
324	339	1
324	340	1
324	349	1
324	350	1
324	351	1
324	355	1
324	357	3
324	365	2
324	371	2
324	375	1
324	376	1
324	377	1
324	378	1
324	379	1
324	380	1
324	397	1
324	398	1
324	401	1
324	404	1
324	410	2
324	412	1
324	418	1
324	419	1
324	420	1
324	421	1
324	422	1
324	431	1
324	442	1
324	443	2
324	445	2
324	452	1
324	455	3
324	456	3
324	457	3
324	458	3
324	459	1
324	460	1
324	469	1
324	475	1
324	476	1
324	477	1
324	479	2
324	482	1
324	489	2
324	490	1
324	491	1
324	492	1
324	493	1
324	494	1
324	507	1
324	510	1
324	511	1
324	513	2
324	519	2
324	521	2
324	524	1
324	525	3
325	326	43
325	327	1
325	328	1
325	352	1
325	355	1
325	356	1
325	358	2
325	363	1
325	364	1
325	404	1
325	410	1
325	459	1
325	460	1
325	472	1
325	494	1
325	524	1
326	327	1
326	328	1
326	352	1
326	355	1
326	356	1
326	358	2
326	363	1
326	364	1
326	404	1
326	410	1
326	459	1
326	460	1
326	472	1
326	494	1
326	524	1
327	328	3
327	330	1
327	338	2
327	339	1
327	340	1
327	349	1
327	350	1
327	351	1
327	355	2
327	356	2
327	357	1
327	358	1
327	364	2
327	365	1
327	371	1
327	375	1
327	376	1
327	377	1
327	378	1
327	379	1
327	380	1
327	397	1
327	398	1
327	401	2
327	404	4
327	410	3
327	412	1
327	418	1
327	419	1
327	420	1
327	421	1
327	422	1
327	428	1
327	436	1
327	437	1
327	438	1
327	442	1
327	443	1
327	445	1
327	452	1
327	455	2
327	456	2
327	457	2
327	458	2
327	459	3
327	460	3
327	469	1
327	472	1
327	473	1
327	474	1
327	485	2
327	486	2
327	489	1
327	490	1
327	491	1
327	492	1
327	493	1
327	494	2
327	507	1
327	508	2
327	510	1
327	511	1
327	512	2
327	513	1
327	516	2
327	518	1
327	519	1
327	520	1
327	521	2
327	524	1
327	525	4
327	527	1
327	531	1
327	532	1
328	330	1
328	333	2
328	338	3
328	339	3
328	340	3
328	352	1
328	353	1
328	354	1
328	355	3
328	356	48
328	357	6
328	358	1
328	364	48
328	365	2
328	371	1
328	372	1
328	373	1
328	374	1
328	375	3
328	376	3
328	377	1
328	378	1
328	379	1
328	380	1
328	385	2
328	386	2
328	387	2
328	388	2
328	397	2
328	398	2
328	399	2
328	400	2
328	401	5
328	404	5
328	410	2
328	411	3
328	412	4
328	413	3
328	414	1
328	415	1
328	416	1
328	417	1
328	418	2
328	419	3
328	420	2
328	421	2
328	422	2
328	425	1
328	426	1
328	427	1
328	428	1
328	431	2
328	436	1
328	437	1
328	438	1
328	442	1
328	443	1
328	445	1
328	447	1
328	448	1
328	452	1
328	455	1
328	456	1
328	457	1
328	458	1
328	459	2
328	460	2
328	469	1
328	470	1
328	471	2
328	472	2
328	479	2
328	480	1
328	482	1
328	483	2
328	489	1
328	490	2
328	491	2
328	492	2
328	493	1
328	494	1
328	495	2
328	503	1
328	507	2
328	510	1
328	511	1
328	513	1
328	518	2
328	519	2
328	521	1
328	524	1
328	525	1
328	528	1
328	529	1
328	531	1
328	532	1
328	533	1
329	330	6
329	331	6
329	332	6
330	331	6
330	332	6
330	333	1
330	338	2
330	339	2
330	340	2
330	341	1
330	342	1
330	343	1
330	344	1
330	345	1
330	352	1
330	353	1
330	354	1
330	355	2
330	357	2
330	358	1
330	365	1
330	369	1
330	370	1
330	371	1
330	375	3
330	376	3
330	377	2
330	378	2
330	379	2
330	380	2
330	390	1
330	397	1
330	398	1
330	399	1
330	400	1
330	401	1
330	404	3
330	405	4
330	410	1
330	411	1
330	412	2
330	413	1
330	414	1
330	415	1
330	416	1
330	418	1
330	419	1
330	420	1
330	421	1
330	422	1
330	423	1
330	425	1
330	426	1
330	427	1
330	431	1
330	436	1
330	437	1
330	438	1
330	442	1
330	443	1
330	445	1
330	448	1
330	452	1
330	455	2
330	456	2
330	457	2
330	458	2
330	459	1
330	460	1
330	469	1
330	473	1
330	474	1
330	481	1
330	484	1
330	489	1
330	490	1
330	491	1
330	492	1
330	493	2
330	494	2
330	496	1
330	499	1
330	507	1
330	510	1
330	511	1
330	512	1
330	513	1
330	519	1
330	521	1
330	525	2
331	332	6
333	339	1
333	340	1
333	352	1
333	353	1
333	354	1
333	355	2
333	356	2
333	357	1
333	358	1
333	364	2
333	365	3
333	367	1
333	368	1
333	369	1
333	370	1
333	372	1
333	377	2
333	378	2
333	379	2
333	380	2
333	390	1
333	399	1
333	400	1
333	404	1
333	410	2
333	412	1
333	414	2
333	415	2
333	416	2
333	425	1
333	426	1
333	427	1
333	436	2
333	437	2
333	438	2
333	439	1
333	446	1
333	447	2
333	448	1
333	452	1
333	455	1
333	456	1
333	457	1
333	458	1
333	459	1
333	460	1
333	473	2
333	474	2
333	490	1
333	491	1
333	492	1
333	493	1
333	494	2
333	496	1
333	499	1
333	503	1
333	505	1
333	507	2
333	510	2
333	511	2
333	513	3
333	518	2
333	519	3
333	523	1
333	525	1
333	528	1
333	529	1
335	336	46
335	337	46
335	352	1
336	337	46
336	352	1
337	352	1
338	339	3
338	340	3
338	349	1
338	350	1
338	351	1
338	353	3
338	354	3
338	355	2
338	357	5
338	358	1
338	365	3
338	366	1
338	367	2
338	368	2
338	371	2
338	372	1
338	373	1
338	374	1
338	375	3
338	376	3
338	377	1
338	378	1
338	379	1
338	380	1
338	389	1
338	397	1
338	398	1
338	399	2
338	400	2
338	401	3
338	404	2
338	407	1
338	410	1
338	412	1
338	414	1
338	415	1
338	416	1
338	417	3
338	418	2
338	419	2
338	420	2
338	421	2
338	422	2
338	425	1
338	426	1
338	427	1
338	431	2
338	436	3
338	437	3
338	438	3
338	439	1
338	442	1
338	443	3
338	444	1
338	445	1
338	452	1
338	455	1
338	456	1
338	457	1
338	458	1
338	459	2
338	460	2
338	469	1
338	471	1
338	472	1
338	479	1
338	481	1
338	482	1
338	483	1
338	489	2
338	490	3
338	491	3
338	492	3
338	493	2
338	494	2
338	499	4
338	507	2
338	510	2
338	511	2
338	512	2
338	513	2
338	514	1
338	515	1
338	516	1
338	519	3
338	521	2
338	523	2
338	524	4
338	525	3
338	531	1
338	532	1
339	340	47
339	353	2
339	354	2
339	355	3
339	356	3
339	357	3
339	358	1
339	364	2
339	365	4
339	367	2
339	368	2
339	371	1
339	373	1
339	374	1
339	375	3
339	376	3
339	377	1
339	378	1
339	379	1
339	380	1
339	397	1
339	398	1
339	401	3
339	404	4
339	407	1
339	410	2
339	411	1
339	412	3
339	413	1
339	414	1
339	415	1
339	416	1
339	418	2
339	419	3
339	420	2
339	421	2
339	422	2
339	425	3
339	426	3
339	427	3
339	429	1
339	430	1
339	439	1
339	440	1
339	441	1
339	442	1
339	443	2
339	444	1
339	445	2
339	446	1
339	452	2
339	455	1
339	456	1
339	457	1
339	458	1
339	459	2
339	460	2
339	469	1
339	472	1
339	473	2
339	474	2
339	479	1
339	480	1
339	489	1
339	490	3
339	491	3
339	492	3
339	493	2
339	494	5
339	503	1
339	507	4
339	510	1
339	511	1
339	512	1
339	513	3
339	518	2
339	519	4
339	521	1
339	524	1
339	525	1
340	353	2
340	354	2
340	355	3
340	356	3
340	357	3
340	358	1
340	364	2
340	365	4
340	367	2
340	368	2
340	371	1
340	373	1
340	374	1
340	375	3
340	376	3
340	377	1
340	378	1
340	379	1
340	380	1
340	397	1
340	398	1
340	401	3
340	404	4
340	407	1
340	410	2
340	411	1
340	412	3
340	413	1
340	414	1
340	415	1
340	416	1
340	418	2
340	419	3
340	420	2
340	421	2
340	422	2
340	425	3
340	426	3
340	427	3
340	429	1
340	430	1
340	439	1
340	440	1
340	441	1
340	442	1
340	443	2
340	444	1
340	445	2
340	446	1
340	452	2
340	455	1
340	456	1
340	457	1
340	458	1
340	459	2
340	460	2
340	469	1
340	472	1
340	473	2
340	474	2
340	479	1
340	480	1
340	489	1
340	490	3
340	491	3
340	492	3
340	493	2
340	494	5
340	503	1
340	507	4
340	510	1
340	511	1
340	512	1
340	513	3
340	518	2
340	519	4
340	521	1
340	524	1
340	525	1
341	342	60
341	343	60
341	344	60
341	345	60
341	352	1
341	375	1
341	376	1
341	383	1
341	384	1
341	401	1
341	414	1
341	415	1
341	416	1
341	443	1
341	471	1
341	481	1
341	483	1
341	484	1
341	509	1
341	518	1
341	525	1
342	343	60
342	344	60
342	345	60
342	352	1
342	375	1
342	376	1
342	383	1
342	384	1
342	401	1
342	414	1
342	415	1
342	416	1
342	443	1
342	471	1
342	481	1
342	483	1
342	484	1
342	509	1
342	518	1
342	525	1
343	344	60
343	345	60
343	352	1
343	375	1
343	376	1
343	383	1
343	384	1
343	401	1
343	414	1
343	415	1
343	416	1
343	443	1
343	471	1
343	481	1
343	483	1
343	484	1
343	509	1
343	518	1
343	525	1
344	345	60
344	352	1
344	375	1
344	376	1
344	383	1
344	384	1
344	401	1
344	414	1
344	415	1
344	416	1
344	443	1
344	471	1
344	481	1
344	483	1
344	484	1
344	509	1
344	518	1
344	525	1
345	352	1
345	375	1
345	376	1
345	383	1
345	384	1
345	401	1
345	414	1
345	415	1
345	416	1
345	443	1
345	471	1
345	481	1
345	483	1
345	484	1
345	509	1
345	518	1
345	525	1
346	347	68
346	348	68
346	356	3
346	359	2
346	360	2
346	361	2
346	362	2
346	363	2
346	366	1
346	372	1
346	373	1
346	374	1
346	377	1
346	378	1
346	379	1
346	380	1
346	480	1
346	494	1
346	496	1
346	503	1
346	518	1
346	533	1
347	348	68
347	356	3
347	359	2
347	360	2
347	361	2
347	362	2
347	363	2
347	366	1
347	372	1
347	373	1
347	374	1
347	377	1
347	378	1
347	379	1
347	380	1
347	480	1
347	494	1
347	496	1
347	503	1
347	518	1
347	533	1
348	356	3
348	359	2
348	360	2
348	361	2
348	362	2
348	363	2
348	366	1
348	372	1
348	373	1
348	374	1
348	377	1
348	378	1
348	379	1
348	380	1
348	480	1
348	494	1
348	496	1
348	503	1
348	518	1
348	533	1
349	350	50
349	351	50
349	365	1
349	366	1
349	367	2
349	368	2
349	369	1
349	370	1
349	375	1
349	376	1
349	399	1
349	400	1
349	410	1
349	431	1
349	439	1
349	482	1
349	489	1
349	509	1
349	518	1
349	519	1
349	524	1
350	351	50
350	365	1
350	366	1
350	367	2
350	368	2
350	369	1
350	370	1
350	375	1
350	376	1
350	399	1
350	400	1
350	410	1
350	431	1
350	439	1
350	482	1
350	489	1
350	509	1
350	518	1
350	519	1
350	524	1
351	365	1
351	366	1
351	367	2
351	368	2
351	369	1
351	370	1
351	375	1
351	376	1
351	399	1
351	400	1
351	410	1
351	431	1
351	439	1
351	482	1
351	489	1
351	509	1
351	518	1
351	519	1
351	524	1
352	356	1
352	358	1
352	363	1
352	364	1
352	365	1
352	372	1
352	373	1
352	374	1
352	375	1
352	376	1
352	377	1
352	378	1
352	379	1
352	380	1
352	385	1
352	386	1
352	387	1
352	388	1
352	389	1
352	390	4
352	399	1
352	400	1
352	406	2
352	410	1
352	412	2
352	414	1
352	415	1
352	416	1
352	417	2
352	439	1
352	446	1
352	455	1
352	456	1
352	457	1
352	458	1
352	470	2
352	480	1
352	482	2
352	484	1
352	499	1
352	503	2
352	507	1
352	518	1
352	519	1
352	523	1
352	528	1
352	529	1
353	354	69
353	355	1
353	356	1
353	357	1
353	358	1
353	364	1
353	365	1
353	367	1
353	368	1
353	372	1
353	375	3
353	376	3
353	377	2
353	378	2
353	379	2
353	380	2
353	385	2
353	386	2
353	387	2
353	388	2
353	399	2
353	400	2
353	401	2
353	404	1
353	407	2
353	410	1
353	412	1
353	414	2
353	415	2
353	416	2
353	418	1
353	419	1
353	420	1
353	421	1
353	422	1
353	425	3
353	426	3
353	427	3
353	443	2
353	444	1
353	446	1
353	452	1
353	455	1
353	456	1
353	457	1
353	458	1
353	471	2
353	472	1
353	473	1
353	474	1
353	479	1
353	483	1
353	490	3
353	491	3
353	492	3
353	494	1
353	497	1
353	503	1
353	507	1
353	510	1
353	511	1
353	513	1
353	518	2
353	519	1
353	524	1
353	525	1
353	533	2
354	355	1
354	356	1
354	357	1
354	358	1
354	364	1
354	365	1
354	367	1
354	368	1
354	372	1
354	375	3
354	376	3
354	377	2
354	378	2
354	379	2
354	380	2
354	385	2
354	386	2
354	387	2
354	388	2
354	399	2
354	400	2
354	401	2
354	404	1
354	407	2
354	410	1
354	412	1
354	414	2
354	415	2
354	416	2
354	418	1
354	419	1
354	420	1
354	421	1
354	422	1
354	425	3
354	426	3
354	427	3
354	443	2
354	444	1
354	446	1
354	452	1
354	455	1
354	456	1
354	457	1
354	458	1
354	471	2
354	472	1
354	473	1
354	474	1
354	479	1
354	483	1
354	490	3
354	491	3
354	492	3
354	494	1
354	497	1
354	503	1
354	507	1
354	510	1
354	511	1
354	513	1
354	518	2
354	519	1
354	524	1
354	525	1
354	533	2
355	356	2
355	357	2
355	358	2
355	364	2
355	365	3
355	369	1
355	370	1
355	371	1
355	375	2
355	376	2
355	377	2
355	378	2
355	379	2
355	380	2
355	390	1
355	397	1
355	398	1
355	399	1
355	400	1
355	401	2
355	404	4
355	410	3
355	411	1
355	412	3
355	413	1
355	414	1
355	415	1
355	416	1
355	418	2
355	419	2
355	420	2
355	421	2
355	422	2
355	425	2
355	426	2
355	427	2
355	436	1
355	437	1
355	438	1
355	442	1
355	443	3
355	445	1
355	446	1
355	452	2
355	455	2
355	456	2
355	457	2
355	458	2
355	459	2
355	460	2
355	469	1
355	472	2
355	473	2
355	474	2
355	489	1
355	490	2
355	491	2
355	492	2
355	493	2
355	494	3
355	496	1
355	503	2
355	507	3
355	510	1
355	511	1
355	513	2
355	518	2
355	519	3
355	521	1
355	524	1
355	525	2
356	357	3
356	358	1
356	359	1
356	360	1
356	361	1
356	362	1
356	363	1
356	364	48
356	365	1
356	372	2
356	373	2
356	374	2
356	375	2
356	376	2
356	385	1
356	386	1
356	387	1
356	388	1
356	389	1
356	397	1
356	398	1
356	399	2
356	400	2
356	401	1
356	404	2
356	410	1
356	411	3
356	412	3
356	413	3
356	414	1
356	415	1
356	416	1
356	418	1
356	419	1
356	420	1
356	421	1
356	422	1
356	425	1
356	426	1
356	427	1
356	431	1
356	443	1
356	446	1
356	447	1
356	448	1
356	453	1
356	459	3
356	460	3
356	471	1
356	472	2
356	479	1
356	480	1
356	482	1
356	483	1
356	490	1
356	491	1
356	492	1
356	494	1
356	495	2
356	503	2
356	507	2
356	518	2
356	519	1
356	524	1
356	525	1
356	533	1
357	364	3
357	365	5
357	371	2
357	372	2
357	375	2
357	376	2
357	377	1
357	378	1
357	379	1
357	380	1
357	389	1
357	390	1
357	397	1
357	398	1
357	399	1
357	400	1
357	401	3
357	404	4
357	407	1
357	410	2
357	411	1
357	412	2
357	413	1
357	417	1
357	418	2
357	419	4
357	420	2
357	421	2
357	422	2
357	428	1
357	431	1
357	436	1
357	437	1
357	438	1
357	439	1
357	442	1
357	443	2
357	444	1
357	445	1
357	452	1
357	455	3
357	456	3
357	457	3
357	458	3
357	459	2
357	460	2
357	469	1
357	472	1
357	475	2
357	476	2
357	477	2
357	479	14
357	489	2
357	490	1
357	491	1
357	492	1
357	493	2
357	494	3
357	495	1
357	503	1
357	507	4
357	510	4
357	511	4
357	512	1
357	513	3
357	518	1
357	519	5
357	521	2
357	524	1
357	525	3
357	528	1
357	529	1
357	531	1
357	532	1
358	363	1
358	364	1
358	365	3
358	367	1
358	368	1
358	369	1
358	370	1
358	371	1
358	372	1
358	373	1
358	374	1
358	375	1
358	376	1
358	377	1
358	378	1
358	379	1
358	380	1
358	390	1
358	397	1
358	398	1
358	399	3
358	400	3
358	402	1
358	403	1
358	404	4
358	406	1
358	410	1
358	414	2
358	415	2
358	416	2
358	418	1
358	419	1
358	420	1
358	421	1
358	422	1
358	425	1
358	426	1
358	427	1
358	436	2
358	437	2
358	438	2
358	439	1
358	440	1
358	441	1
358	444	1
358	448	1
358	449	1
358	454	1
358	455	1
358	456	1
358	457	1
358	458	1
358	459	1
358	460	1
358	470	1
358	471	1
358	472	1
358	473	2
358	474	2
358	475	1
358	476	1
358	477	1
358	480	1
358	483	1
358	493	1
358	494	2
358	496	1
358	500	1
358	519	2
358	524	1
358	525	3
358	531	1
358	532	1
359	360	27
359	361	27
359	362	27
359	363	27
359	446	1
359	494	1
360	361	27
360	362	27
360	363	27
360	446	1
360	494	1
361	362	27
361	363	27
361	446	1
361	494	1
362	363	27
362	446	1
362	494	1
363	367	1
363	368	1
363	370	1
363	399	1
363	400	1
363	404	1
363	412	1
363	414	1
363	415	1
363	416	1
363	419	1
363	425	1
363	426	1
363	427	1
363	444	1
363	446	1
363	473	1
363	474	1
363	482	1
363	485	1
363	486	1
363	494	1
363	522	1
363	525	1
363	528	1
363	529	1
364	365	1
364	372	1
364	373	1
364	374	1
364	375	2
364	376	2
364	385	1
364	386	1
364	387	1
364	388	1
364	397	1
364	398	1
364	399	2
364	400	2
364	401	1
364	404	2
364	410	1
364	411	3
364	412	3
364	413	3
364	414	1
364	415	1
364	416	1
364	418	1
364	419	1
364	420	1
364	421	1
364	422	1
364	425	1
364	426	1
364	427	1
364	431	1
364	447	1
364	448	1
364	459	1
364	460	1
364	471	1
364	472	2
364	479	1
364	482	1
364	483	1
364	490	1
364	491	1
364	492	1
364	495	2
364	503	1
364	507	1
364	518	2
364	519	1
364	524	1
364	533	1
365	371	2
365	372	2
365	375	3
365	376	3
365	377	1
365	378	1
365	379	1
365	380	1
365	385	1
365	386	1
365	387	1
365	388	1
365	397	2
365	398	2
365	399	1
365	400	1
365	401	3
365	402	1
365	403	1
365	404	5
365	407	1
365	410	5
365	411	1
365	412	4
365	413	1
365	414	1
365	415	1
365	416	1
365	418	3
365	419	3
365	420	3
365	421	3
365	422	3
365	425	1
365	426	1
365	427	1
365	428	1
365	429	1
365	430	1
365	436	2
365	437	2
365	438	2
365	439	2
365	442	1
365	443	1
365	445	1
365	446	1
365	447	1
365	452	2
365	454	1
365	455	2
365	456	2
365	457	2
365	458	2
365	459	2
365	460	2
365	466	1
365	469	2
365	470	1
365	472	1
365	473	1
365	474	1
365	475	1
365	476	1
365	477	1
365	479	2
365	489	2
365	490	3
365	491	3
365	492	3
365	493	2
365	494	3
365	499	1
365	503	1
365	507	5
365	510	3
365	511	3
365	513	4
365	518	4
365	519	34
365	521	1
365	524	1
365	525	3
365	528	3
365	529	3
365	531	1
365	532	1
366	367	1
366	368	1
366	373	1
366	374	1
366	377	1
366	378	1
366	379	1
366	380	1
366	389	1
366	412	1
366	436	1
366	437	1
366	438	1
366	484	1
366	489	1
366	490	1
366	491	1
366	492	1
366	501	1
366	502	1
366	505	1
366	506	1
366	507	2
366	510	2
366	511	2
366	516	1
366	518	1
366	520	1
367	368	39
367	369	1
367	370	2
367	373	1
367	374	1
367	375	2
367	376	2
367	399	2
367	400	2
367	404	2
367	412	1
367	414	1
367	415	1
367	416	1
367	417	1
367	419	1
367	425	1
367	426	1
367	427	1
367	440	1
367	441	1
367	443	1
367	444	1
367	459	1
367	460	1
367	472	1
367	473	2
367	474	2
367	480	1
367	481	1
367	482	1
367	487	1
367	488	1
367	489	1
367	490	2
367	491	2
367	492	2
367	505	1
367	509	1
367	510	1
367	511	1
367	513	1
367	522	1
367	523	1
367	528	1
367	529	1
368	369	1
368	370	2
368	373	1
368	374	1
368	375	2
368	376	2
368	399	2
368	400	2
368	404	2
368	412	1
368	414	1
368	415	1
368	416	1
368	417	1
368	419	1
368	425	1
368	426	1
368	427	1
368	440	1
368	441	1
368	443	1
368	444	1
368	459	1
368	460	1
368	472	1
368	473	2
368	474	2
368	480	1
368	481	1
368	482	1
368	487	1
368	488	1
368	489	1
368	490	2
368	491	2
368	492	2
368	505	1
368	509	1
368	510	1
368	511	1
368	513	1
368	522	1
368	523	1
368	528	1
368	529	1
369	370	16
369	377	1
369	378	1
369	379	1
369	380	1
369	390	1
369	399	2
369	400	2
369	404	1
369	414	1
369	415	1
369	416	1
369	436	1
369	437	1
369	438	1
369	455	1
369	456	1
369	457	1
369	458	1
369	473	1
369	474	1
369	490	1
369	491	1
369	492	1
369	493	1
369	494	1
369	496	1
369	513	2
369	525	1
370	377	1
370	378	1
370	379	1
370	380	1
370	390	1
370	399	3
370	400	3
370	404	2
370	412	1
370	414	2
370	415	2
370	416	2
370	419	1
370	436	1
370	437	1
370	438	1
370	444	1
370	455	1
370	456	1
370	457	1
370	458	1
370	473	2
370	474	2
370	482	1
370	490	1
370	491	1
370	492	1
370	493	1
370	494	1
370	496	1
370	513	2
370	522	1
370	525	1
370	528	1
370	529	1
371	375	1
371	376	1
371	377	1
371	378	1
371	379	1
371	380	1
371	397	1
371	398	1
371	401	1
371	404	1
371	406	1
371	410	2
371	412	1
371	418	1
371	419	1
371	420	1
371	421	1
371	422	1
371	442	1
371	443	1
371	445	1
371	449	3
371	452	1
371	455	2
371	456	2
371	457	2
371	458	2
371	459	1
371	460	1
371	469	1
371	475	2
371	476	2
371	477	2
371	479	1
371	489	2
371	490	1
371	491	1
371	492	1
371	493	2
371	494	2
371	500	1
371	507	2
371	510	1
371	511	1
371	513	1
371	519	2
371	521	1
371	525	2
372	373	2
372	374	2
372	399	2
372	400	2
372	401	1
372	410	1
372	414	1
372	415	1
372	416	1
372	417	1
372	439	1
372	479	1
372	482	1
372	490	2
372	491	2
372	492	2
372	497	1
372	499	1
372	507	1
372	512	1
372	518	1
372	519	1
372	523	1
372	524	1
372	528	1
372	529	1
372	533	1
373	374	32
373	383	1
373	384	1
373	389	1
373	397	1
373	398	1
373	399	1
373	400	1
373	404	1
373	410	1
373	417	1
373	440	1
373	441	1
373	454	1
373	459	1
373	460	1
373	472	1
373	473	1
373	474	1
373	482	1
373	490	2
373	491	2
373	492	2
373	497	1
373	499	1
373	501	1
373	502	1
373	506	1
373	520	1
374	383	1
374	384	1
374	389	1
374	397	1
374	398	1
374	399	1
374	400	1
374	404	1
374	410	1
374	417	1
374	440	1
374	441	1
374	454	1
374	459	1
374	460	1
374	472	1
374	473	1
374	474	1
374	482	1
374	490	2
374	491	2
374	492	2
374	497	1
374	499	1
374	501	1
374	502	1
374	506	1
374	520	1
375	376	37
375	377	2
375	378	2
375	379	2
375	380	2
375	397	1
375	398	1
375	399	1
375	400	1
375	401	2
375	404	3
375	410	1
375	411	2
375	412	3
375	413	2
375	414	1
375	415	1
375	416	1
375	418	3
375	419	3
375	420	3
375	421	3
375	422	3
375	423	1
375	425	1
375	426	1
375	427	1
375	436	1
375	437	1
375	438	1
375	442	1
375	443	3
375	444	1
375	445	1
375	452	1
375	455	1
375	456	1
375	457	1
375	458	1
375	459	1
375	460	1
375	469	2
375	471	2
375	472	1
375	483	1
375	484	1
375	489	1
375	490	3
375	491	3
375	492	3
375	493	1
375	494	1
375	499	1
375	507	2
375	510	1
375	511	1
375	513	1
375	518	1
375	519	3
375	521	1
375	525	2
376	377	2
376	378	2
376	379	2
376	380	2
376	397	1
376	398	1
376	399	1
376	400	1
376	401	2
376	404	3
376	410	1
376	411	2
376	412	3
376	413	2
376	414	1
376	415	1
376	416	1
376	418	3
376	419	3
376	420	3
376	421	3
376	422	3
376	423	1
376	425	1
376	426	1
376	427	1
376	436	1
376	437	1
376	438	1
376	442	1
376	443	3
376	444	1
376	445	1
376	452	1
376	455	1
376	456	1
376	457	1
376	458	1
376	459	1
376	460	1
376	469	2
376	471	2
376	472	1
376	483	1
376	484	1
376	489	1
376	490	3
376	491	3
376	492	3
376	493	1
376	494	1
376	499	1
376	507	2
376	510	1
376	511	1
376	513	1
376	518	1
376	519	3
376	521	1
376	525	2
377	378	44
377	379	44
377	380	44
377	390	2
377	397	1
377	398	1
377	399	1
377	400	1
377	401	1
377	404	2
377	410	1
377	412	2
377	414	1
377	415	1
377	416	1
377	418	1
377	419	1
377	420	1
377	421	1
377	422	1
377	436	1
377	437	1
377	438	1
377	442	1
377	443	2
377	445	1
377	450	1
377	452	1
377	455	2
377	456	2
377	457	2
377	458	2
377	459	1
377	460	1
377	469	1
377	471	1
377	473	1
377	474	1
377	480	1
377	489	1
377	490	1
377	491	1
377	492	1
377	493	2
377	494	2
377	496	1
377	505	1
377	507	1
377	510	2
377	511	2
377	513	1
377	518	1
377	519	1
377	521	1
377	525	2
378	379	44
378	380	44
378	390	2
378	397	1
378	398	1
378	399	1
378	400	1
378	401	1
378	404	2
378	410	1
378	412	2
378	414	1
378	415	1
378	416	1
378	418	1
378	419	1
378	420	1
378	421	1
378	422	1
378	436	1
378	437	1
378	438	1
378	442	1
378	443	2
378	445	1
378	450	1
378	452	1
378	455	2
378	456	2
378	457	2
378	458	2
378	459	1
378	460	1
378	469	1
378	471	1
378	473	1
378	474	1
378	480	1
378	489	1
378	490	1
378	491	1
378	492	1
378	493	2
378	494	2
378	496	1
378	505	1
378	507	1
378	510	2
378	511	2
378	513	1
378	518	1
378	519	1
378	521	1
378	525	2
379	380	44
379	390	2
379	397	1
379	398	1
379	399	1
379	400	1
379	401	1
379	404	2
379	410	1
379	412	2
379	414	1
379	415	1
379	416	1
379	418	1
379	419	1
379	420	1
379	421	1
379	422	1
379	436	1
379	437	1
379	438	1
379	442	1
379	443	2
379	445	1
379	450	1
379	452	1
379	455	2
379	456	2
379	457	2
379	458	2
379	459	1
379	460	1
379	469	1
379	471	1
379	473	1
379	474	1
379	480	1
379	489	1
379	490	1
379	491	1
379	492	1
379	493	2
379	494	2
379	496	1
379	505	1
379	507	1
379	510	2
379	511	2
379	513	1
379	518	1
379	519	1
379	521	1
379	525	2
380	390	2
380	397	1
380	398	1
380	399	1
380	400	1
380	401	1
380	404	2
380	410	1
380	412	2
380	414	1
380	415	1
380	416	1
380	418	1
380	419	1
380	420	1
380	421	1
380	422	1
380	436	1
380	437	1
380	438	1
380	442	1
380	443	2
380	445	1
380	450	1
380	452	1
380	455	2
380	456	2
380	457	2
380	458	2
380	459	1
380	460	1
380	469	1
380	471	1
380	473	1
380	474	1
380	480	1
380	489	1
380	490	1
380	491	1
380	492	1
380	493	2
380	494	2
380	496	1
380	505	1
380	507	1
380	510	2
380	511	2
380	513	1
380	518	1
380	519	1
380	521	1
380	525	2
381	382	3
383	384	49
383	410	1
383	411	1
383	412	1
383	413	1
383	443	1
383	454	1
383	459	1
383	460	1
383	471	1
383	483	1
383	497	1
383	518	1
383	525	2
384	410	1
384	411	1
384	412	1
384	413	1
384	443	1
384	454	1
384	459	1
384	460	1
384	471	1
384	483	1
384	497	1
384	518	1
384	525	2
385	386	46
385	387	46
385	388	46
385	407	1
385	425	1
385	426	1
385	427	1
385	432	1
385	433	1
385	434	1
385	435	1
385	443	1
385	490	1
385	491	1
385	492	1
385	493	1
385	519	1
385	527	1
385	533	1
386	387	46
386	388	46
386	407	1
386	425	1
386	426	1
386	427	1
386	432	1
386	433	1
386	434	1
386	435	1
386	443	1
386	490	1
386	491	1
386	492	1
386	493	1
386	519	1
386	527	1
386	533	1
387	388	46
387	407	1
387	425	1
387	426	1
387	427	1
387	432	1
387	433	1
387	434	1
387	435	1
387	443	1
387	490	1
387	491	1
387	492	1
387	493	1
387	519	1
387	527	1
387	533	1
388	407	1
388	425	1
388	426	1
388	427	1
388	432	1
388	433	1
388	434	1
388	435	1
388	443	1
388	490	1
388	491	1
388	492	1
388	493	1
388	519	1
388	527	1
388	533	1
389	419	1
389	443	1
389	444	1
389	447	1
389	459	2
389	460	2
389	461	1
389	462	1
389	463	1
389	464	1
389	469	1
389	470	1
389	495	1
389	501	24
389	502	24
389	503	1
389	506	1
389	507	2
389	510	1
389	511	1
389	520	1
389	523	1
389	524	1
389	525	2
389	531	1
389	532	1
390	399	1
390	400	1
390	404	1
390	412	1
390	414	1
390	415	1
390	416	1
390	423	1
390	436	1
390	437	1
390	438	1
390	455	1
390	456	1
390	457	1
390	458	1
390	473	1
390	474	1
390	493	1
390	494	1
390	495	1
390	496	1
390	525	1
391	392	1
391	393	1
391	394	1
391	395	1
391	396	1
392	393	1
392	394	1
392	395	1
392	396	1
393	394	1
393	395	1
393	396	1
394	395	1
394	396	1
395	396	1
397	398	21
397	401	1
397	402	1
397	403	1
397	404	1
397	410	1
397	412	1
397	418	1
397	419	1
397	420	1
397	421	1
397	422	1
397	436	1
397	437	1
397	438	1
397	442	1
397	443	1
397	445	1
397	452	1
397	455	1
397	456	1
397	457	1
397	458	1
397	459	1
397	460	1
397	469	1
397	470	1
397	489	1
397	490	2
397	491	2
397	492	2
397	493	1
397	494	1
397	507	1
397	510	1
397	511	1
397	513	1
397	519	2
397	521	1
397	525	1
397	531	1
397	532	1
398	401	1
398	402	1
398	403	1
398	404	1
398	410	1
398	412	1
398	418	1
398	419	1
398	420	1
398	421	1
398	422	1
398	436	1
398	437	1
398	438	1
398	442	1
398	443	1
398	445	1
398	452	1
398	455	1
398	456	1
398	457	1
398	458	1
398	459	1
398	460	1
398	469	1
398	470	1
398	489	1
398	490	2
398	491	2
398	492	2
398	493	1
398	494	1
398	507	1
398	510	1
398	511	1
398	513	1
398	519	2
398	521	1
398	525	1
398	531	1
398	532	1
399	400	70
399	404	4
399	411	1
399	412	2
399	413	1
399	414	4
399	415	4
399	416	4
399	417	2
399	418	1
399	419	2
399	420	1
399	421	1
399	422	1
399	423	1
399	425	1
399	426	1
399	427	1
399	436	1
399	437	1
399	438	1
399	439	1
399	444	2
399	446	2
399	447	1
399	454	1
399	455	1
399	456	1
399	457	1
399	458	1
399	465	1
399	471	1
399	473	2
399	474	2
399	479	1
399	481	1
399	482	1
399	483	1
399	493	2
399	494	1
399	496	1
399	507	1
399	516	1
399	518	1
399	519	1
399	522	1
399	525	2
399	528	2
399	529	2
399	531	1
399	532	1
399	533	2
400	404	4
400	411	1
400	412	2
400	413	1
400	414	4
400	415	4
400	416	4
400	417	2
400	418	1
400	419	2
400	420	1
400	421	1
400	422	1
400	423	1
400	425	1
400	426	1
400	427	1
400	436	1
400	437	1
400	438	1
400	439	1
400	444	2
400	446	2
400	447	1
400	454	1
400	455	1
400	456	1
400	457	1
400	458	1
400	465	1
400	471	1
400	473	2
400	474	2
400	479	1
400	481	1
400	482	1
400	483	1
400	493	2
400	494	1
400	496	1
400	507	1
400	516	1
400	518	1
400	519	1
400	522	1
400	525	2
400	528	2
400	529	2
400	531	1
400	532	1
400	533	2
401	404	3
401	407	2
401	410	1
401	411	1
401	412	2
401	413	1
401	418	2
401	419	2
401	420	2
401	421	2
401	422	2
401	439	1
401	442	1
401	443	1
401	445	1
401	448	1
401	452	1
401	455	2
401	456	2
401	457	2
401	458	2
401	459	3
401	460	3
401	469	1
401	471	2
401	472	1
401	479	1
401	483	2
401	489	1
401	490	2
401	491	2
401	492	2
401	493	3
401	494	2
401	507	3
401	510	1
401	511	1
401	512	1
401	513	2
401	516	1
401	517	1
401	518	1
401	519	3
401	520	1
401	521	1
401	524	3
401	525	1
401	526	1
401	527	1
401	531	3
401	532	3
402	403	8
402	436	1
402	437	1
402	438	1
402	470	1
402	519	1
402	531	1
402	532	1
403	436	1
403	437	1
403	438	1
403	470	1
403	519	1
403	531	1
403	532	1
404	407	2
404	410	2
404	411	1
404	412	3
404	413	1
404	414	2
404	415	2
404	416	2
404	418	2
404	419	4
404	420	2
404	421	2
404	422	2
404	423	1
404	425	1
404	426	1
404	427	1
404	428	1
404	431	1
404	436	1
404	437	1
404	438	1
404	439	1
404	440	1
404	441	1
404	442	1
404	443	1
404	444	1
404	445	1
404	449	1
404	452	1
404	454	1
404	455	2
404	456	2
404	457	2
404	458	2
404	459	3
404	460	3
404	469	1
404	472	3
404	473	4
404	474	4
404	475	1
404	476	1
404	477	1
404	479	1
404	482	1
404	485	1
404	486	1
404	489	1
404	490	1
404	491	1
404	492	1
404	493	3
404	494	3
404	496	1
404	507	3
404	510	1
404	511	1
404	512	2
404	513	3
404	518	2
404	519	5
404	521	1
404	522	1
404	524	2
404	525	2
404	528	3
404	529	3
404	531	1
404	532	1
405	410	1
405	498	1
406	449	1
406	475	1
406	476	1
406	477	1
406	494	1
406	500	1
407	439	1
407	459	1
407	460	1
407	479	1
407	484	1
407	487	1
407	488	1
407	493	1
407	494	1
407	507	1
407	513	1
407	519	1
407	524	1
407	525	1
407	531	1
407	532	1
408	409	17
408	429	1
408	430	1
408	507	1
408	523	1
409	429	1
409	430	1
409	507	1
409	523	1
410	412	2
410	414	1
410	415	1
410	416	1
410	418	2
410	419	2
410	420	2
410	421	2
410	422	2
410	425	1
410	426	1
410	427	1
410	439	3
410	442	1
410	443	1
410	445	1
410	446	1
410	447	1
410	452	2
410	454	1
410	455	2
410	456	2
410	457	2
410	458	2
410	459	3
410	460	3
410	469	1
410	472	1
410	473	1
410	474	1
410	475	1
410	476	1
410	477	1
410	479	1
410	481	1
410	489	2
410	490	2
410	491	2
410	492	2
410	493	1
410	494	3
410	497	1
410	499	1
410	503	1
410	507	3
410	509	1
410	510	1
410	511	1
410	513	2
410	518	3
410	519	5
410	521	1
410	524	1
410	525	2
410	528	1
410	529	1
411	412	28
411	413	28
411	414	1
411	415	1
411	416	1
411	418	1
411	419	1
411	420	1
411	421	1
411	422	1
411	423	1
411	443	1
411	452	1
411	472	1
411	480	1
411	487	1
411	488	1
411	507	1
411	518	1
411	519	1
411	525	1
412	413	28
412	414	3
412	415	3
412	416	3
412	418	2
412	419	3
412	420	2
412	421	2
412	422	2
412	423	2
412	425	2
412	426	2
412	427	2
412	436	1
412	437	1
412	438	1
412	442	1
412	443	2
412	444	1
412	445	1
412	446	1
412	447	2
412	448	1
412	452	43
412	455	1
412	456	1
412	457	1
412	458	1
412	459	1
412	460	1
412	469	1
412	470	1
412	472	1
412	473	3
412	474	3
412	475	1
412	476	1
412	477	1
412	480	1
412	482	1
412	484	1
412	487	1
412	488	1
412	489	1
412	490	2
412	491	2
412	492	2
412	493	1
412	494	2
412	503	1
412	505	1
412	507	3
412	510	2
412	511	2
412	513	2
412	518	3
412	519	4
412	521	1
412	522	1
412	525	2
412	528	1
412	529	1
413	414	1
413	415	1
413	416	1
413	418	1
413	419	1
413	420	1
413	421	1
413	422	1
413	423	1
413	443	1
413	452	1
413	472	1
413	480	1
413	487	1
413	488	1
413	507	1
413	518	1
413	519	1
413	525	1
414	415	60
414	416	60
414	418	1
414	419	2
414	420	1
414	421	1
414	422	1
414	429	1
414	430	1
414	436	1
414	437	1
414	438	1
414	439	1
414	444	2
414	452	1
414	455	1
414	456	1
414	457	1
414	458	1
414	471	1
414	473	2
414	474	2
414	475	1
414	476	1
414	477	1
414	481	1
414	482	1
414	483	1
414	493	1
414	494	2
414	496	2
414	499	1
414	507	1
414	518	1
414	519	1
414	522	1
414	525	2
414	528	2
414	529	2
415	416	60
415	418	1
415	419	2
415	420	1
415	421	1
415	422	1
415	429	1
415	430	1
415	436	1
415	437	1
415	438	1
415	439	1
415	444	2
415	452	1
415	455	1
415	456	1
415	457	1
415	458	1
415	471	1
415	473	2
415	474	2
415	475	1
415	476	1
415	477	1
415	481	1
415	482	1
415	483	1
415	493	1
415	494	2
415	496	2
415	499	1
415	507	1
415	518	1
415	519	1
415	522	1
415	525	2
415	528	2
415	529	2
416	418	1
416	419	2
416	420	1
416	421	1
416	422	1
416	429	1
416	430	1
416	436	1
416	437	1
416	438	1
416	439	1
416	444	2
416	452	1
416	455	1
416	456	1
416	457	1
416	458	1
416	471	1
416	473	2
416	474	2
416	475	1
416	476	1
416	477	1
416	481	1
416	482	1
416	483	1
416	493	1
416	494	2
416	496	2
416	499	1
416	507	1
416	518	1
416	519	1
416	522	1
416	525	2
416	528	2
416	529	2
417	446	1
417	466	1
417	470	1
417	481	1
417	518	1
417	523	3
418	419	14
418	420	14
418	421	14
418	422	14
418	429	1
418	430	1
418	442	1
418	443	1
418	444	2
418	445	1
418	452	1
418	455	1
418	456	1
418	457	1
418	458	1
418	459	1
418	460	1
418	469	1
418	471	1
418	472	1
418	483	1
418	489	1
418	490	2
418	491	2
418	492	2
418	493	1
418	494	2
418	507	2
418	510	1
418	511	1
418	513	1
418	518	1
418	519	3
418	521	1
418	525	2
419	420	14
419	421	14
419	422	14
419	425	1
419	426	1
419	427	1
419	428	1
419	429	1
419	430	1
419	442	2
419	443	1
419	444	41
419	445	1
419	447	2
419	452	1
419	455	1
419	456	1
419	457	1
419	458	1
419	459	1
419	460	1
419	461	1
419	462	1
419	463	1
419	464	1
419	469	1
419	470	1
419	471	1
419	472	2
419	473	1
419	474	1
419	482	1
419	483	1
419	489	1
419	490	2
419	491	2
419	492	2
419	493	1
419	494	3
419	499	1
419	501	1
419	502	1
419	503	1
419	507	3
419	510	1
419	511	1
419	513	1
419	518	2
419	519	3
419	521	1
419	522	1
419	524	1
419	525	2
419	526	1
419	528	2
419	529	2
420	421	14
420	422	14
420	429	1
420	430	1
420	442	1
420	443	1
420	444	2
420	445	1
420	452	1
420	455	1
420	456	1
420	457	1
420	458	1
420	459	1
420	460	1
420	469	1
420	471	1
420	472	1
420	483	1
420	489	1
420	490	2
420	491	2
420	492	2
420	493	1
420	494	2
420	507	2
420	510	1
420	511	1
420	513	1
420	518	1
420	519	3
420	521	1
420	525	2
421	422	14
421	429	1
421	430	1
421	442	1
421	443	1
421	444	2
421	445	1
421	452	1
421	455	1
421	456	1
421	457	1
421	458	1
421	459	1
421	460	1
421	469	1
421	471	1
421	472	1
421	483	1
421	489	1
421	490	2
421	491	2
421	492	2
421	493	1
421	494	2
421	507	2
421	510	1
421	511	1
421	513	1
421	518	1
421	519	3
421	521	1
421	525	2
422	429	1
422	430	1
422	442	1
422	443	1
422	444	2
422	445	1
422	452	1
422	455	1
422	456	1
422	457	1
422	458	1
422	459	1
422	460	1
422	469	1
422	471	1
422	472	1
422	483	1
422	489	1
422	490	2
422	491	2
422	492	2
422	493	1
422	494	2
422	507	2
422	510	1
422	511	1
422	513	1
422	518	1
422	519	3
422	521	1
422	525	2
423	452	2
423	470	1
425	426	46
425	427	46
425	443	2
425	444	1
425	446	1
425	452	2
425	473	1
425	474	1
425	480	1
425	490	2
425	491	2
425	492	2
425	494	1
425	503	3
425	507	1
425	512	2
425	513	1
425	518	1
425	519	1
425	525	1
425	526	1
426	427	46
426	443	2
426	444	1
426	446	1
426	452	2
426	473	1
426	474	1
426	480	1
426	490	2
426	491	2
426	492	2
426	494	1
426	503	3
426	507	1
426	512	2
426	513	1
426	518	1
426	519	1
426	525	1
426	526	1
427	443	2
427	444	1
427	446	1
427	452	2
427	473	1
427	474	1
427	480	1
427	490	2
427	491	2
427	492	2
427	494	1
427	503	3
427	507	1
427	512	2
427	513	1
427	518	1
427	519	1
427	525	1
427	526	1
428	519	1
428	528	2
428	529	2
429	430	20
429	474	1
429	490	1
429	491	1
429	492	1
429	494	1
429	519	1
429	523	1
430	474	1
430	490	1
430	491	1
430	492	1
430	494	1
430	519	1
430	523	1
431	471	1
431	482	2
431	483	1
431	493	1
431	505	1
431	520	1
431	521	1
431	523	2
431	524	1
431	528	1
431	529	1
431	531	1
431	532	1
432	433	25
432	434	25
432	435	25
432	443	1
432	490	1
432	491	1
432	492	1
432	493	1
433	434	25
433	435	25
433	443	1
433	490	1
433	491	1
433	492	1
433	493	1
434	435	25
434	443	1
434	490	1
434	491	1
434	492	1
434	493	1
435	443	1
435	490	1
435	491	1
435	492	1
435	493	1
436	437	49
436	438	49
436	455	1
436	456	1
436	457	1
436	458	1
436	469	1
436	470	1
436	472	1
436	473	1
436	474	1
436	484	2
436	493	1
436	494	1
436	496	1
436	505	1
436	507	1
436	510	2
436	511	2
436	513	1
436	516	2
436	519	2
436	521	1
436	525	2
436	531	1
436	532	1
437	438	49
437	455	1
437	456	1
437	457	1
437	458	1
437	469	1
437	470	1
437	472	1
437	473	1
437	474	1
437	484	2
437	493	1
437	494	1
437	496	1
437	505	1
437	507	1
437	510	2
437	511	2
437	513	1
437	516	2
437	519	2
437	521	1
437	525	2
437	531	1
437	532	1
438	455	1
438	456	1
438	457	1
438	458	1
438	469	1
438	470	1
438	472	1
438	473	1
438	474	1
438	484	2
438	493	1
438	494	1
438	496	1
438	505	1
438	507	1
438	510	2
438	511	2
438	513	1
438	516	2
438	519	2
438	521	1
438	525	2
438	531	1
438	532	1
439	459	1
439	460	1
439	479	1
439	493	1
439	494	1
439	499	1
439	507	2
439	509	1
439	513	1
439	516	1
439	518	1
439	519	2
439	524	1
439	528	1
439	529	1
440	441	13
440	473	1
440	474	1
440	512	5
440	531	1
440	532	1
441	473	1
441	474	1
441	512	5
441	531	1
441	532	1
442	443	1
442	445	1
442	452	1
442	455	1
442	456	1
442	457	1
442	458	1
442	459	1
442	460	1
442	469	1
442	489	1
442	490	1
442	491	1
442	492	1
442	493	1
442	494	1
442	507	1
442	510	1
442	511	1
442	513	1
442	518	1
442	519	1
442	521	1
442	525	1
443	445	2
443	452	1
443	455	2
443	456	2
443	457	2
443	458	2
443	459	1
443	460	1
443	469	1
443	471	1
443	473	1
443	474	1
443	480	1
443	483	1
443	489	1
443	490	3
443	491	3
443	492	3
443	493	1
443	494	1
443	503	1
443	507	1
443	510	1
443	511	1
443	513	2
443	518	1
443	519	1
443	521	1
443	525	2
443	531	1
443	532	1
444	447	2
444	461	1
444	462	1
444	463	1
444	464	1
444	470	1
444	471	1
444	473	1
444	474	1
444	482	1
444	483	1
444	494	1
444	499	1
444	501	1
444	502	1
444	503	1
444	507	1
444	522	1
444	524	1
444	525	1
444	526	1
444	528	1
444	529	1
445	452	1
445	455	1
445	456	1
445	457	1
445	458	1
445	459	1
445	460	1
445	469	1
445	478	1
445	489	1
445	490	1
445	491	1
445	492	1
445	493	1
445	494	1
445	507	1
445	510	1
445	511	1
445	513	1
445	519	1
445	521	1
445	523	1
445	525	2
446	452	1
446	473	1
446	474	1
446	489	1
446	490	1
446	491	1
446	492	1
446	494	2
446	503	1
446	507	1
446	513	1
446	514	1
446	515	1
446	518	1
446	519	1
447	448	1
447	461	1
447	462	1
447	463	1
447	464	1
447	470	1
447	475	1
447	476	1
447	477	1
447	481	1
447	484	1
447	501	1
447	502	1
447	507	1
447	510	1
447	511	1
447	518	2
447	519	1
447	528	1
447	529	1
448	523	1
449	475	2
449	476	2
449	477	2
449	494	1
449	500	1
450	451	27
450	480	1
452	455	1
452	456	1
452	457	1
452	458	1
452	459	1
452	460	1
452	469	1
452	470	1
452	473	2
452	474	2
452	489	1
452	490	2
452	491	2
452	492	2
452	493	1
452	494	2
452	503	1
452	507	2
452	510	1
452	511	1
452	513	2
452	518	1
452	519	2
452	521	1
452	525	1
454	459	1
454	460	1
454	497	1
454	505	1
454	519	1
455	456	54
455	457	54
455	458	54
455	459	2
455	460	2
455	469	1
455	470	1
455	473	1
455	474	1
455	475	1
455	476	1
455	477	1
455	479	2
455	482	1
455	489	2
455	490	1
455	491	1
455	492	1
455	493	2
455	494	2
455	496	1
455	503	1
455	507	1
455	510	1
455	511	1
455	512	1
455	513	2
455	516	1
455	519	2
455	520	1
455	521	1
455	525	3
455	527	1
455	530	1
455	531	1
455	532	1
456	457	54
456	458	54
456	459	2
456	460	2
456	469	1
456	470	1
456	473	1
456	474	1
456	475	1
456	476	1
456	477	1
456	479	2
456	482	1
456	489	2
456	490	1
456	491	1
456	492	1
456	493	2
456	494	2
456	496	1
456	503	1
456	507	1
456	510	1
456	511	1
456	512	1
456	513	2
456	516	1
456	519	2
456	520	1
456	521	1
456	525	3
456	527	1
456	530	1
456	531	1
456	532	1
457	458	54
457	459	2
457	460	2
457	469	1
457	470	1
457	473	1
457	474	1
457	475	1
457	476	1
457	477	1
457	479	2
457	482	1
457	489	2
457	490	1
457	491	1
457	492	1
457	493	2
457	494	2
457	496	1
457	503	1
457	507	1
457	510	1
457	511	1
457	512	1
457	513	2
457	516	1
457	519	2
457	520	1
457	521	1
457	525	3
457	527	1
457	530	1
457	531	1
457	532	1
458	459	2
458	460	2
458	469	1
458	470	1
458	473	1
458	474	1
458	475	1
458	476	1
458	477	1
458	479	2
458	482	1
458	489	2
458	490	1
458	491	1
458	492	1
458	493	2
458	494	2
458	496	1
458	503	1
458	507	1
458	510	1
458	511	1
458	512	1
458	513	2
458	516	1
458	519	2
458	520	1
458	521	1
458	525	3
458	527	1
458	530	1
458	531	1
458	532	1
459	460	49
459	469	1
459	472	1
459	479	1
459	489	1
459	490	1
459	491	1
459	492	1
459	493	2
459	494	2
459	497	1
459	505	1
459	507	3
459	510	4
459	511	4
459	512	1
459	513	4
459	516	1
459	519	2
459	520	1
459	521	1
459	523	1
459	524	2
459	525	2
459	527	1
459	531	1
459	532	1
460	469	1
460	472	1
460	479	1
460	489	1
460	490	1
460	491	1
460	492	1
460	493	2
460	494	2
460	497	1
460	505	1
460	507	3
460	510	4
460	511	4
460	512	1
460	513	4
460	516	1
460	519	2
460	520	1
460	521	1
460	523	1
460	524	2
460	525	2
460	527	1
460	531	1
460	532	1
461	462	27
461	463	27
461	464	27
461	470	1
461	501	1
461	502	1
461	507	1
462	463	27
462	464	27
462	470	1
462	501	1
462	502	1
462	507	1
463	464	27
463	470	1
463	501	1
463	502	1
463	507	1
464	470	1
464	501	1
464	502	1
464	507	1
465	518	1
466	470	1
466	503	1
466	505	1
466	523	4
467	468	14
469	489	1
469	490	1
469	491	1
469	492	1
469	493	1
469	494	1
469	507	1
469	510	1
469	511	1
469	513	1
469	519	2
469	521	1
469	524	1
469	525	1
470	482	1
470	487	1
470	488	1
470	501	1
470	502	1
470	503	1
470	507	1
470	519	1
470	523	1
470	531	1
470	532	1
471	482	1
471	483	48
471	507	1
471	518	1
471	525	3
472	473	1
472	474	1
472	481	1
472	484	1
472	490	1
472	491	1
472	492	1
472	493	3
472	494	1
472	499	1
472	507	1
472	518	2
472	519	1
472	524	1
473	474	47
473	482	1
473	490	1
473	491	1
473	492	1
473	493	1
473	494	3
473	496	1
473	503	1
473	507	2
473	513	1
473	518	1
473	519	1
473	522	1
473	525	1
473	528	1
473	529	1
474	482	1
474	490	1
474	491	1
474	492	1
474	493	1
474	494	3
474	496	1
474	503	1
474	507	2
474	513	1
474	518	1
474	519	1
474	522	1
474	525	1
474	528	1
474	529	1
475	476	37
475	477	37
475	479	1
475	484	1
475	489	1
475	494	2
475	500	1
475	503	1
475	518	1
475	519	1
475	525	1
476	477	37
476	479	1
476	484	1
476	489	1
476	494	2
476	500	1
476	503	1
476	518	1
476	519	1
476	525	1
477	479	1
477	484	1
477	489	1
477	494	2
477	500	1
477	503	1
477	518	1
477	519	1
477	525	1
479	489	1
479	493	1
479	494	1
479	507	1
479	513	1
479	519	2
479	521	1
479	524	1
479	525	1
480	494	1
480	503	1
480	509	1
481	493	1
481	499	1
481	518	2
482	483	1
482	493	1
482	503	1
482	513	1
482	518	1
482	522	1
482	524	1
482	528	1
482	529	1
483	507	1
483	518	1
483	525	3
484	505	1
484	507	1
484	510	1
484	511	1
484	516	1
484	518	1
484	531	1
484	532	1
485	486	20
485	508	2
485	525	1
486	508	2
486	525	1
487	488	14
487	525	1
488	525	1
489	490	1
489	491	1
489	492	1
489	493	1
489	494	1
489	499	1
489	507	1
489	510	1
489	511	1
489	513	1
489	514	9
489	515	9
489	519	2
489	521	1
489	525	2
490	491	46
490	492	46
490	493	1
490	494	2
490	497	1
490	499	1
490	503	1
490	507	4
490	510	2
490	511	2
490	513	3
490	518	1
490	519	3
490	521	1
490	525	1
490	526	1
490	531	1
490	532	1
491	492	46
491	493	1
491	494	2
491	497	1
491	499	1
491	503	1
491	507	4
491	510	2
491	511	2
491	513	3
491	518	1
491	519	3
491	521	1
491	525	1
491	526	1
491	531	1
491	532	1
492	493	1
492	494	2
492	497	1
492	499	1
492	503	1
492	507	4
492	510	2
492	511	2
492	513	3
492	518	1
492	519	3
492	521	1
492	525	1
492	526	1
492	531	1
492	532	1
493	494	3
493	496	1
493	503	1
493	507	2
493	510	1
493	511	1
493	513	2
493	519	2
493	521	1
493	524	1
493	525	2
493	526	1
494	496	1
494	500	1
494	503	2
494	507	3
494	510	1
494	511	1
494	513	3
494	518	1
494	519	3
494	521	1
494	524	1
494	525	2
495	520	1
496	525	1
497	522	1
499	507	1
499	512	1
499	514	1
499	515	1
499	518	1
499	519	1
499	526	2
499	528	1
499	529	1
499	531	1
499	532	1
501	502	24
501	506	1
501	507	1
501	520	1
502	506	1
502	507	1
502	520	1
503	507	1
503	513	1
503	518	1
503	519	1
505	507	1
505	509	1
505	510	4
505	511	4
505	513	1
505	516	1
505	518	1
505	520	1
505	523	1
505	525	1
506	520	1
507	510	4
507	511	4
507	513	4
507	516	1
507	518	3
507	519	5
507	521	1
507	524	1
507	525	3
507	528	1
507	529	1
508	525	1
510	511	40
510	513	3
510	516	1
510	519	3
510	521	1
510	523	1
510	525	2
511	513	3
511	516	1
511	519	3
511	521	1
511	523	1
511	525	2
512	516	1
512	520	1
512	526	1
512	527	1
512	531	4
512	532	4
513	518	1
513	519	4
513	521	1
513	523	1
513	524	1
513	525	1
513	528	1
513	529	1
514	515	9
516	520	1
516	521	1
516	525	1
516	527	1
516	531	1
516	532	1
518	519	4
518	525	1
518	528	1
518	529	1
519	521	1
519	524	1
519	525	3
519	528	2
519	529	2
519	531	1
519	532	1
520	527	1
520	531	1
520	532	1
521	523	1
521	525	2
521	528	1
521	529	1
522	528	1
522	529	1
523	528	1
523	529	1
524	527	1
526	531	4
526	532	4
527	531	1
527	532	1
528	529	15
531	532	55