key,title,authors,year,doi,journal,item_type,oa_status,oa_color,best_oa_pdf_url,best_oa_url,license,version,has_repository_copy,oa_locations_count,journal_is_oa,journal_is_in_doaj,cited_by_count,abstract_quality_score,abstract_quality_level
CaeSus_2020,Sustainability Assessment and Benchmarking in Higher Education Institutions-A Critical Reflection,"Caeiro, S.; Sandoval-Hamón, L.A.S.; Martins, R.; Bayas Aldaz, C.E.B.",2020,10.3390/su12020543,Sustainability (Switzerland),Journal Article,gold,gold,https://www.mdpi.com/2071-1050/12/2/543/pdf?version=1579060385,https://www.mdpi.com/2071-1050/12/2/543/pdf?version=1579060385,cc-by,publishedVersion,True,6,True,False,175,75.2,high
FueInt_2019,"Integrating Sustainability into Higher Education Curricula through the Project Method, a Global Learning Strategy","Fuertes Camacho, M.T.; Graell-Martín, M.; Fuentes-Loss, M.; Balaguer Fàbregas, M.C.",2019,10.3390/su11030767,Sustainability (Switzerland),Journal Article,gold,gold,https://www.mdpi.com/2071-1050/11/3/767/pdf?version=1549020064,https://www.mdpi.com/2071-1050/11/3/767/pdf?version=1549020064,cc-by,publishedVersion,True,3,True,False,148,55.9,medium
CotEdu_2019,Education of sustainable development goals through students’ active engagement: A transformative learning experience,"Cottafava, D.; Cavaglià, G.; Corazza, L.",2019,10.1108/sampj-05-2018-0152,"Sustainability Accounting, Management and Policy Journal",Journal Article,green,green,,http://hdl.handle.net/2318/1715868,other-oa,submittedVersion,True,1,False,False,125,65.0,medium
WilImp_2019,Implementing Competence Orientation: Towards Constructively Aligned Education for Sustainable Development in University-Level Teaching-And-Learning,"Wilhelm, S.; Förster, R.; Zimmermann, A.B.",2019,10.3390/su11071891,Sustainability (Switzerland),Journal Article,gold,gold,https://www.mdpi.com/2071-1050/11/7/1891/pdf?version=1554173356,https://www.mdpi.com/2071-1050/11/7/1891/pdf?version=1554173356,cc-by,publishedVersion,True,3,True,False,116,64.9,medium
DloCom_2019,Competences to Address SDGs in Higher Education-A Reflection on the Equilibrium between Systemic and Personal Approaches to Achieve Transformative Action,"Dlouhá, J.; Heras, R.; Mulà, I.; Perez Salgado, F.P.; Henderson, L.",2019,10.3390/su11133664,Sustainability (Switzerland),Journal Article,gold,gold,https://www.mdpi.com/2071-1050/11/13/3664/pdf?version=1562319253,https://www.mdpi.com/2071-1050/11/13/3664/pdf?version=1562319253,cc-by,publishedVersion,True,7,True,False,109,53.5,medium
ExpImp_2020,Implementation of SDGs in university teaching: A course for professional development of teachers in education for sustainability for a transformative action,"Expósito, L.M.C.; Granados Sánchez, J.G.",2020,10.3390/su12198267,Sustainability (Switzerland),Journal Article,gold,gold,https://www.mdpi.com/2071-1050/12/19/8267/pdf?version=1602377789,https://www.mdpi.com/2071-1050/12/19/8267/pdf?version=1602377789,cc-by,publishedVersion,True,4,True,False,81,82.5,high
StrUsi_2019,Using Vertically Integrated Projects to embed research-based education for sustainable development in undergraduate curricula,"Strachan, S.M.; Marshall, S.; Murray, P.; Coyle, E.J.; Sonnenberg-Klein, J.",2019,10.1108/ijshe-10-2018-0198,International Journal of Sustainability in Higher Education,Journal Article,hybrid,hybrid,https://www.emerald.com/insight/content/doi/10.1108/IJSHE-10-2018-0198/full/pdf?title=using-vertically-integrated-projects-to-embed-research-based-education-for-sustainable-development-in-undergraduate-curricula,https://www.emerald.com/insight/content/doi/10.1108/IJSHE-10-2018-0198/full/pdf?title=using-vertically-integrated-projects-to-embed-research-based-education-for-sustainable-development-in-undergraduate-curricula,cc-by,publishedVersion,False,1,False,False,75,63.2,medium
SamLea_2016,Learning about Sustainability-What Influences Students' Self-Perceived Sustainability Actions after Undergraduate Education?,"Sammalisto, K.; Sundström, A.; von Haartman, R.; Holm, T.; Yao, Z.",2016,10.3390/su8060510,Sustainability (Switzerland),Journal Article,gold,gold,https://www.mdpi.com/2071-1050/8/6/510/pdf?version=1464337392,https://www.mdpi.com/2071-1050/8/6/510/pdf?version=1464337392,cc-by,publishedVersion,True,4,True,False,72,50.3,medium
MerThe_2017,The use of educational game design and play in higher education to influence sustainable behaviour,"Mercer, T.G.; Kythreotis, A.P.; Robinson, Z.P.; Stolte, T.; George, S.M.",2017,10.1108/ijshe-03-2015-0064,International Journal of Sustainability in Higher Education,Journal Article,green,green,,http://dspace.lib.cranfield.ac.uk/handle/1826/11652,cc-by-nc,submittedVersion,True,2,False,False,70,77.5,high
SchDev_2020,Developing ESD Competences in Higher Education Institutions-Staff Training at the University of Vechta,"Scherak, L.; Rieckmann, M.",2020,10.3390/su122410336,Sustainability (Switzerland),Journal Article,gold,gold,https://www.mdpi.com/2071-1050/12/24/10336/pdf?version=1608562247,https://www.mdpi.com/2071-1050/12/24/10336/pdf?version=1608562247,cc-by,publishedVersion,True,3,True,False,68,71.8,high
HolMon_2020,Monitoring Progress of Change: Implementation of Education for Sustainable Development (ESD) within Documents of the German Education System,"Holst, J.; Brock, A.; Singer-Brodowski, M.; de Haan, G.",2020,10.3390/su12104306,Sustainability (Switzerland),Journal Article,gold,gold,https://www.mdpi.com/2071-1050/12/10/4306/pdf?version=1590467987,https://www.mdpi.com/2071-1050/12/10/4306/pdf?version=1590467987,cc-by,publishedVersion,True,5,True,False,67,51.0,medium
BraFos_2021,"Fostering Sustainability Knowledge, Attitudes, and Behaviours through a Tutor-Supported Interdisciplinary Course in Education for Sustainable Development","Brassler, M.; Sprenger, S.",2021,10.3390/su13063494,Sustainability (Switzerland),Journal Article,gold,gold,https://www.mdpi.com/2071-1050/13/6/3494/pdf?version=1616399800,https://www.mdpi.com/2071-1050/13/6/3494/pdf?version=1616399800,cc-by,publishedVersion,True,3,True,False,61,58.0,medium
PriSup_2021,Supporting the role of universities in leading individual and societal transformation through education for sustainable development,"Price, E.A.C.; White, R.M.; Mori, K.; Longhurst, J.; Baughan, P.",2021,10.1007/s43621-021-00058-3,Discover Sustainability,Journal Article,gold,gold,https://link.springer.com/content/pdf/10.1007/s43621-021-00058-3.pdf,https://link.springer.com/content/pdf/10.1007/s43621-021-00058-3.pdf,cc-by,publishedVersion,True,3,True,True,59,61.0,medium
SimDev_2013,Developing Competencies for Education for Sustainable Development: A Case Study of Canadian Faculties of Education,"Sims, Laura; Falkenberg, Thomas",2013,nan,International Journal of Higher Education,Journal Article,bronze,,,,,,,0,,,58,54.5,medium
RisCom_2020,Competences for solving complex problems: A cross-sectional survey on higher education for sustainability learning and transdisciplinarity,"Risopoulos-Pichler, F.; Daghofer, F.; Steiner, G.",2020,10.3390/su12156016,Sustainability (Switzerland),Journal Article,gold,gold,https://www.mdpi.com/2071-1050/12/15/6016/pdf,https://www.mdpi.com/2071-1050/12/15/6016/pdf,cc-by,publishedVersion,True,3,True,False,57,57.5,medium
SinFac_2022,Facing Crises of Unsustainability: Creating and Holding Safe Enough Spaces for Transformative Learning in Higher Education for Sustainable Development,"Singer-Brodowski, M.; Förster, R.; Eschenbacher, S.; Biberhofer, P.; Getzin, S.",2022,10.3389/feduc.2022.787490,Frontiers in Education,Journal Article,gold,gold,https://www.frontiersin.org/articles/10.3389/feduc.2022.787490/pdf,https://www.frontiersin.org/articles/10.3389/feduc.2022.787490/pdf,cc-by,publishedVersion,True,4,True,True,55,40.2,low
MarSer_2022,"Service Learning as an Education for Sustainable Development (ESD) Teaching Strategy: Design, Implementation, and Evaluation in a STEM University Course","Martín-Sánchez, A; González-Gómez, D; Jeong, JS",2022,10.3390/su14126965,SUSTAINABILITY,Journal Article,gold,gold,https://www.mdpi.com/2071-1050/14/12/6965/pdf?version=1654674901,https://www.mdpi.com/2071-1050/14/12/6965/pdf?version=1654674901,cc-by,publishedVersion,True,2,True,False,55,58.1,medium
BadThe_2020,The Impact of Education for Sustainable Development on Romanian Economics and Business Students' Behavior,"Badea, L.; Şerban-Oprescu, G.L.; Dedu, S.; Piroscă, G.I.",2020,10.3390/su12198169,Sustainability (Switzerland),Journal Article,gold,gold,https://www.mdpi.com/2071-1050/12/19/8169/pdf?version=1601720939,https://www.mdpi.com/2071-1050/12/19/8169/pdf?version=1601720939,cc-by,publishedVersion,True,3,True,False,53,54.8,medium
ShiThe_2024,The influence of using smart technologies for sustainable development in higher education institutions,"Shishakly, R.; Almaiah, M.A.; Lutfi, A.; Alrawad, M.",2024,10.5267/j.ijdns.2023.10.015,International Journal of Data and Network Science,Journal Article,diamond,gold,https://doi.org/10.5267/j.ijdns.2023.10.015,https://doi.org/10.5267/j.ijdns.2023.10.015,cc-by,publishedVersion,True,2,True,True,52,62.6,medium
KjeEdu_2021,Education for a Sustainable Future: Strategies for Holistic Global Competence Development at Engineering Institutions,"Kjellgren, B.; Richter, T.",2021,10.3390/su132011184,Sustainability (Switzerland),Journal Article,gold,gold,https://www.mdpi.com/2071-1050/13/20/11184/pdf?version=1633942627,https://www.mdpi.com/2071-1050/13/20/11184/pdf?version=1633942627,cc-by,publishedVersion,True,3,True,False,51,58.6,medium
BiaAss_2016,Assessing the infusion of sustainability principles into university curricula,"Biasutti, Michele; De Baz, Theodora; Alshawa, Hala",2016,10.1515/jtes-2016-0012,Journal of Teacher Education for Sustainability,Journal Article,diamond,gold,https://sciendo.com/pdf/10.1515/jtes-2016-0012,https://sciendo.com/pdf/10.1515/jtes-2016-0012,cc-by-nc-nd,publishedVersion,True,2,True,False,50,62.0,medium
AyeThe_2020,The Use of Reflective Pedagogies in Sustainability Leadership Education-A Case Study,"Ayers, J; Bryant, J; Missimer, M",2020,10.3390/su12176726,SUSTAINABILITY,Journal Article,gold,gold,https://www.mdpi.com/2071-1050/12/17/6726/pdf?version=1597897695,https://www.mdpi.com/2071-1050/12/17/6726/pdf?version=1597897695,cc-by,publishedVersion,True,4,True,False,50,42.8,low
OrlRef_2020,Reflections on the learning objectives for sustainable development in the higher education curricula - three cases from the University of Belgrade,"Orlović-Lovren, V.; Maruna, M.; Stanarevic, S.",2020,10.1108/ijshe-09-2019-0260,International Journal of Sustainability in Higher Education,Journal Article,green,green,,https://raf.arh.bg.ac.rs/handle/123456789/513,cc-by-nc-nd,submittedVersion,True,2,False,False,49,64.5,medium
DemFos_2023,Fostering students' systems thinking competence for sustainability by using multiple real-world learning approaches,"Demssie, Y.N.; Biemans, H.J.A.; Wesselink, R.; Mulder, M.",2023,10.1080/13504622.2022.2141692,Environmental Education Research,Journal Article,hybrid,hybrid,,https://doi.org/10.1080/13504622.2022.2141692,cc-by-nc-nd,publishedVersion,True,2,False,False,47,71.3,high
ZwoSus_2022,Sustainable Development in Education from Students' Perspective-Implementation of Sustainable Development in Curricula,"Zwolińska-Glądys, K.; Lorenc, S.; Pomykała, R.",2022,10.3390/su14063398,Sustainability (Switzerland),Journal Article,gold,gold,https://www.mdpi.com/2071-1050/14/6/3398/pdf?version=1647275836,https://www.mdpi.com/2071-1050/14/6/3398/pdf?version=1647275836,cc-by,publishedVersion,True,2,True,False,47,53.8,medium
MigAss_2020,Assessment of the Development of Professional Skills in University Students: Sustainability and Serious Games,"Miguel, NP; Lage, JC; Galindez, AM",2020,10.3390/su12031014,SUSTAINABILITY,Journal Article,gold,gold,https://www.mdpi.com/2071-1050/12/3/1014/pdf?version=1580470463,https://www.mdpi.com/2071-1050/12/3/1014/pdf?version=1580470463,cc-by,publishedVersion,True,4,True,False,47,67.7,medium
SánEdu_2021,Education for Sustainable Development in Spanish University Education Degrees,"Sánchez-Carracedo, F.; Moreno-Pino, F.M.; Romero-Portillo, D.; Sureda, B.",2021,10.3390/su13031467,Sustainability (Switzerland),Journal Article,gold,gold,https://www.mdpi.com/2071-1050/13/3/1467/pdf?version=1612236602,https://www.mdpi.com/2071-1050/13/3/1467/pdf?version=1612236602,cc-by,publishedVersion,True,6,True,False,43,83.9,high
HueSus_2022,Sustainable development in higher education in Nordic countries: exploring E-Learning mechanisms and SDG coverage in MOOCs,"Hueske, A.-K.; Aggestam-Pontoppidan, C.; Iosif-Lazar, L.-C.",2022,10.1108/ijshe-07-2020-0276,International Journal of Sustainability in Higher Education,Journal Article,green,green,,https://research.cbs.dk/en/publications/1dfb40b7-be7a-483a-9295-8e4aaff2351d,other-oa,acceptedVersion,True,1,False,False,42,80.0,high
MasLiv_2017,Living Labs in Architecture as Innovation Arenas within Higher Education Institutions,"Masseck, T.",2017,10.1016/j.egypro.2017.05.035,Energy Procedia,Conference Paper,diamond,gold,,https://doi.org/10.1016/j.egypro.2017.05.035,cc-by-nc-nd,publishedVersion,True,2,True,False,42,51.5,medium
Al-Ass_2022,"Assessment of Knowledge, Attitude and Practice towards Sustainability Aspects among Higher Education Students in Qatar","Al-Nuaimi, S.R.; Al-Ghamdi, S.G.",2022,10.3390/su142013149,Sustainability (Switzerland),Journal Article,gold,gold,https://www.mdpi.com/2071-1050/14/20/13149/pdf?version=1666445025,https://www.mdpi.com/2071-1050/14/20/13149/pdf?version=1666445025,cc-by,publishedVersion,True,4,True,False,40,49.6,medium
LiuInt_2022,Integrating sustainability themes for enhancing interdisciplinarity: a case study of a comprehensive research university in Japan,"Liu, J.; Watabe, Y.; Goto, T.",2022,10.1007/s12564-022-09788-z,Asia Pacific Education Review,Journal Article,bronze,bronze,https://link.springer.com/content/pdf/10.1007/s12564-022-09788-z.pdf,https://link.springer.com/content/pdf/10.1007/s12564-022-09788-z.pdf,,publishedVersion,True,2,False,False,40,59.0,medium
ValMet_2020,Methodology to Analyze the Effectiveness of ESD in a Higher Degree in Education. A Case Study,"Valderrama-Hernández, R.; Sánchez-Carracedo, F.; Alcántara-Rubio, L.A.; Limón-Dominguez, D.",2020,10.3390/su12010222,Sustainability (Switzerland),Journal Article,gold,gold,https://www.mdpi.com/2071-1050/12/1/222/pdf?version=1577353627,https://www.mdpi.com/2071-1050/12/1/222/pdf?version=1577353627,cc-by,publishedVersion,True,4,True,False,39,69.3,medium
HolMon_2024,"Monitoring SDG 4.7: Assessing Education for Sustainable Development in policies, curricula, training of educators and student assessment (input-indicator)","Holst, J.; Singer-Brodowski, M.; Brock, A.; de Haan, G.",2024,10.1002/sd.2865,Sustainable Development,Journal Article,hybrid,hybrid,https://onlinelibrary.wiley.com/doi/pdfdirect/10.1002/sd.2865,https://onlinelibrary.wiley.com/doi/pdfdirect/10.1002/sd.2865,cc-by,publishedVersion,True,2,False,False,39,63.8,medium
KioEdu_2022,Education for Sustainable Development as the Catalyst for Local Transitions Toward the Sustainable Development Goals,"Kioupi, V.; Voulvoulis, N.",2022,10.3389/frsus.2022.889904,Frontiers in Sustainability,Journal Article,gold,gold,https://www.frontiersin.org/articles/10.3389/frsus.2022.889904/pdf,https://www.frontiersin.org/articles/10.3389/frsus.2022.889904/pdf,cc-by,publishedVersion,True,3,True,True,39,68.7,medium
CirMap_2018,Mapping higher education for sustainable development in Portugal,"Ciravegna-Martins-Da-Fonseca, L.M.; Portela, A.R.; Duarte, B.; Queirós, J.; Paiva, L.",2018,10.2478/mmcks-2018-0023,Management and Marketing,Journal Article,gold,gold,https://content.sciendo.com/downloadpdf/journals/mmcks/13/3/article-p1064.pdf,https://content.sciendo.com/downloadpdf/journals/mmcks/13/3/article-p1064.pdf,cc-by,publishedVersion,True,2,True,True,38,53.2,medium
AhmCoD_2023,CoDesignS Education for Sustainable Development: A Framework for Embedding Education for Sustainable Development in Curriculum Design,"Ahmad, N; Toro-Troconis, M; Ibahrine, M; Armour, R; Tait, V",2023,10.3390/su152316460,Sustainability (Switzerland),Journal Article,gold,gold,https://www.mdpi.com/2071-1050/15/23/16460/pdf?version=1701348795,https://www.mdpi.com/2071-1050/15/23/16460/pdf?version=1701348795,cc-by,publishedVersion,True,3,True,False,37,62.2,medium
WenA N_2020,A Novel Improvement Strategy of Competency for Education for Sustainable Development (ESD) of University Teachers Based on Data Mining,"Weng, S.-S.; Liu, Y.; Dai, J.; Chuang, Y.-C.",2020,10.3390/su12072679,Sustainability (Switzerland),Journal Article,gold,gold,https://www.mdpi.com/2071-1050/12/7/2679/pdf?version=1585480451,https://www.mdpi.com/2071-1050/12/7/2679/pdf?version=1585480451,cc-by,publishedVersion,True,3,True,False,37,72.6,high
CzoLea_2023,Learning Effects of Augmented Reality and Game-Based Learning for Science Teaching in Higher Education in the Context of Education for Sustainable Development,"Czok, V.; Krug, M.; Muller, S.; Huwer, J.; Weitzel, H.",2023,10.3390/su152115313,Sustainability (Switzerland),Journal Article,gold,gold,https://www.mdpi.com/2071-1050/15/21/15313/pdf?version=1698312330,https://www.mdpi.com/2071-1050/15/21/15313/pdf?version=1698312330,cc-by,publishedVersion,False,1,True,False,36,68.7,medium
CaeSus_2020_315,Sustainability assessment in higher education institutions,"Caeiro, S.S.; Miranda Azeiteiro, U.",2020,10.3390/su12083433,Sustainability (Switzerland),Journal Article,gold,gold,https://www.mdpi.com/2071-1050/12/8/3433/pdf?version=1587621712,https://www.mdpi.com/2071-1050/12/8/3433/pdf?version=1587621712,cc-by,publishedVersion,True,4,True,False,36,37.2,low
CebEdu_2020,Education for sustainable development in the university curriculum: Cooperative action research with teachers,"Cebrián, G.",2020,10.22201/iisue.20072872e.2020.30.590,Revista Iberoamericana de Educacion Superior,Journal Article,diamond,gold,https://www.ries.universia.unam.mx/index.php/ries/article/download/590/1215,https://www.ries.universia.unam.mx/index.php/ries/article/download/590/1215,,publishedVersion,False,1,True,False,35,47.8,medium
MarPed_2021,Pedagogical Approaches for Sustainable Development in Building in Higher Education,"Martín-Garin, A; Millán-García, JA; Leon, I; Oregi, X; Estevez, J",2021,10.3390/su131810203,Sustainability (Switzerland),Journal Article,gold,gold,https://www.mdpi.com/2071-1050/13/18/10203/pdf?version=1631612289,https://www.mdpi.com/2071-1050/13/18/10203/pdf?version=1631612289,cc-by,publishedVersion,True,4,True,False,34,63.6,medium
HamWhi_2023,"Which competencies should be fostered in education for sustainable development at higher education institutions? Findings from the evaluation of the study programs at the University of Bern, Switzerland","Hammer, T.; Lewis, A.L.",2023,10.1007/s43621-023-00134-w,Discover Sustainability,Journal Article,gold,gold,https://link.springer.com/content/pdf/10.1007/s43621-023-00134-w.pdf,https://link.springer.com/content/pdf/10.1007/s43621-023-00134-w.pdf,cc-by,publishedVersion,True,3,True,True,34,51.4,medium
Win“Fu_2019,“Future-proof your Degree”: Embedding sustainability and employability at Nottingham Business School (NBS),"Winfield, F.; Ndlovu, T.",2019,10.1108/ijshe-10-2018-0196,International Journal of Sustainability in Higher Education,Journal Article,hybrid,hybrid,https://www.emerald.com/insight/content/doi/10.1108/IJSHE-10-2018-0196/full/pdf?title=future-proof-your-degree-embedding-sustainability-and-employability-at-nottingham-business-school-nbs,https://www.emerald.com/insight/content/doi/10.1108/IJSHE-10-2018-0196/full/pdf?title=future-proof-your-degree-embedding-sustainability-and-employability-at-nottingham-business-school-nbs,cc-by,publishedVersion,False,1,False,False,34,66.3,medium
GogThe_2022,The Role of Community-Engaged Learning in Engineering Education for Sustainable Development,"Goggins, J.; Hajdukiewicz, M.",2022,10.3390/su14138208,Sustainability (Switzerland),Journal Article,gold,gold,https://www.mdpi.com/2071-1050/14/13/8208/pdf?version=1657090246,https://www.mdpi.com/2071-1050/14/13/8208/pdf?version=1657090246,cc-by,publishedVersion,True,4,True,False,33,55.0,medium
HoiCre_2021,Creating Transdisciplinary Teaching Spaces. Cooperation of Universities and Non-University Partners to Design Higher Education for Regional Sustainable Transition,"Hoinle, B.; Roose, I.; Shekhar, H.",2021,10.3390/su13073680,Sustainability (Switzerland),Journal Article,gold,gold,https://www.mdpi.com/2071-1050/13/7/3680/pdf?version=1617936971,https://www.mdpi.com/2071-1050/13/7/3680/pdf?version=1617936971,cc-by,publishedVersion,True,4,True,False,33,52.0,medium
BraStu_2021,Students’ innovation in education for sustainable development—a longitudinal study on interdisciplinary vs. Monodisciplinary learning,"Brassler, M.; Schultze, M.",2021,10.3390/su13031322,Sustainability (Switzerland),Journal Article,gold,gold,https://www.mdpi.com/2071-1050/13/3/1322/pdf?version=1611912527,https://www.mdpi.com/2071-1050/13/3/1322/pdf?version=1611912527,cc-by,publishedVersion,True,4,True,False,33,73.3,high
HogAdd_2021,Addressing Education for Sustainable Development in the Teaching of Science: The Case of a Biological Sciences Teacher Education Program,"Hogan, D; O'Flaherty, J",2021,10.3390/su132112028,SUSTAINABILITY,Journal Article,gold,gold,https://www.mdpi.com/2071-1050/13/21/12028/pdf?version=1635600804,https://www.mdpi.com/2071-1050/13/21/12028/pdf?version=1635600804,cc-by,publishedVersion,True,5,True,False,32,66.9,medium
NouEdu_2022,Education for sustainable development amidst COVID-19 pandemic: role of sustainability pedagogies in developing students’ sustainability consciousness,"Nousheen, A.; Kalsoom, Q.",2022,10.1108/ijshe-04-2021-0154,International Journal of Sustainability in Higher Education,Journal Article,green,green,,https://discovery.dundee.ac.uk/en/publications/9624b60b-1361-46e2-93a0-402a6431daab,other-oa,publishedVersion,True,1,False,False,32,67.1,medium
AdeEco_2021,Ecologized Collaborative Online International Learning: Tackling Wicked Sustainability Problems through Education for Sustainable Development,"Adefila, A.; Arrobbio, O.; Brown, G.; Robinson, Z.; Spolander, G.",2021,10.2478/jtes-2021-0004,Journal of Teacher Education for Sustainability,Journal Article,diamond,gold,https://www.sciendo.com/pdf/10.2478/jtes-2021-0004,https://www.sciendo.com/pdf/10.2478/jtes-2021-0004,cc-by-nc-nd,publishedVersion,True,3,True,False,31,63.2,medium
CarExp_2023,Exploring innovative strategies in problem based learning to contribute to sustainable development: a case study,"Carrió, M.; Llerena Bastida, M.",2023,10.1108/ijshe-07-2021-0296,International Journal of Sustainability in Higher Education,Journal Article,hybrid,hybrid,https://www.emerald.com/insight/content/doi/10.1108/IJSHE-07-2021-0296/full/pdf?title=exploring-innovative-strategies-in-problem-based-learning-to-contribute-to-sustainable-development-a-case-study,https://www.emerald.com/insight/content/doi/10.1108/IJSHE-07-2021-0296/full/pdf?title=exploring-innovative-strategies-in-problem-based-learning-to-contribute-to-sustainable-development-a-case-study,cc-by,publishedVersion,True,3,False,False,31,78.2,high
ReyEnh_2020,Enhancing the effects of university education for sustainable development on social sustainability: the role of social capital and real-world learning,"Rey-Garcia, M.; Mato-Santiso, V.",2020,10.1108/ijshe-02-2020-0063,International Journal of Sustainability in Higher Education,Journal Article,green,green,https://ruc.udc.es/dspace/bitstream/2183/35147/2/Rey_Garcia_Marta_2020_Enhancing_effects_university_education_sustainable_development.pdf,https://ruc.udc.es/dspace/bitstream/2183/35147/2/Rey_Garcia_Marta_2020_Enhancing_effects_university_education_sustainable_development.pdf,,submittedVersion,True,1,False,False,30,62.2,medium
HajEdu_2020,Education for Sustainable Development-The Case of Massive Open Online Courses,"Hajdukiewicz, A; Pera, B",2020,10.3390/su12208542,SUSTAINABILITY,Journal Article,gold,gold,https://www.mdpi.com/2071-1050/12/20/8542/pdf,https://www.mdpi.com/2071-1050/12/20/8542/pdf,cc-by,publishedVersion,True,3,True,False,29,65.3,medium
SanDo _2020,Do Spanish Students Become More Sustainable after the Implementation of Sustainable Practices by Universities?,"Sandoval-Hamón, L.A.S.; Martinho, A.P.; Ramos, M.R.; Bayas Aldaz, C.E.B.",2020,10.3390/su12187502,Sustainability (Switzerland),Journal Article,gold,gold,https://www.mdpi.com/2071-1050/12/18/7502/pdf?version=1600682957,https://www.mdpi.com/2071-1050/12/18/7502/pdf?version=1600682957,cc-by,publishedVersion,True,6,True,False,28,71.4,high
LitEdu_2019,Education for sustainable development in the context of higher education in Bolivia. Perceptions of university professors,"Litzner Ordóñez, L.I.; Rieß, W.",2019,10.14201/teri.19037,Teoria de la Educacion,Journal Article,diamond,gold,https://revistas.usal.es/index.php/1130-3743/article/download/teri.19037/20110,https://revistas.usal.es/index.php/1130-3743/article/download/teri.19037/20110,cc-by-nc-nd,publishedVersion,True,3,True,True,28,53.5,medium
FerEdu_2022,Education for Sustainable Development (ESD) Infusion Into Curricula: Influences on Students' Understandings of Sustainable Development and ESD,"Ferguson, Therese; Roofe, Carmel; Cook, Loraine D.; Bramwell-Lalor, Sharon; Hordatt Gentles, Carol",2022,nan,Brock Education: A Journal of Educational Research and Practice,Journal Article,diamond,,,,,,,0,,,28,55.9,medium
HolWho_2024,Whole Institution Approach: measurable and highly effective in empowering learners and educators for sustainability,"Holst, J.; Grund, J.; Brock, A.",2024,10.1007/s11625-024-01506-5,Sustainability Science,Journal Article,hybrid,hybrid,https://link.springer.com/content/pdf/10.1007/s11625-024-01506-5.pdf,https://link.springer.com/content/pdf/10.1007/s11625-024-01506-5.pdf,cc-by,publishedVersion,True,2,False,False,27,82.6,high
PauAss_2022,Assessing Education for Sustainable Development in Engineering Study Programs: A Case of AI Ecosystem Creation,"Paulauskaite-Taraseviciene, A; Lagzdinyte-Budnike, I; Gaiziuniene, L; Sukacke, V; Daniuseviciute-Brazaite, L",2022,10.3390/su14031702,SUSTAINABILITY,Journal Article,gold,gold,https://www.mdpi.com/2071-1050/14/3/1702/pdf?version=1644310897,https://www.mdpi.com/2071-1050/14/3/1702/pdf?version=1644310897,cc-by,publishedVersion,True,3,True,False,26,51.9,medium
ChiTea_2023,Teaching and Learning Approaches: Curriculum Framework for Sustainability Literacy for Technical and Vocational Teacher Training Programmes in Malaysia,"Chinedu, C.C.; Saleem, A.; Wan Muda, W.H.N.",2023,10.3390/su15032543,Sustainability (Switzerland),Journal Article,gold,gold,https://www.mdpi.com/2071-1050/15/3/2543/pdf?version=1675158614,https://www.mdpi.com/2071-1050/15/3/2543/pdf?version=1675158614,cc-by,publishedVersion,True,2,True,False,26,58.0,medium
ColInn_2022,Innovation for environmental sustainability: longitudinal effects of an education for sustainable development intervention on university students' pro-environmentalism,"Collado, S.; Moreno Pérez, J.D.; LUCAS, J.",2022,10.1108/ijshe-07-2021-0315,International Journal of Sustainability in Higher Education,Journal Article,green,green,,http://zaguan.unizar.es/record/109493,cc-by-nc,submittedVersion,True,1,False,False,25,60.8,medium
AvsPre_2021,"Pre-Service Teachers' Perceptions of, and Experiences with, Technology-Enhanced Transformative Learning towards Education for Sustainable Development","Avsec, S.; Ferk Savec, V.",2021,10.3390/su131810443,Sustainability (Switzerland),Journal Article,gold,gold,https://www.mdpi.com/2071-1050/13/18/10443/pdf?version=1632369133,https://www.mdpi.com/2071-1050/13/18/10443/pdf?version=1632369133,cc-by,publishedVersion,True,4,True,False,25,70.3,high
TayLea_2021,"Learning and teaching interdisciplinary skills in sustainable urban development-the case of tampere university, Finland","Taylor, J.; Jokela, S.; Laine, M.; Rajaniemi, J.; Jokinen, P.",2021,10.3390/su13031180,Sustainability (Switzerland),Journal Article,gold,gold,https://www.mdpi.com/2071-1050/13/3/1180/pdf?version=1611389789,https://www.mdpi.com/2071-1050/13/3/1180/pdf?version=1611389789,cc-by,publishedVersion,True,3,True,False,23,56.2,medium
MicSus_2022,Sustainable Design Masters: Increasing the Sustainability Literacy of Designers,"Micklethwaite, P.",2022,10.3390/su14063255,Sustainability (Switzerland),Journal Article,gold,gold,https://www.mdpi.com/2071-1050/14/6/3255/pdf?version=1646911651,https://www.mdpi.com/2071-1050/14/6/3255/pdf?version=1646911651,cc-by,publishedVersion,True,2,True,False,23,57.1,medium
TanCli_2023,Climate change education in China: a pioneering case of its implementation in tertiary education and its effects on students' beliefs and attitudes,"Tang, K.H.D.",2023,10.1108/ijshe-05-2022-0151,International Journal of Sustainability in Higher Education,Journal Article,green,green,https://repository.arizona.edu/bitstream/10150/667369/3/Final%20Accepted%20Version.pdf,https://repository.arizona.edu/bitstream/10150/667369/3/Final%20Accepted%20Version.pdf,,submittedVersion,True,1,False,False,23,66.1,medium
PerEdu_2023,Educating the educators to be a driving force in higher education towards sustainable development,"Persson, C.; Einarson, D.; Melén, M.",2023,10.1108/ijshe-10-2022-0332,International Journal of Sustainability in Higher Education,Journal Article,hybrid,hybrid,https://www.emerald.com/insight/content/doi/10.1108/IJSHE-10-2022-0332/full/pdf?title=educating-the-educators-to-be-a-driving-force-in-higher-education-towards-sustainable-development,https://www.emerald.com/insight/content/doi/10.1108/IJSHE-10-2022-0332/full/pdf?title=educating-the-educators-to-be-a-driving-force-in-higher-education-towards-sustainable-development,cc-by,publishedVersion,False,1,False,False,23,71.3,high
HogMut_2019,Mutual Capacity Building through North-South Collaboration Using Challenge-Driven Education,"Hogfeldt, A.-K.; Rosén, A.; Mwase, C.; Lantz, A.; Gumaelius, L.",2019,10.3390/su11247236,Sustainability (Switzerland),Journal Article,gold,gold,https://www.mdpi.com/2071-1050/11/24/7236/pdf?version=1576640608,https://www.mdpi.com/2071-1050/11/24/7236/pdf?version=1576640608,cc-by,publishedVersion,True,2,True,False,22,55.0,medium
"Du,Uni_2022",University Teachers' Change Readiness to Implement Education for Sustainable Development through Participation in a PBL-Based PD Program,"Du, X.; Guerra, A.; Norgaard, B.; Chaaban, Y.; Lundberg, A.",2022,10.3390/su141912079,Sustainability (Switzerland),Journal Article,gold,gold,https://www.mdpi.com/2071-1050/14/19/12079/pdf?version=1664258028,https://www.mdpi.com/2071-1050/14/19/12079/pdf?version=1664258028,cc-by,publishedVersion,True,6,True,False,22,71.4,high
CorEdu_2025,Education for sustainable development: a critical reflexive discourse on a transformative learning activity for business students,"Corazza, L.; Cottafava, D.; Torchia, D.",2025,10.1007/s10668-022-02335-1,"Environment, Development and Sustainability",Journal Article,hybrid,hybrid,https://link.springer.com/content/pdf/10.1007/s10668-022-02335-1.pdf,https://link.springer.com/content/pdf/10.1007/s10668-022-02335-1.pdf,cc-by,publishedVersion,True,4,False,False,22,57.6,medium
MarTow_2019,Toward the Integration of SDGs in Higher Planning Education: Insights from Integrated Urbanism Study Program in Belgrade,"Maruna, M",2019,10.3390/su11174519,SUSTAINABILITY,Journal Article,gold,gold,https://www.mdpi.com/2071-1050/11/17/4519/pdf?version=1566373265,https://www.mdpi.com/2071-1050/11/17/4519/pdf?version=1566373265,cc-by,publishedVersion,True,4,True,False,22,61.1,medium
MorTra_2022,Training in Mathematics Education from a Sustainability Perspective: A Case Study of University Teachers' Views,"Moreno-Pino, Francisco Manuel; Jiménez-Fontana, Rocío; Domingo, José María Cardeñoso; Goded, Pilar Azcárate",2022,10.3390/educsci12030199,Education Sciences,Journal Article,gold,gold,https://www.mdpi.com/2227-7102/12/3/199/pdf?version=1647420173,https://www.mdpi.com/2227-7102/12/3/199/pdf?version=1647420173,cc-by,publishedVersion,True,4,True,True,20,57.1,medium
AriBri_2023,Bringing Project-Based Learning into Renewable and Sustainable Energy Education: A Case Study on the Development of the Electric Vehicle EOLO,"Ariza, J.Á.; Olatunde-Aiyedun, T.G.",2023,10.3390/su151310275,Sustainability (Switzerland),Journal Article,gold,gold,https://www.mdpi.com/2071-1050/15/13/10275/pdf?version=1688006355,https://www.mdpi.com/2071-1050/15/13/10275/pdf?version=1688006355,cc-by,publishedVersion,True,2,True,False,20,66.4,medium
MacNur_2024,Nurturing Sustainability Changemakers through Transformative Learning Using Design Thinking: Evidence from an Exploratory Qualitative Study,"Macagno, T.; Nguyen-Quoc, A.; Jarvis, S.P.",2024,10.3390/su16031243,Sustainability (Switzerland),Journal Article,gold,gold,https://www.mdpi.com/2071-1050/16/3/1243/pdf?version=1706785580,https://www.mdpi.com/2071-1050/16/3/1243/pdf?version=1706785580,cc-by,publishedVersion,False,1,True,False,19,62.8,medium
CurPra_2021,Practice-Based Program Evaluation in Higher Education for Sustainability: A Student Participatory Approach,"Curtis, H.L.; Gabriel, L.C.; Sahakian, M.; Cattacin, S.",2021,10.3390/su131910816,Sustainability (Switzerland),Journal Article,gold,gold,https://www.mdpi.com/2071-1050/13/19/10816/pdf?version=1632906437,https://www.mdpi.com/2071-1050/13/19/10816/pdf?version=1632906437,cc-by,publishedVersion,True,4,True,False,19,72.6,high
HenAn _2022,An Exploration of the Relationship between Sustainability-Related Involvement and Learning in Higher Education,"Henderson, T.S.; Michel, J.O.; Bryan, A.; Canosa, E.; Gamalski, C.",2022,10.3390/su14095506,Sustainability (Switzerland),Journal Article,gold,gold,https://www.mdpi.com/2071-1050/14/9/5506/pdf?version=1651925139,https://www.mdpi.com/2071-1050/14/9/5506/pdf?version=1651925139,cc-by,publishedVersion,True,2,True,False,18,55.2,medium
LamAch_2021,Achieving the Sustainable Development Goals through Company Staff Vocational Training--The Case of the Federal Institute for Vocational Education and Training (BIBB) INEBB Project,"Lambini, Cosmas Kombat; Goeschl, Angelina; Wäsch, Max; Wittau, Martin",2021,10.3390/educsci11040179,Education Sciences,Journal Article,gold,gold,https://www.mdpi.com/2227-7102/11/4/179/pdf,https://www.mdpi.com/2227-7102/11/4/179/pdf,cc-by,publishedVersion,True,5,True,True,18,48.5,medium
Obe“I _2021,“I wanted a profession that makes a difference”—An online survey of first-year students’ study choice motives and sustainability-related attributes,"Oberrauch, A.; Mayr, H.; Nikitin, I.; Bügler, T.; Kosler, T.",2021,10.3390/su13158273,Sustainability (Switzerland),Journal Article,gold,gold,https://www.mdpi.com/2071-1050/13/15/8273/pdf?version=1627294589,https://www.mdpi.com/2071-1050/13/15/8273/pdf?version=1627294589,cc-by,publishedVersion,True,3,True,False,18,64.7,medium
de Lea_2021,Learning Experiences of a Participatory Approach to Educating for Sustainable Development in a South African Higher Education Institution Yielding Social Learning Indicators,"de Sousa, L.O.",2021,10.3390/su13063210,Sustainability (Switzerland),Journal Article,gold,gold,https://www.mdpi.com/2071-1050/13/6/3210/pdf?version=1615964692,https://www.mdpi.com/2071-1050/13/6/3210/pdf?version=1615964692,cc-by,publishedVersion,True,3,True,False,18,68.1,medium
AraExp_2024,Exploring education for sustainable development (ESD) course content in higher education; a multiple case study including what students say they like,"Araneo, P.",2024,10.1080/13504622.2023.2280438,Environmental Education Research,Journal Article,hybrid,hybrid,,https://doi.org/10.1080/13504622.2023.2280438,cc-by-nc-nd,publishedVersion,False,1,False,False,18,63.8,medium
GriTRA_2018,TRANSFORMATIVE LEARNING METHODS IN INTERDISCIPLINARY POSTGRADUATE EDUCATION FOR SUSTAINABLE DEVELOPMENT (ESD),"Grierson, D; Munro, K",2018,10.26687/archnet-ijar.v12i1.1430,ARCHNET-IJAR INTERNATIONAL JOURNAL OF ARCHITECTURAL RESEARCH,Journal Article,hybrid,hybrid,http://www.archnet-ijar.net/index.php/IJAR/article/download/1430/pdf,http://www.archnet-ijar.net/index.php/IJAR/article/download/1430/pdf,cc-by-nc-nd,publishedVersion,False,1,False,False,18,65.7,medium
KonImp_2020,Implementation of education for sustainable development principles in the training of future software engineers,"Koniukhov, S.; Osadcha, K.",2020,10.1051/e3sconf/202016610035,E3S Web of Conferences,Conference Paper,diamond,gold,https://www.e3s-conferences.org/articles/e3sconf/pdf/2020/26/e3sconf_icsf2020_10035.pdf,https://www.e3s-conferences.org/articles/e3sconf/pdf/2020/26/e3sconf_icsf2020_10035.pdf,cc-by,publishedVersion,True,2,True,True,18,57.0,medium
ConPla_2019,Place-based education: An approach for a sustainable curriculum in higher education,"Contreras, M.F.S.; Murga-Menoyo, M.A.",2019,10.13042/bordon.2019.68295,Bordon. Revista de Pedagogia,Journal Article,bronze,bronze,https://recyt.fecyt.es/index.php/BORDON/article/download/68295/43911,https://recyt.fecyt.es/index.php/BORDON/article/download/68295/43911,,publishedVersion,False,1,False,False,17,62.6,medium
BesEdu_2024,"Education for sustainable development: comparative analysis and prospects at universities in Kazakhstan, Tajikistan, Kyrgyzstan and Uzbekistan","Bespalyy, S.; Alfiya, A.; Gulmira, A.; Ainura, A.; Petrenko, A.",2024,10.1007/s43621-024-00343-x,Discover Sustainability,Journal Article,gold,gold,https://link.springer.com/content/pdf/10.1007/s43621-024-00343-x.pdf,https://link.springer.com/content/pdf/10.1007/s43621-024-00343-x.pdf,cc-by,publishedVersion,True,2,True,True,16,61.5,medium
BesSus_2024,"Sustainable development awareness and integration in higher education: a comparative analysis of universities in Central Asia, South Caucasus and the EU","Bespalyy, S.; Alnazarova, G.; Scalcione, V.N.; Vitliemov, P.; Sichinava, A.",2024,10.1007/s43621-024-00562-2,Discover Sustainability,Journal Article,gold,gold,https://link.springer.com/content/pdf/10.1007/s43621-024-00562-2.pdf,https://link.springer.com/content/pdf/10.1007/s43621-024-00562-2.pdf,cc-by-nc-nd,publishedVersion,True,2,True,True,15,50.9,medium
LinThe_2021,The Influence of Instructional Delivery Modality on Sustainability Literacy,"Ling, S.; Landon, A.; Tarrant, M.; Rubin, D.",2021,10.3390/su131810274,Sustainability (Switzerland),Journal Article,gold,gold,https://www.mdpi.com/2071-1050/13/18/10274/pdf?version=1631625868,https://www.mdpi.com/2071-1050/13/18/10274/pdf?version=1631625868,cc-by,publishedVersion,True,3,True,False,15,54.2,medium
DécFos_2021,Fostering Knowledge of the Sustainable Development Goals in Universities: The Case of Sulitest,"Décamps, A.; Allal-Chérif, O.; Gombault, A.",2021,10.3390/su132313215,Sustainability (Switzerland),Journal Article,gold,gold,https://www.mdpi.com/2071-1050/13/23/13215/pdf?version=1638244827,https://www.mdpi.com/2071-1050/13/23/13215/pdf?version=1638244827,cc-by,publishedVersion,True,3,True,False,15,72.6,high
SinPre_2020,Pre-service Technology Teachers' Experiences of Project Based Learning as Pedagogy for Education for Sustainable Development,"Singh-Pillay, A.",2020,10.13189/ujer.2020.080530,Universal Journal of Educational Research,Journal Article,diamond,gold,http://www.hrpub.org/download/20200430/UJER30-19515426.pdf,http://www.hrpub.org/download/20200430/UJER30-19515426.pdf,cc-by,publishedVersion,False,1,True,False,15,74.0,high
GalInq_2021,Inquiry in higher education for sustainable development: crossing disciplinary knowledge boundaries,"Galvão, C.; Faria, C.; Viegas, W.; Branco, A.; Goulão, L.",2021,10.1108/ijshe-02-2020-0068,International Journal of Sustainability in Higher Education,Journal Article,green,green,,http://hdl.handle.net/10400.5/100202,other-oa,publishedVersion,True,2,False,False,14,64.6,medium
ShaTea_2022,Teacher Views on Teaching Sustainability in Higher Education Institutes in Australia,"Shah, Z.; Kennedy-Clark, S.; Xie, Y.; Rahim, M.S.; Mahdavi, M.",2022,10.3390/su14148431,Sustainability (Switzerland),Journal Article,gold,gold,https://www.mdpi.com/2071-1050/14/14/8431/pdf?version=1657615049,https://www.mdpi.com/2071-1050/14/14/8431/pdf?version=1657615049,cc-by,publishedVersion,True,4,True,False,14,65.3,medium
MpoTra_2022,Transforming Curricula in Higher Education: Description of Two Perspectives From the Global South and the Global North,"Mpofu-Hamadziripi, N.; Rauch, F.; Dulle, M.",2022,10.3389/feduc.2022.775406,Frontiers in Education,Journal Article,gold,gold,https://www.frontiersin.org/articles/10.3389/feduc.2022.775406/pdf,https://www.frontiersin.org/articles/10.3389/feduc.2022.775406/pdf,cc-by,publishedVersion,True,2,True,True,14,70.4,high
PurPRO_2022,PROGRAM FOR INTEGRATING EDUCATION FOR SUSTAINABLE DEVELOPMENT (ESD) INTO PROSPECTIVE BIOLOGY TEACHERS’ TECHNOLOGICAL PEDAGOGICAL CONTENT KNOWLEDGE (TPACK),"Purwianingsih, W.; Novidsa, I.; Riandi, R.",2022,10.15294/jpii.v11i2.34772,Jurnal Pendidikan IPA Indonesia,Journal Article,gold,gold,https://journal.unnes.ac.id/nju/index.php/jpii/article/download/34772/13146,https://journal.unnes.ac.id/nju/index.php/jpii/article/download/34772/13146,cc-by,publishedVersion,False,1,True,True,14,68.9,medium
GomCom_2021,"Combining Management, Education and Participation for the Transformation of Universities towards Sustainability: The Trebol Programme","Gomera, A.; de Toro, A.; Aguilar, J.E.; Guijarro, C.; Antúnez, M.",2021,10.3390/su13115959,Sustainability (Switzerland),Journal Article,gold,gold,https://www.mdpi.com/2071-1050/13/11/5959/pdf?version=1621940843,https://www.mdpi.com/2071-1050/13/11/5959/pdf?version=1621940843,cc-by,publishedVersion,True,4,True,False,13,63.8,medium
HinA u_2018,"A unifying, boundary-crossing approach to developing climate literacy","Hindley, A.; Wall, T.",2018,10.1007/978-3-319-70281-0_16,World Sustainability Series,Book Chapter,green,green,,http://hdl.handle.net/10034/620396,cc-by-nc-nd,submittedVersion,True,1,False,False,13,61.2,medium
LeiGlo_2023,Global Change Challenge in the Higher Education Curriculum on the Approach of Blended Learning,"Leininger-Frezal, C.; Sprenger, S.; de Lázaro-Torres, M.-L.; Domenech, M.Á.R.; Heidari, N.",2023,10.48088/ejg.c.lei.14.2.001.014,European Journal of Geography,Journal Article,diamond,gold,https://eurogeojournal.eu/index.php/egj/article/download/347/310,https://eurogeojournal.eu/index.php/egj/article/download/347/310,cc-by,publishedVersion,True,6,True,True,12,57.2,medium
HunRef_2023,Reflective and Cooperative Learning for Understanding Sustainability through an Eco-Innovation Strategy in Rural Travel and Hospitality: A STEAM Case Study,"Hung, C.-L.; Yu, T.-F.; Lin, Y.-H.; Lin, Y.-C.; Chen, Y.-H.",2023,10.3390/su151713152,Sustainability (Switzerland),Journal Article,gold,gold,https://www.mdpi.com/2071-1050/15/17/13152/pdf?version=1693538196,https://www.mdpi.com/2071-1050/15/17/13152/pdf?version=1693538196,cc-by,publishedVersion,True,2,True,False,11,66.2,medium
SyeNar_2023,Narratives on Education for Sustainable Development in Malaysian Universities,"Syed-Abdullah, S.I.S.; Kushnir, I.; Abdrahim, N.A.",2023,10.3390/su151713110,Sustainability (Switzerland),Journal Article,gold,gold,https://www.mdpi.com/2071-1050/15/17/13110/pdf?version=1693463844,https://www.mdpi.com/2071-1050/15/17/13110/pdf?version=1693463844,cc-by,publishedVersion,True,3,True,False,11,60.1,medium
LeVSus_2019,Sustainability Literacy in a Time of Socio-Ecological Crisis: Using Reaccreditation as a Leverage Point for Innovation in Higher Education,"LeVasseur, T.; Ciarcia, C.",2019,10.3390/su11185104,Sustainability (Switzerland),Journal Article,gold,gold,https://www.mdpi.com/2071-1050/11/18/5104/pdf?version=1568797195,https://www.mdpi.com/2071-1050/11/18/5104/pdf?version=1568797195,cc-by,publishedVersion,True,3,True,False,11,42.2,low
TreStu_2023,Students between science and society: why students' learning experiences in transformative spaces are vital to higher education institutions,"Trechsel, L.J.; Diebold, C.L.; Zimmermann, A.B.; Fischer, M.",2023,10.1108/ijshe-09-2021-0407,International Journal of Sustainability in Higher Education,Journal Article,hybrid,hybrid,https://www.emerald.com/insight/content/doi/10.1108/IJSHE-09-2021-0407/full/pdf?title=students-between-science-and-society-why-students-learning-experiences-in-transformative-spaces-are-vital-to-higher-education-institutions,https://www.emerald.com/insight/content/doi/10.1108/IJSHE-09-2021-0407/full/pdf?title=students-between-science-and-society-why-students-learning-experiences-in-transformative-spaces-are-vital-to-higher-education-institutions,cc-by,publishedVersion,False,1,False,False,11,72.6,high
GómAWA_2023,AWARENESS AND KNOWLEDGE OF THE SUSTAINABLE DEVELOPMENT GOALS IN TEACHER TRAINING,"Gómez-Gómez, M.; García Lázaro, D.",2023,10.30827/profesorado.v27i3.27948,Profesorado,Journal Article,diamond,gold,,https://doi.org/10.30827/profesorado.v27i3.27948,cc-by-nc-nd,publishedVersion,True,3,True,True,11,81.1,high
SanSci_2024,Science interdisciplinary learning approach: a study interdisciplinary thinking skills and literacy environment,"Santiani, S.; Reffiane, F.; Winarto, W.",2024,10.11591/edulearn.v18i4.21416,Journal of Education and Learning (EduLearn),Journal Article,hybrid,hybrid,http://edulearn.intelektual.org/index.php/EduLearn/article/download/21416/10571,http://edulearn.intelektual.org/index.php/EduLearn/article/download/21416/10571,cc-by,publishedVersion,False,1,False,False,11,60.0,medium
HabTwo_2024,Two-Eyed Seeing: An ethical space of engagement to shape engineering and computing education for sustainable development,"Habash, R.",2024,10.1016/j.horiz.2024.100118,Sustainable Horizons,Journal Article,hybrid,hybrid,,https://doi.org/10.1016/j.horiz.2024.100118,cc-by,publishedVersion,False,1,False,False,11,52.5,medium
Da Add_2025,Addressing the Demand for Green Skills: Bridging the Gap Between University Outcomes and Industry Requirements,"Da Costa, T.; Aranda Lopez, L.I.; Perussello, C.; Quinn, F.; Crowley, Q.G.",2025,10.3390/su17062732,Sustainability (Switzerland),Journal Article,gold,gold,https://www.mdpi.com/2071-1050/17/6/2732/pdf?version=1742442610,https://www.mdpi.com/2071-1050/17/6/2732/pdf?version=1742442610,cc-by,publishedVersion,True,2,True,False,10,63.7,medium
AlkSus_2023,Sustainable Development Goals from Theory to Practice Using Spatial Data Infrastructure: A Case Study of UAEU Undergraduate Students,"Alkaabi, K; Mehmood, K; Bhatacharyya, P; Aldhaheri, H; Grimaldi, M",2023,10.3390/su151612394,Sustainability (Switzerland),Journal Article,gold,gold,https://www.mdpi.com/2071-1050/15/16/12394/pdf?version=1692091502,https://www.mdpi.com/2071-1050/15/16/12394/pdf?version=1692091502,cc-by,publishedVersion,True,2,True,False,10,67.8,medium
PacImp_2019,Impactful engineering education through sustainable energy collaborations with public and private entities,"Pacheco, L.; Luo, L.; Pujol, T.; González, J.R.; Ferrer, I.",2019,10.1108/ijshe-10-2018-0166,International Journal of Sustainability in Higher Education,Journal Article,hybrid,hybrid,https://www.emerald.com/insight/content/doi/10.1108/IJSHE-10-2018-0166/full/pdf?title=impactful-engineering-education-through-sustainable-energy-collaborations-with-public-and-private-entities,https://www.emerald.com/insight/content/doi/10.1108/IJSHE-10-2018-0166/full/pdf?title=impactful-engineering-education-through-sustainable-energy-collaborations-with-public-and-private-entities,cc-by,publishedVersion,True,2,False,False,10,62.6,medium
SchPed_2022,Pedagogy Pro-Design and Climate Literacy: Teaching Methods and Research Approaches for Sustainable Architecture,"Schiano-Phan, R.; Gonçalves, J.C.S.; Vallejo, J.A.",2022,10.3390/su14116791,Sustainability (Switzerland),Journal Article,gold,gold,https://www.mdpi.com/2071-1050/14/11/6791/pdf?version=1654165161,https://www.mdpi.com/2071-1050/14/11/6791/pdf?version=1654165161,cc-by,publishedVersion,True,3,True,False,10,60.1,medium
AcoEdu_2022,Education for Sustainable Development (ESD): An Example of Curricular Inclusion in Environmental Engineering in Colombia,"Acosta-Castellanos, P.M.; Queiruga-Dios, A.",2022,10.3390/su14169866,Sustainability (Switzerland),Journal Article,gold,gold,https://www.mdpi.com/2071-1050/14/16/9866/pdf?version=1660124767,https://www.mdpi.com/2071-1050/14/16/9866/pdf?version=1660124767,cc-by,publishedVersion,True,3,True,False,10,56.9,medium
SauEdu_2022,Education for sustainable development: Insights from Canadian and South African universities,"Saudelli, M.G.; Niemczyk, E.K.",2022,10.18820/2519593x/pie.v40.i3.4,Perspectives in Education,Journal Article,gold,gold,https://journals.ufs.ac.za/index.php/pie/article/download/5679/4559,https://journals.ufs.ac.za/index.php/pie/article/download/5679/4559,cc-by,publishedVersion,True,2,True,True,10,63.3,medium
EweVid_2025,"Video-Based Climate Change Program Boosts Eco-Cognizance, Emotional Response and Self-Efficacy in Rural Nursing Students: Randomised Controlled Trial","Eweida, R.S.; O'Connell, M.A.; Zoromba, M.; Mahmoud, M.F.; Altheeb, M.K.",2025,10.1111/jan.16790,Journal of Advanced Nursing,Journal Article,bronze,bronze,https://onlinelibrary.wiley.com/doi/pdfdirect/10.1111/jan.16790,https://onlinelibrary.wiley.com/doi/pdfdirect/10.1111/jan.16790,,publishedVersion,False,1,False,False,9,58.8,medium
"Ma,Inc_2022",Increasing Sustainability Literacy for Environmental Design Students: A Transdisciplinary Learning Practice,"Ma, JQ; Jin, HX",2022,10.3390/su141912379,Sustainability (Switzerland),Journal Article,gold,gold,https://www.mdpi.com/2071-1050/14/19/12379/pdf?version=1664436718,https://www.mdpi.com/2071-1050/14/19/12379/pdf?version=1664436718,cc-by,publishedVersion,True,3,True,False,9,52.1,medium
MarCon_2023,Contribution of European University Alliances to Education for Sustainable Development and to the SDGs: A Case Study on the Circular EELISA Community,"Martín Bautista-Cerro, B.; Castillo-Rodríguez, A.; García-Navarro, J.",2023,10.3390/su152316181,Sustainability (Switzerland),Journal Article,gold,gold,https://www.mdpi.com/2071-1050/15/23/16181/pdf?version=1700625763,https://www.mdpi.com/2071-1050/15/23/16181/pdf?version=1700625763,cc-by,publishedVersion,True,2,True,False,9,71.9,high
BraStu_2024,Students’ Digital Competence Development in the Production of Open Educational Resources in Education for Sustainable Development,"Brassler, M.",2024,10.3390/su16041674,Sustainability (Switzerland),Journal Article,gold,gold,https://www.mdpi.com/2071-1050/16/4/1674/pdf?version=1708320820,https://www.mdpi.com/2071-1050/16/4/1674/pdf?version=1708320820,cc-by,publishedVersion,False,1,True,False,9,71.2,high
SatPro_2026,Promoting sustainability through competencies? An explorative case study on sustainability education in Norway,"Sattich, T.M.; Stedronsky, S.; Ås, B.",2026,10.1080/17516234.2024.2363087,Journal of Asian Public Policy,Journal Article,hybrid,hybrid,,https://doi.org/10.1080/17516234.2024.2363087,cc-by,publishedVersion,False,1,False,False,9,63.9,medium
VivInc_2022,Inclusion and education for sustainable development: The experience of the University of Siena,"Viviani, A.",2022,10.18820/2519593x/pie.v40.i3.9,Perspectives in Education,Journal Article,gold,gold,https://journals.ufs.ac.za/index.php/pie/article/download/5654/4564,https://journals.ufs.ac.za/index.php/pie/article/download/5654/4564,cc-by,publishedVersion,True,3,True,True,9,53.8,medium
CraLea_2021,Learning sustainability by making games. the experience of a challenge as a novel approach for Education for Sustainable Development,"Cravero, S.; Strada, F.; Lami, I.; Bottino, A.",2021,10.4995/head21.2021.13192,International Conference on Higher Education Advances,Conference Paper,gold,gold,http://ocs.editorial.upv.es/index.php/HEAD/HEAd21/paper/download/13192/6277,http://ocs.editorial.upv.es/index.php/HEAD/HEAd21/paper/download/13192/6277,cc-by,publishedVersion,True,2,False,False,9,69.1,medium
"Li,Opt_2023",Optimizing Higher Education for Sustainable Development through the Design and Implementation of the Global Engagement Program,"Li, Y.; Liao, T.; Li, J.",2023,10.3390/su151310098,Sustainability (Switzerland),Journal Article,gold,gold,https://www.mdpi.com/2071-1050/15/13/10098/pdf?version=1687767756,https://www.mdpi.com/2071-1050/15/13/10098/pdf?version=1687767756,cc-by,publishedVersion,True,2,True,False,8,65.8,medium
McKA C_2022,A Critical Reflection on Online Teaching for Sustainability,"McKeown, R.; Down, L.",2022,10.3390/su142113905,Sustainability (Switzerland),Journal Article,gold,gold,https://www.mdpi.com/2071-1050/14/21/13905/pdf?version=1666953857,https://www.mdpi.com/2071-1050/14/21/13905/pdf?version=1666953857,cc-by,publishedVersion,True,3,True,False,8,45.2,medium
CueInc_2024,Incorporating vertical collaboration to address sustainable development goals: the Monarch Route Project,"Cuevas-Cancino, M.D.L.O.; Peña-Becerril, M.; Mondragon-Estrada, E.; Camacho-Zuñiga, C.",2024,10.3389/feduc.2024.1246889,Frontiers in Education,Journal Article,gold,gold,https://www.frontiersin.org/articles/10.3389/feduc.2024.1246889/pdf?isPublishedV2=False,https://www.frontiersin.org/articles/10.3389/feduc.2024.1246889/pdf?isPublishedV2=False,cc-by,publishedVersion,True,2,True,True,8,57.6,medium
GarThe_2023,The CIRCULAR pathway: a new educational methodology for exploratory circular value chain redesign,"Garcia-Saravia Ortiz-De-Montellano, C.; Ghannadzadeh, A.; van der Meer, Y.",2023,10.3389/frsus.2023.1197659,Frontiers in Sustainability,Journal Article,gold,gold,https://www.frontiersin.org/articles/10.3389/frsus.2023.1197659/pdf,https://www.frontiersin.org/articles/10.3389/frsus.2023.1197659/pdf,cc-by,publishedVersion,True,3,True,True,8,67.6,medium
OzdThe_2023,The Sustainability Literacy of Students: A Comparative Study between Turkey and the UK,"Ozdemir, Oguz",2023,nan,Science Insights Education Frontiers,Journal Article,diamond,,,,,,,0,,,8,67.4,medium
ElsFos_2025,Fostering Sustainability Leadership Through SDG 13 Integration in Business Curricula,"Elsayed, A.H.; Pajuelo-Moreno, M.L.; Almaghaireh, I.; Chaaban, K.; Homsi, I.",2025,10.3390/su17188297,Sustainability (Switzerland),Journal Article,gold,gold,https://www.mdpi.com/2071-1050/17/18/8297/pdf?version=1758011820,https://www.mdpi.com/2071-1050/17/18/8297/pdf?version=1758011820,cc-by,publishedVersion,False,1,True,False,7,62.1,medium
SimUni_2021,University Experiences of Marine Science Research and Outreach Beyond the Classroom,"Sims, R.J.; Tallapragada, M.; Payton, T.G.; Noonan, K.; Prosser, K.L.",2021,10.1093/icb/icab104,Integrative and Comparative Biology,Journal Article,hybrid,hybrid,https://academic.oup.com/icb/article-pdf/61/3/1078/40507298/icab104.pdf,https://academic.oup.com/icb/article-pdf/61/3/1078/40507298/icab104.pdf,cc-by,publishedVersion,True,5,False,False,7,49.1,medium
AbdThe_2024,The impact of education for sustainable development on university students' sustainability behavior: a case study from undergraduate students in Somalia,"Abdullahi, A.M.; Hussein, H.A.; Ahmed, M.Y.; Hussein, O.A.; Warsame, A.A.",2024,10.3389/feduc.2024.1413687,Frontiers in Education,Journal Article,gold,gold,https://www.frontiersin.org/journals/education/articles/10.3389/feduc.2024.1413687/pdf,https://www.frontiersin.org/journals/education/articles/10.3389/feduc.2024.1413687/pdf,cc-by,publishedVersion,True,2,True,True,7,52.8,medium
ColEnv_2023,"Environmental, Social and Economic Attitudes and Sustainable Knowledge on the Sustainable Behaviour of Engineering Students: An Analysis Based on Attitudes towards Teachers","Colón-Flores, N.D.J.; Vargas-Martínez, M.R.; Tavárez de Henríquez, J.C.; Domínguez-Valerio, C.M.",2023,10.3390/su151813537,Sustainability (Switzerland),Journal Article,gold,gold,https://www.mdpi.com/2071-1050/15/18/13537/pdf?version=1694411658,https://www.mdpi.com/2071-1050/15/18/13537/pdf?version=1694411658,cc-by,publishedVersion,False,1,True,False,7,52.8,medium
ÁlvEmp_2024,Empowering youth for sustainability in universities: service-learning and the willingness to act,"Álvarez-Vanegas, A.; Volante, L.",2024,10.1108/ijshe-03-2023-0073,International Journal of Sustainability in Higher Education,Journal Article,hybrid,hybrid,https://www.emerald.com/insight/content/doi/10.1108/IJSHE-03-2023-0073/full/pdf?title=empowering-youth-for-sustainability-in-universities-service-learning-and-the-willingness-to-act,https://www.emerald.com/insight/content/doi/10.1108/IJSHE-03-2023-0073/full/pdf?title=empowering-youth-for-sustainability-in-universities-service-learning-and-the-willingness-to-act,cc-by,publishedVersion,True,2,False,False,7,65.0,medium
MuhFos_2024,"Fostering Education for Sustainable Development in Higher Education: A Case Study on Sustainability Competences in Research, Development and Innovation (RDI)","Muhonen, T.; Timonen, L.; Väänänen, K.",2024,10.3390/su162411134,Sustainability (Switzerland),Journal Article,gold,gold,https://www.mdpi.com/2071-1050/16/24/11134/pdf?version=1734597430,https://www.mdpi.com/2071-1050/16/24/11134/pdf?version=1734597430,cc-by,publishedVersion,False,1,True,False,7,58.8,medium
KraSus_2021,Sustainability in Brandenburg Study Programs. Perspectives for Anchoring Sustainability in Higher Education Curricula,"Krah, J.M.; Reimann, J.; Molitor, H.",2021,10.3390/su13073958,Sustainability (Switzerland),Journal Article,gold,gold,https://www.mdpi.com/2071-1050/13/7/3958/pdf?version=1617939685,https://www.mdpi.com/2071-1050/13/7/3958/pdf?version=1617939685,cc-by,publishedVersion,True,3,True,False,7,68.7,medium
GolTea_2025,Teacher educators' subjective theories on education for sustainable development in higher education,"Goller, A.; Markert, J.",2025,10.1080/13504622.2024.2437148,Environmental Education Research,Journal Article,hybrid,hybrid,,https://doi.org/10.1080/13504622.2024.2437148,cc-by-nd,publishedVersion,False,1,False,False,7,72.7,high
ÁlvTea_2024,Teaching with A Rounder Sense of Purpose: a survey study on education for sustainable development competences in Latin America,"Álvarez-Vanegas, A.; Rieckmann, M.; Lopera-Perez, M.; Aguirre, P.M.",2024,10.3389/feduc.2023.1205478,Frontiers in Education,Journal Article,gold,gold,https://www.frontiersin.org/articles/10.3389/feduc.2023.1205478/pdf?isPublishedV2=False,https://www.frontiersin.org/articles/10.3389/feduc.2023.1205478/pdf?isPublishedV2=False,cc-by,publishedVersion,True,2,True,True,7,80.6,high
BroA l_2022,A learning design framework for community resilience: International and transdisciplinary perspectives on a boundary object,"Brogden, L.; Bernie, D.; Boston, M.; Forster, A.M.; Galbrun, L.",2022,10.1016/j.ijedro.2022.100200,International Journal of Educational Research Open,Journal Article,gold,gold,,https://doi.org/10.1016/j.ijedro.2022.100200,cc-by-nc-nd,publishedVersion,True,3,True,True,7,48.5,medium
DzaAn _2020,An interactive online course in climate and climate change,"Dzambo, A.M.; Mooney, M.; Handlos, Z.J.; Lindstrom, S.; Hang, Y.",2020,10.1175/bams-d-19-0271.1,Bulletin of the American Meteorological Society,Journal Article,bronze,closed,,,,,False,0,False,False,6,69.0,medium
GueTea_2024,Teacher's agency in education for sustainable development: an East-West collaborative Erasmus programme using Q methodology,"Guerra, A.; Chen, J.; Du, X.; Nielsen, H.; Kørnøv, L.",2024,10.1108/ijshe-05-2023-0155,International Journal of Sustainability in Higher Education,Journal Article,hybrid,hybrid,https://www.emerald.com/insight/content/doi/10.1108/IJSHE-05-2023-0155/full/pdf?title=teachers-agency-in-education-for-sustainable-development-an-east-west-collaborative-erasmus-programme-using-q-methodology,https://www.emerald.com/insight/content/doi/10.1108/IJSHE-05-2023-0155/full/pdf?title=teachers-agency-in-education-for-sustainable-development-an-east-west-collaborative-erasmus-programme-using-q-methodology,cc-by,publishedVersion,True,2,False,False,6,75.7,high
MarA D_2022,A Deep Transformative Dimension of ESD in Japanese University: From Experiential to Emancipatory Learning in Online and Offline Environments,"Maruyama, H.",2022,10.3390/su141710732,Sustainability (Switzerland),Journal Article,gold,gold,https://www.mdpi.com/2071-1050/14/17/10732/pdf?version=1661822405,https://www.mdpi.com/2071-1050/14/17/10732/pdf?version=1661822405,cc-by,publishedVersion,True,3,True,False,6,66.4,medium
ZúñEdu_2022,Education for sustainable development in the vision of university professors in Mexico,"Zúñiga Sánchez, O.; Marúm-Espinosa, E.; Aceves-Ávila, C.D.",2022,10.47553/rifop.v98i36.2.91549,Revista Interuniversitaria de Formacion del Profesorado,Journal Article,diamond,gold,https://recyt.fecyt.es/index.php/RIFOP/article/download/91549/69461,https://recyt.fecyt.es/index.php/RIFOP/article/download/91549/69461,cc-by,publishedVersion,False,1,True,True,6,64.5,medium
PujGre_2025,Green Skills in Logistics Vocational Education: A Comparative Study of Curriculum Integration in China and Germany,"Pujun, C.",2025,10.1111/ijtd.12348,International Journal of Training and Development,Journal Article,hybrid,hybrid,https://onlinelibrary.wiley.com/doi/pdfdirect/10.1111/ijtd.12348,https://onlinelibrary.wiley.com/doi/pdfdirect/10.1111/ijtd.12348,cc-by,publishedVersion,True,2,False,False,6,63.2,medium
ZhoHow_2025,How UK universities approach sustainability: A timely review,"Zhou, RH",2025,10.1177/14779714241240985,Journal of Adult and Continuing Education,Journal Article,hybrid,hybrid,https://journals.sagepub.com/doi/pdf/10.1177/14779714241240985,https://journals.sagepub.com/doi/pdf/10.1177/14779714241240985,cc-by,publishedVersion,False,1,False,False,6,58.8,medium
SwaTim_2024,Time to Rethink Intended Learning Outcomes for Sustainable Development? A Qualitative Exploration and Reflection of Course Syllabuses in Swedish Undergraduate Physiotherapy Education,"Swardh, E; Brodin, N; Pettersson, A; Palstam, A",2024,10.1177/23821205241260599,JOURNAL OF MEDICAL EDUCATION AND CURRICULAR DEVELOPMENT,Journal Article,gold,gold,,https://doi.org/10.1177/23821205241260599,cc-by-nc,publishedVersion,True,4,True,True,6,64.6,medium
BomBui_2025,"Building learning pathways to enhance education for sustainable development (ESD), quality and relevance","Boman, J.; Omrcen, E.; Weldemariam, K.; Hanning, A.; Lodin, J.",2025,10.1108/ijshe-10-2024-0764,International Journal of Sustainability in Higher Education,Journal Article,hybrid,hybrid,https://www.emerald.com/ijshe/article-pdf/doi/10.1108/IJSHE-10-2024-0764/10297446/ijshe-10-2024-0764en.pdf,https://www.emerald.com/ijshe/article-pdf/doi/10.1108/IJSHE-10-2024-0764/10297446/ijshe-10-2024-0764en.pdf,cc-by,publishedVersion,False,1,False,False,5,60.7,medium
AcoEnv_2024,Environmental education for sustainable development in engineering education in Colombia,"Acosta-Castellanos, P.M.; Queiruga-Dios, A.; Camargo-Mariño, J.A.",2024,10.3389/feduc.2024.1306522,Frontiers in Education,Journal Article,gold,gold,https://www.frontiersin.org/journals/education/articles/10.3389/feduc.2024.1306522/pdf,https://www.frontiersin.org/journals/education/articles/10.3389/feduc.2024.1306522/pdf,cc-by,publishedVersion,True,2,True,True,5,56.9,medium
NagRes_2024,Research on Education for Sustainable Development with Design-Based Research by Employing Industry 4.0 Technologies for the Issue of Single-Use Plastic Waste in Taiwan,"Nagatomo, D.",2024,10.3390/su16229832,Sustainability (Switzerland),Journal Article,gold,gold,https://www.mdpi.com/2071-1050/16/22/9832/pdf?version=1731395126,https://www.mdpi.com/2071-1050/16/22/9832/pdf?version=1731395126,cc-by,publishedVersion,False,1,True,False,5,62.2,medium
KulINT_2025,INTEGRATING ENVIRONMENTAL EDUCATION INTO ECONOMICS CURRICULA: A FRAMEWORK FOR SUSTAINABLE DEVELOPMENT,"Kulanina, S.; Dashin, A.; Khorolskaya, T.; Karabalaeva, S.; Yakushina, A.",2025,10.31407/ijees15.132,International Journal of Ecosystems and Ecology Science,Journal Article,bronze,bronze,https://doi.org/10.31407/ijees15.132,https://doi.org/10.31407/ijees15.132,,publishedVersion,False,1,False,False,5,56.8,medium
GarThe_2023_257,The integration of sustainability and the Sustainability Development Goals (SDGs) in the geographical teaching of tourism: a didactic and methodological proposal for University,"Garzón-García, R.; Florido-Trujillo, G.; Ramírez-López, M.L.",2023,10.14198/inturi.22411,Investigaciones Turisticas,Journal Article,diamond,gold,https://investigacionesturisticas.ua.es/article/download/22411/22611,https://investigacionesturisticas.ua.es/article/download/22411/22611,cc-by,publishedVersion,True,2,True,True,5,61.8,medium
HuaA c_2023,A corpus-assisted discourse study of Chinese university students' perceptions of sustainability,"Huang, RH",2023,10.3389/fpsyg.2023.1124909,Frontiers in Psychology,Journal Article,gold,gold,https://www.frontiersin.org/articles/10.3389/fpsyg.2023.1124909/pdf,https://www.frontiersin.org/articles/10.3389/fpsyg.2023.1124909/pdf,cc-by,publishedVersion,True,3,True,True,5,61.4,medium
DawEDU_2021,EDUCATION for SUSTAINABLE DEVELOPMENT: A STAKEHOLDER ANALYSIS between A CHINESE and SINO-FOREIGN UNIVERSITY,"Dawodu, A.; Awonfor, F.; Dai, H.; Li, S.; Wu, C.",2021,10.2495/sc210381,WIT Transactions on Ecology and the Environment,Journal Article,bronze,bronze,http://www.witpress.com/Secure/elibrary/papers/SC21/SC21038FU1.pdf,http://www.witpress.com/Secure/elibrary/papers/SC21/SC21038FU1.pdf,,publishedVersion,False,1,False,False,5,67.8,medium
OguThe_2024,The Correlation between Dimensions of Sustainability Literacy: The Case of British and Turkish Students,Oguz Ozdemir,2024,nan,Science Insights Education Frontiers,Journal Article,diamond,,,,,,,0,,,5,50.8,medium
LorInn_2022,"Innovative Teaching and Learning Formats for the Implementation of Agroforestry Systems-An Impact Analysis after Five Years of Experience with the Real-World Laboratory ""Ackerbaum""","Lorenz, T.; Gerster, L.; Elias Wodzinowski, D.; Wartenberg, A.; Martetschläger, L.",2022,10.3390/f13071064,Forests,Journal Article,gold,gold,https://www.mdpi.com/1999-4907/13/7/1064/pdf?version=1657098749,https://www.mdpi.com/1999-4907/13/7/1064/pdf?version=1657098749,cc-by,publishedVersion,True,3,True,False,4,54.9,medium
KerUNE_2020,UNESCO's Education for Sustainable Development Framework and the Reality of University-Community Cooperation in the Caucasus Mountain Region,"Keryan, T.; Mitrofanenko, T.; Muhar, A.; Khartishvili, L.",2020,10.1659/mrd-journal-d-20-00023.1,Mountain Research and Development,Journal Article,gold,gold,https://bioone.org/journals/mountain-research-and-development/volume-40/issue-4/MRD-JOURNAL-D-20-00023.1/UNESCOs-Education-for-Sustainable-Development-Framework-and-the-Reality-of/10.1659/MRD-JOURNAL-D-20-00023.1.pdf,https://bioone.org/journals/mountain-research-and-development/volume-40/issue-4/MRD-JOURNAL-D-20-00023.1/UNESCOs-Education-for-Sustainable-Development-Framework-and-the-Reality-of/10.1659/MRD-JOURNAL-D-20-00023.1.pdf,cc-by,publishedVersion,True,2,True,True,4,63.1,medium
XiaDev_2024,Developing and validating a scale to measure tertiary students' sustainability competence in extracurricular settings in Asia,"Xiao, C.; Wan, K.; Kwong, T.",2024,10.1080/2331186x.2024.2334107,Cogent Education,Journal Article,gold,gold,https://www.tandfonline.com/doi/pdf/10.1080/2331186X.2024.2334107?needAccess=true,https://www.tandfonline.com/doi/pdf/10.1080/2331186X.2024.2334107?needAccess=true,cc-by,publishedVersion,True,3,True,True,4,62.7,medium
OlzMAN_2024,MANAGING GREEN TRANSITION IN HIGHER EDUCATION: THE CASE OF CENTRAL ASIAN UNIVERSITIES,"Olzhebayeva, G.; Buldybayev, T.; Omeljanciuk, A.; Pavalkis, D.; Zhidebekkyzy, A.",2024,10.17512/pjms.2024.30.1.13,Polish Journal of Management Studies,Journal Article,diamond,gold,,https://doi.org/10.17512/pjms.2024.30.1.13,,publishedVersion,False,1,True,False,4,66.2,medium
HakThe_2025,"The impact of sustainability literacy, social support, and attitudes towards innovation on sustainable energy consumption among Indonesian youth","Hakam, L.I.; Hakam, D.F.; Wiryono, S.K.; Rahadi, R.A.",2025,10.3389/frsc.2025.1606031,Frontiers in Sustainable Cities,Journal Article,gold,gold,https://www.frontiersin.org/journals/sustainable-cities/articles/10.3389/frsc.2025.1606031/pdf,https://www.frontiersin.org/journals/sustainable-cities/articles/10.3389/frsc.2025.1606031/pdf,cc-by,publishedVersion,True,2,True,True,4,65.7,medium
MorEva_2024,Evaluation of the urban living lab in HEIs towards education for sustainable development (E-ULL-HEIs),"Morales, I.; Segalàs, J.; Masseck, T.",2024,10.3389/feduc.2024.1412380,Frontiers in Education,Journal Article,gold,gold,https://www.frontiersin.org/articles/10.3389/feduc.2024.1412380/pdf?isPublishedV2=False,https://www.frontiersin.org/articles/10.3389/feduc.2024.1412380/pdf?isPublishedV2=False,cc-by,publishedVersion,True,3,True,True,4,72.6,high
CanEdu_2025,Education for Environmental Sustainability Component: Innovative Strategies for Experiential Learning in Natural Contexts,"Cano-Ortíz, A.; Piñar-Fuentes, J.C.; Musarella, C.M.; Peña-Martínez, J.",2025,10.3390/educsci15060697,Education Sciences,Journal Article,gold,gold,https://www.mdpi.com/2227-7102/15/6/697/pdf?version=1749040246,https://www.mdpi.com/2227-7102/15/6/697/pdf?version=1749040246,cc-by,publishedVersion,True,2,True,True,4,54.1,medium
TelLev_2024,Leveraging small island context to advance and disseminate environmental health and sustainable development knowledge through higher education,"Telesford, L.; Nsobundu, C.; Lewis, T.; Marks, A.; Alamrany, A.",2024,10.3389/feduc.2024.1337302,Frontiers in Education,Journal Article,gold,gold,https://www.frontiersin.org/articles/10.3389/feduc.2024.1337302/pdf?isPublishedV2=False,https://www.frontiersin.org/articles/10.3389/feduc.2024.1337302/pdf?isPublishedV2=False,cc-by,publishedVersion,True,2,True,True,4,45.8,medium
"Lo,Pho_2022",Photographic Evidence from Psychology for Responsible Behavior for Societal Transformation during the COVID-19 Pandemic: Experiential Learning Applied to the Tourism and Hospitality Industry for Education for Sustainable Development (ESD) for 2030,"Lo, W.-S.",2022,10.3390/bs12090307,Behavioral Sciences,Journal Article,gold,gold,https://www.mdpi.com/2076-328X/12/9/307/pdf?version=1661514249,https://www.mdpi.com/2076-328X/12/9/307/pdf?version=1661514249,cc-by,publishedVersion,True,3,True,True,4,74.3,high
AlsSki_2023,Skill components of higher education in the era of sustainable development: an analytical study among university students in Qatar,"Alshawi, A.A.H.; Ali, A.-S.M.; Raïq, H.",2023,10.3389/feduc.2023.1141306,Frontiers in Education,Journal Article,gold,gold,https://www.frontiersin.org/articles/10.3389/feduc.2023.1141306/pdf,https://www.frontiersin.org/articles/10.3389/feduc.2023.1141306/pdf,cc-by,publishedVersion,True,2,True,True,4,68.3,medium
GwiSee_2023,Seeing the wood for the trees: a heuristic framework to enable the integration of sustainability education in higher education settings,"Gwilliam, J.; Reeves, A.; Timuş, N.",2023,10.1080/1943815x.2023.2250420,Journal of Integrative Environmental Sciences,Journal Article,gold,gold,https://www.tandfonline.com/doi/pdf/10.1080/1943815X.2023.2250420?needAccess=true&role=button,https://www.tandfonline.com/doi/pdf/10.1080/1943815X.2023.2250420?needAccess=true&role=button,cc-by,publishedVersion,True,3,True,True,4,55.5,medium
SudHow_2025,How to increase student sustainable attitudes: A study effect of the education for sustainable development ethno-pedagogy learning model (EP-ESD),"Sudarmin, S.; Ariyatun, A.; Rahayu, S.; Yamtinah, S.; Pujiastuti, S.E.",2025,10.31893/multiscience.2025252,Multidisciplinary Science Journal,Journal Article,diamond,gold,https://malque.pub/ojs/index.php/msj/article/download/4499/2779,https://malque.pub/ojs/index.php/msj/article/download/4499/2779,cc-by-nc-nd,publishedVersion,False,1,True,False,4,70.5,high
ErgWha_2024,What difference does one course make? Assessing the impact of content-based instruction on students' sustainability literacy,"Erguvan, I.D.",2024,10.1057/s41599-024-03149-4,Humanities and Social Sciences Communications,Journal Article,gold,gold,https://www.nature.com/articles/s41599-024-03149-4.pdf,https://www.nature.com/articles/s41599-024-03149-4.pdf,cc-by,publishedVersion,True,2,True,True,4,58.1,medium
MagExa_2024,Examining the Alignment of Tourism Management Related Curriculum with the United Nations Sustainable Development Goals (SDG's) in Higher Education Institutions in Ireland,"Maguire, K.; O'Connor, N.; Condron, R.; Archbold, P.; Hannevig, C.",2024,10.3390/su16198554,Sustainability (Switzerland),Journal Article,gold,gold,https://www.mdpi.com/2071-1050/16/19/8554/pdf?version=1727791934,https://www.mdpi.com/2071-1050/16/19/8554/pdf?version=1727791934,cc-by,publishedVersion,False,1,True,False,3,65.7,medium
YosEff_2022,Effects of Using World Indicators for Online ESD Learning,"Yoshida, M.",2022,10.3390/su142113919,Sustainability (Switzerland),Journal Article,gold,gold,https://www.mdpi.com/2071-1050/14/21/13919/pdf?version=1667871626,https://www.mdpi.com/2071-1050/14/21/13919/pdf?version=1667871626,cc-by,publishedVersion,True,3,True,False,3,67.5,medium
MosHig_2024,Higher education for sustainable development during the COVID-19 pandemic in Ukraine,"Mospan, N.",2024,10.53761/mx4xsg41,Journal of University Teaching and Learning Practice,Journal Article,diamond,gold,https://open-publishing.org/journals/index.php/jutlp/article/download/718/712,https://open-publishing.org/journals/index.php/jutlp/article/download/718/712,cc-by-nd,publishedVersion,False,1,True,False,3,56.0,medium
FošSus_2025,Sustainability Literacy as a Key to a Better Future: A Look at Higher Education,"Fošner, A.",2025,10.3390/su17030987,Sustainability (Switzerland),Journal Article,gold,gold,https://www.mdpi.com/2071-1050/17/3/987/pdf?version=1737800229,https://www.mdpi.com/2071-1050/17/3/987/pdf?version=1737800229,cc-by,publishedVersion,True,2,True,False,3,50.3,medium
ArrAss_2023,Assessing the learning outcomes of the creativity competence linked to the SDG6: Clean water and sanitation. A case study in the university context,"Arrondo Diez, E.; Aranguren Gómez, N.",2023,10.5209/rced.80166,Revista Complutense de Educacion,Journal Article,diamond,gold,https://revistas.ucm.es/index.php/RCED/article/download/80166/4564456567009,https://revistas.ucm.es/index.php/RCED/article/download/80166/4564456567009,cc-by-nc-nd,publishedVersion,True,2,True,True,3,74.2,high
"Du,Res_2020",Research on the Curriculum Development of Education for Sustainable Development(ESD) from the Perspective of VR / AR assisted instruction - - Take Guangdong Business and Technology University as an Example,"Du, X.Y.; Guan, Y.B.; Hsieh, T.S.",2020,10.1088/1755-1315/576/1/012019,IOP Conference Series: Earth and Environmental Science,Conference Paper,diamond,gold,https://iopscience.iop.org/article/10.1088/1755-1315/576/1/012019/pdf,https://iopscience.iop.org/article/10.1088/1755-1315/576/1/012019/pdf,cc-by,publishedVersion,False,1,True,False,3,61.4,medium
MagLev_2025,Leveraging educational partnerships to integrate education for sustainable development into university geoscience curriculum,"Maganini, M.; Herndon, K.E.; Loran, T.; Griffin, R.E.; Anderson, E.R.",2025,10.1108/ijshe-07-2024-0445,International Journal of Sustainability in Higher Education,Journal Article,bronze,bronze,https://www.emerald.com/insight/content/doi/10.1108/IJSHE-07-2024-0445/full/pdf?title=leveraging-educational-partnerships-to-integrate-education-for-sustainable-development-into-university-geoscience-curriculum,https://www.emerald.com/insight/content/doi/10.1108/IJSHE-07-2024-0445/full/pdf?title=leveraging-educational-partnerships-to-integrate-education-for-sustainable-development-into-university-geoscience-curriculum,,publishedVersion,True,2,False,False,2,59.5,medium
LiuEnh_2025,Enhancing Student Behavior with the Learner-Centered Approach in Sustainable Hospitality Education,"Liu, S.-Y.; Hung, C.-L.; Yen, C.-Y.; Su, Y.; Lo, W.-S.",2025,10.3390/su17093821,Sustainability (Switzerland),Journal Article,gold,gold,https://www.mdpi.com/2071-1050/17/9/3821/pdf?version=1745474615,https://www.mdpi.com/2071-1050/17/9/3821/pdf?version=1745474615,cc-by,publishedVersion,False,1,True,False,2,60.6,medium
WalDra_2026,Drama as a transformational capability of sustainability science,"Wall, T; Österlind, E; Lehtonen, A; Khalaim, O; Fries, J",2026,10.1007/s11625-025-01751-2,SUSTAINABILITY SCIENCE,Journal Article,hybrid,hybrid,https://link.springer.com/content/pdf/10.1007/s11625-025-01751-2.pdf,https://link.springer.com/content/pdf/10.1007/s11625-025-01751-2.pdf,cc-by,publishedVersion,True,2,False,False,2,46.3,medium
VanMap_2025,Mapping pedagogies of education for sustainable development in Scottish higher education institutions,"Vaniev, A.; Malt-Cullen, M.",2025,10.1177/14779714241260528,Journal of Adult and Continuing Education,Journal Article,hybrid,hybrid,https://journals.sagepub.com/doi/pdf/10.1177/14779714241260528,https://journals.sagepub.com/doi/pdf/10.1177/14779714241260528,cc-by-nc,publishedVersion,True,2,False,False,2,66.6,medium
SchNav_2024,Navigating role conflicts and responsibilities in higher education for sustainable development. Insights from German university teachers,"Schlieszus, A.-K.; Weselek, J.; Siegmund, A.",2024,10.14512/gaia.33.4.7,GAIA - Ecological Perspectives for Science and Society,Journal Article,hybrid,hybrid,,https://doi.org/10.14512/gaia.33.4.7,cc-by,publishedVersion,False,1,False,False,2,68.6,medium
VenEff_2022,EffSET: a Self-Evaluation Tool to Assess the Effectiveness of Education for Sustainable Development,"Venezia, E; Pizzutilo, F",2022,10.14207/ejsd.2022.v11n4p197,EUROPEAN JOURNAL OF SUSTAINABLE DEVELOPMENT,Journal Article,diamond,gold,http://ecsdev.org/ojs/index.php/ejsd/article/download/1351/1338,http://ecsdev.org/ojs/index.php/ejsd/article/download/1351/1338,cc-by-nc,publishedVersion,True,2,True,False,2,57.4,medium
AriRec_2024,Reconstruction of the Engineering Design Project (EDPj) Learning Model based on Ethno-ESD to Actualize Students' Sustainable Environmental Literacy,"Ariyatun, A.; Sudarmin, S.; Rahmawati, A.; Winarto, W.; Wibowo, T.",2024,10.31129/lumat.12.4.2300,LUMAT,Journal Article,diamond,gold,,https://doi.org/10.31129/lumat.12.4.2300,cc-by,publishedVersion,True,2,True,True,2,75.5,high
LozExp_2025,Exploring green pedagogy for eco-centric praxis-based learning in higher education,"Lozjanin, A.; Chhabra, G.; Mehdian, N.",2025,10.37074/jalt.2025.8.s1.12,Journal of Applied Learning and Teaching,Journal Article,diamond,gold,https://journals.sfu.ca/jalt/index.php/jalt/article/download/2773/949,https://journals.sfu.ca/jalt/index.php/jalt/article/download/2773/949,,publishedVersion,False,1,True,False,2,55.5,medium
HayPre_2025,Preservice teachers' experiences about a capacity-building activity to foster sustainability competencies through participatory action learning: a systems thinking in practice approach,"Hay, A.; Simamane, Z.",2025,10.1080/13504622.2025.2543508,Environmental Education Research,Journal Article,bronze,bronze,https://www.tandfonline.com/doi/pdf/10.1080/13504622.2025.2543508?needAccess=true,https://www.tandfonline.com/doi/pdf/10.1080/13504622.2025.2543508?needAccess=true,,publishedVersion,False,1,False,False,2,68.1,medium
ShcFor_2020,Formation of competencies in the field of sustainable development among students on the direction of training ⇜geography⇝,"Shchitova, N.A.; Belozerov, V.S.; Zolnikova, J.F.",2020,10.35595/2414-9179-2020-1-26-22-29,"InterCarto, InterGIS",Conference Paper,diamond,gold,http://intercarto.msu.ru/jour/articles/article731.pdf,http://intercarto.msu.ru/jour/articles/article731.pdf,cc-by,publishedVersion,False,1,True,True,2,59.0,medium
MurTra_2018,Transition Towards Sustainability in Hull University Business School: A Study of Curricular Sustainability in the Teaching Processes,"Murga-Menoyo, M.A.; Correia, F.; Espinosa, Á.",2018,10.1007/978-3-319-63007-6_48,World Sustainability Series,Book Chapter,green,green,,https://hull-repository.worktribe.com/output/1788023,cc-by,submittedVersion,True,1,False,False,2,56.1,medium
SchApp_2024,Applying Design Thinking to Support Education for Sustainable Development in Higher Education,"Schmidberger, I.; Wippermann, S.",2024,10.4995/head24.2024.17073,International Conference on Higher Education Advances,Conference Paper,gold,gold,http://ocs.editorial.upv.es/index.php/HEAD/HEAd24/paper/download/17073/8718,http://ocs.editorial.upv.es/index.php/HEAD/HEAd24/paper/download/17073/8718,cc-by,publishedVersion,True,2,False,False,2,53.8,medium
BalCon_2025,Connecting SDG 2: Zero Hunger with the Other SDGs—Teaching Food Security and the SDGs Interdependencies in Higher Education,"Balan, I.M.; Trasca, T.I.; Ocnean, M.; Horablaga, A.; Mateoc-Sîrb, N.",2025,10.3390/su17167496,Sustainability (Switzerland),Journal Article,gold,gold,https://www.mdpi.com/2071-1050/17/16/7496/pdf?version=1755609556,https://www.mdpi.com/2071-1050/17/16/7496/pdf?version=1755609556,cc-by,publishedVersion,False,1,True,False,1,62.2,medium
ParCas_2025,Case Study for Planning Education: Lessons from Incorporating an Interdisciplinary Teaching Approach and APA Trend Reports in Capstone Planning Studios,"Park, H.Y.; Palazzo, D.; Hollstein, L.",2025,10.3390/su17031294,Sustainability (Switzerland),Journal Article,gold,gold,https://www.mdpi.com/2071-1050/17/3/1294/pdf?version=1739342355,https://www.mdpi.com/2071-1050/17/3/1294/pdf?version=1739342355,cc-by,publishedVersion,False,1,True,False,1,59.6,medium
CheAss_2025,"Assessing knowledge, attitudes and behaviours for sustainable development: a case study of Tibet University","Chen, Z.; Razman, M.R.; Syed Zakaria, S.Z.S.; Lee, K.E.",2025,10.1007/s43621-025-01437-w,Discover Sustainability,Journal Article,gold,gold,https://link.springer.com/content/pdf/10.1007/s43621-025-01437-w.pdf,https://link.springer.com/content/pdf/10.1007/s43621-025-01437-w.pdf,cc-by-nc-nd,publishedVersion,True,2,True,True,1,70.1,high
PipDet_2025,Determinants of Tolerance Among Higher Education Students in Montenegro: Quantitative Insights for Advancing Educational and Societal Sustainability,"Piper, I.; Katnic, I.; Orahovac, A.; Gogić, A.; Mašković, M.",2025,10.3390/su172411109,Sustainability (Switzerland),Journal Article,gold,gold,https://www.mdpi.com/2071-1050/17/24/11109/pdf?version=1765458279,https://www.mdpi.com/2071-1050/17/24/11109/pdf?version=1765458279,cc-by,publishedVersion,False,1,True,False,1,66.9,medium
O'NCha_2024,Changing focus: making sustainability a major theme in existing university modules,"O'Neill, I.; Gui, M.M.",2024,10.1007/s43621-024-00442-9,Discover Sustainability,Journal Article,gold,gold,https://link.springer.com/content/pdf/10.1007/s43621-024-00442-9.pdf,https://link.springer.com/content/pdf/10.1007/s43621-024-00442-9.pdf,cc-by,publishedVersion,True,2,True,True,1,59.6,medium
JuwEdu_2024,Education for Sustainable Development (ESD) in Post-modernity: A Case Study of Japanese Value Manifestation in Vocational Education in Greater Mekong Sub-Region Country,"Juwitasari, R.",2024,10.30880/jtet.2024.16.03.015,Journal of Technical Education and Training,Journal Article,diamond,gold,https://publisher.uthm.edu.my/ojs/index.php/JTET/article/download/17417/7059/90829,https://publisher.uthm.edu.my/ojs/index.php/JTET/article/download/17417/7059/90829,,publishedVersion,False,1,True,False,1,66.2,medium
ChiEva_2025,Evaluating Problem-Based Learning in an ESG-Centered General Education Course: A Mixed-Methods Study of Student Competency Development,"Chien, C.T.; Chien, C.H.",2025,10.3390/su17177944,Sustainability (Switzerland),Journal Article,gold,gold,https://www.mdpi.com/2071-1050/17/17/7944/pdf?version=1756905409,https://www.mdpi.com/2071-1050/17/17/7944/pdf?version=1756905409,cc-by,publishedVersion,False,1,True,False,1,62.6,medium
KågTow_2025,Towards an attitude-inclusive understanding of environmental assessment competence in higher education,"Kågström, M.; Faith-Ell, C.",2025,10.1080/14615517.2025.2516917,Impact Assessment and Project Appraisal,Journal Article,hybrid,hybrid,,https://doi.org/10.1080/14615517.2025.2516917,cc-by,publishedVersion,True,2,False,False,1,54.1,medium
SklDou_2025,Double degree programs and education for sustainable development implementation Experience of Ukrainian and UK universities cooperation in wartime,"Skliar, I.; Kostel, M.; Melnyk, O.; Bliumska-Danko, K.",2025,10.21511/ppm.23(2-si).2025.07,Problems and Perspectives in Management,Journal Article,gold,gold,https://www.businessperspectives.org/images/pdf/applications/publishing/templates/article/assets/21525/PPM_2025_02(si)_Skliar.pdf,https://www.businessperspectives.org/images/pdf/applications/publishing/templates/article/assets/21525/PPM_2025_02(si)_Skliar.pdf,cc-by,publishedVersion,True,2,True,True,1,70.8,high
MorUrb_2024,Urban Living Lab as an Education Strategy for Sustainable Development,"Morales, I; Segalás, J; Masseck, T",2024,10.5281/zenodo.12813470,ESPACIO ABIERTO,Journal Article,green,,,,,,,0,,,1,64.6,medium
AbdEdu_2025,Education for sustainable development: Comparative analysis of internship programs in preparing biology teachers,"Abdildauly, A.; Bakhtaulova, A.S.; Mukasheva, D.M.; Haas, M.",2025,10.1088/1755-1315/1544/1/012015,IOP Conference Series: Earth and Environmental Science,Conference Paper,diamond,gold,,https://doi.org/10.1088/1755-1315/1544/1/012015,cc-by,publishedVersion,False,1,True,False,1,57.6,medium
CedEnv_2025,Environmental citizenship among Swedish higher education students: generational differences in perspectives on sustainability and environmental awareness,"Cederqvist, A.-M.; Chaker, R.; Hajj-Hassan, M.",2025,10.1007/s13412-025-01079-4,Journal of Environmental Studies and Sciences,Journal Article,hybrid,hybrid,https://link.springer.com/content/pdf/10.1007/s13412-025-01079-4.pdf,https://link.springer.com/content/pdf/10.1007/s13412-025-01079-4.pdf,cc-by,publishedVersion,False,1,False,False,1,59.4,medium
UreThe_2021,"The Change Project Approach: A response for reorienting teacher education to address Education 2030 in southern Africa – The case of Midlands State University, Zimbabwe","Urenje, S.; Chauraya, M.; Chikunda, C.",2021,10.4314/sajee.v37i1.6,Southern African Journal of Environmental Education,Journal Article,diamond,gold,https://www.ajol.info/index.php/sajee/article/download/203099/204454,https://www.ajol.info/index.php/sajee/article/download/203099/204454,cc-by-nc-sa,publishedVersion,True,3,True,True,1,71.2,high
NovEDU_2025,EDUCATION FOR SUSTAINABLE DEVELOPMENT (ESD) COMPETENCY IN PHYSICS LEARNING ASSESSMENT: PRE-SERVICE TEACHERS’ THINKING SKILLS BASED ON ETHNO-SOCIO-SCIENTIFIC CONTENT,"Novita, N.; Andriani, R.; Muliani, M.; Makfirah, H.; Nur’azizah, N.",2025,10.15294/jpii.v14i1.15880,Jurnal Pendidikan IPA Indonesia,Journal Article,gold,gold,,https://doi.org/10.15294/jpii.v14i1.15880,cc-by,publishedVersion,False,1,True,True,1,73.4,high
SalSer_2025,Service-Learning in Initial Teacher Education: Incorporating Sustainable Development Goals into Higher Education,"Salvador-García, C; Ribés, AS",2025,10.6018/educatio.626191,EDUCATIO SIGLO XXI,Journal Article,diamond,gold,https://revistas.um.es/educatio/article/download/626191/383051,https://revistas.um.es/educatio/article/download/626191/383051,cc-by-nc-nd,publishedVersion,True,2,True,True,1,73.9,high
Hol'LE_2024,'LEARNING BY DOING' IN HIGHER EDUCATION: EMPIRICAL INSIGHTS INTO EDUCATION FOR SUSTAINABLE DEVELOPMENT,"Hollstein, B; Tziminadis, J; Schrage, P",2024,10.21723/riaee.v19iesp.1.18414,REVISTA IBERO-AMERICANA DE ESTUDOS EM EDUCACAO,Journal Article,diamond,gold,https://periodicos.fclar.unesp.br/iberoamericana/article/download/18414/18474,https://periodicos.fclar.unesp.br/iberoamericana/article/download/18414/18474,cc-by-nc-sa,publishedVersion,False,1,True,True,1,61.2,medium
NavUsi_2024,"Using a Group Podcast and Policy Brief in an Economics Undergraduate Course to Enhance Sustainability Literacy, Communication and Teamwork Skills","Navrouzoglou, P.; Kushwah, L.; Selvaretnam, G.",2024,10.1007/978-3-031-55996-9_4,World Sustainability Series,Book Chapter,green,green,,https://eprints.gla.ac.uk/325551/,cc-by-sa,submittedVersion,True,1,False,False,1,58.1,medium
YueMan_2024,Management Strategies for Higher Education Institutions Based on the Principles of Education for Sustainable Development in the Lower Northern Region,"Yuenyong, T.",2024,10.62754/joe.v3i7.4238,Journal of Ecohumanism,Journal Article,hybrid,hybrid,https://ecohumanism.co.uk/joe/ecohumanism/article/download/4238/3555,https://ecohumanism.co.uk/joe/ecohumanism/article/download/4238/3555,cc-by-nc-nd,publishedVersion,False,1,False,False,1,65.3,medium
LonTow_2018,"Towards a sustainable university: A case study of the university of the west of England, Bristol","Longhurst, J.W.S.; Gough, G.K.",2018,10.2495/sdp180681,WIT Transactions on Ecology and the Environment,Journal Article,bronze,bronze,http://www.witpress.com/Secure/elibrary/papers/SDP18/SDP18068FU1.pdf,http://www.witpress.com/Secure/elibrary/papers/SDP18/SDP18068FU1.pdf,,publishedVersion,False,1,False,False,1,47.8,medium
GupEff_2025,Effects of Solutions Centered Climate Education on Youth Beliefs and Behaviors: The University of California's Bending the Curve Course,"Gupta, A.R.; Jaiswal, S.; Purpura, S.; Dizon, S.; Buan, M.",2025,10.3390/su17177831,Sustainability (Switzerland),Journal Article,gold,gold,https://www.mdpi.com/2071-1050/17/17/7831/pdf?version=1756548594,https://www.mdpi.com/2071-1050/17/17/7831/pdf?version=1756548594,cc-by,publishedVersion,False,1,True,False,0,55.1,medium
BisEff_2026,Effectiveness of an educational program on improving the knowledge and practice of environmental sustainability in dentistry among undergraduate students at Faculty of Dentistry in Egypt: an interventional study,"Bishr, E.M.; Barghout, M.F.; Ismail, G.A.; Fetohy, E.M.; El-Zoka, A.H.",2026,10.1186/s12909-025-08137-z,BMC Medical Education,Journal Article,gold,gold,,https://doi.org/10.1186/s12909-025-08137-z,cc-by,publishedVersion,True,4,True,True,0,61.0,medium
SpaA f_2025,"A framework for serious game development as an instructional approach (SGDIA): proof-of-concept for students' self-efficacy, values, and critical reflection","Spangenberger, P.; Schultze-Krumbholz, A.; Kruse, L.; Geiger, S.M.; Löde, V.",2025,10.1186/s41239-025-00573-7,International Journal of Educational Technology in Higher Education,Journal Article,diamond,gold,https://link.springer.com/content/pdf/10.1186/s41239-025-00573-7.pdf,https://link.springer.com/content/pdf/10.1186/s41239-025-00573-7.pdf,cc-by,publishedVersion,True,2,True,True,0,82.0,high
VikEdu_2025,Educating planners for sustainable development: perspectives from Norway,"Vik, M.L.; Knappe, G.O.; Steffansen, R.; Xue, J.; Lundberg, A.K.",2025,10.1080/02697459.2025.2563864,Planning Practice and Research,Journal Article,hybrid,hybrid,,https://doi.org/10.1080/02697459.2025.2563864,cc-by,publishedVersion,True,2,False,False,0,48.3,medium
AbdAdv_2026,Advancing sustainable islamic management education through education for sustainable development,"Abdullah, W; Tarihoran, N; Supardi, S; Saenong, F; Wasehudin, W",2026,10.1007/s43621-025-02571-1,Discover Sustainability,Journal Article,gold,gold,,https://doi.org/10.1007/s43621-025-02571-1,cc-by-nc-nd,publishedVersion,False,1,True,True,0,75.9,high
GarStr_2025,Structural Equation Model for Assessing Relationship Between Green Skills and Sustainable Entrepreneurial Intentions,"Garcia-Hernandez, Y.; Martínez García, M.D.; Amador Martínez, M.D.L.",2025,10.3390/su17209306,Sustainability (Switzerland),Journal Article,gold,gold,https://www.mdpi.com/2071-1050/17/20/9306/pdf?version=1760961471,https://www.mdpi.com/2071-1050/17/20/9306/pdf?version=1760961471,cc-by,publishedVersion,False,1,True,False,0,61.8,medium
MamEmp_2026,Empowering student-led exchanges in biosphere reserves and geoparks: A policy framework for sustainable education in multiple UNESCO designated areas,"Mammadova, A.; Matias, D.M.; Afful, B.E.B.; Donkoh, R.F.; Harada, S.",2026,10.1016/j.crsust.2025.100332,Current Research in Environmental Sustainability,Journal Article,gold,gold,,https://doi.org/10.1016/j.crsust.2025.100332,cc-by,publishedVersion,False,1,True,True,0,53.5,medium
AhmFro_2025,From Practice to Professional Growth: Embedding Sustainability in Faculty Development Through the CoDesignS Framework,"Ahmad, N.; Ibahrine, M.",2025,10.3390/su172411051,Sustainability (Switzerland),Journal Article,gold,gold,https://www.mdpi.com/2071-1050/17/24/11051/pdf?version=1765364531,https://www.mdpi.com/2071-1050/17/24/11051/pdf?version=1765364531,cc-by,publishedVersion,False,1,True,False,0,60.7,medium
BraInt_2025,Interdisciplinary learning for corporate social responsibility and sustainability across business and psychology,"Brassler, M.",2025,10.1007/s43621-025-02078-9,Discover Sustainability,Journal Article,gold,gold,https://link.springer.com/content/pdf/10.1007/s43621-025-02078-9.pdf,https://link.springer.com/content/pdf/10.1007/s43621-025-02078-9.pdf,cc-by,publishedVersion,True,2,True,True,0,54.5,medium
MacApp_2025,Applying SSM to Reinvent Education for Sustainable Development for Future Managers: A Tale of Two Universities,"Maciąg, J.; Sinha, T.",2025,10.1007/s11213-025-09750-1,Systemic Practice and Action Research,Journal Article,hybrid,hybrid,https://link.springer.com/content/pdf/10.1007/s11213-025-09750-1.pdf,https://link.springer.com/content/pdf/10.1007/s11213-025-09750-1.pdf,cc-by,publishedVersion,True,2,False,False,0,70.1,high
SymEna_2025,Enacting possibility thinking in academic curricula: fostering higher education students’ green skills for a sustainable future,"Symeonidou, A.; Fiore, M.; Audiello, D.; Colantuono, F.; Burnard, P.",2025,10.1504/ijarge.2025.150507,"International Journal of Agricultural Resources, Governance and Ecology",Journal Article,hybrid,hybrid,https://www.inderscienceonline.com/doi/pdf/10.1504/IJARGE.2025.150507?download=true,https://www.inderscienceonline.com/doi/pdf/10.1504/IJARGE.2025.150507?download=true,cc-by,publishedVersion,False,1,False,False,0,50.8,medium
DurMod_2026,Modeling Filipino Educators' Intentions to Integrate Sustainability Topics in Higher Education Using a Hybrid SEM-ANN,"Duran, M.K.L.; Mariñas, K.A.A.; Young, M.N.; Villanueva, R.C.",2026,10.1016/j.sftr.2026.101680,Sustainable Futures,Journal Article,gold,gold,,https://doi.org/10.1016/j.sftr.2026.101680,,publishedVersion,False,1,True,True,0,72.7,high
LeeBri_2025,Bridging the gap between theory and practice in sustainable urban planning education through active learning with SDGs project assessment tool,"Lee, J.; Li, Y.",2025,10.1007/s43621-025-02139-z,Discover Sustainability,Journal Article,gold,gold,https://link.springer.com/content/pdf/10.1007/s43621-025-02139-z.pdf,https://link.springer.com/content/pdf/10.1007/s43621-025-02139-z.pdf,cc-by-nc-nd,publishedVersion,True,2,True,True,0,62.2,medium
ShaEmb_2025,Embedding Sustainability in Accounting Education: Exploring the Role of SDGs in Saudi Arabian Higher Education Institutions,"Shaik, A.R.; Saheb, S.S.; Abdulmajeed, I.A.I.; Bafaqeer, S.M.",2025,10.18280/ijsdp.200805,International Journal of Sustainable Development and Planning,Journal Article,hybrid,hybrid,,https://doi.org/10.18280/ijsdp.200805,cc-by,publishedVersion,False,1,False,False,0,65.8,medium
HämAna_2025,Analyzing the effectiveness of dialogue practice in English as a lingua franca using the model of Transformative Language Teaching for Sustainability,"Hämäläinen, M.S.",2025,10.1515/eujal-2024-0034,European Journal of Applied Linguistics,Journal Article,hybrid,hybrid,https://www.degruyterbrill.com/document/doi/10.1515/eujal-2024-0034/pdf,https://www.degruyterbrill.com/document/doi/10.1515/eujal-2024-0034/pdf,cc-by,publishedVersion,False,1,False,False,0,44.7,low
AdiExp_2025,Exploring Virtual Reality and Digital Twin Technologies for Sustainable Construction Training in Higher Education,"Adilov, Z.; Tajibaev, J.; Rasul-Zade, L.; Tursunov, M.; Mamadiyarov, Z.",2025,10.1051/e3sconf/202568000131,E3S Web of Conferences,Conference Paper,diamond,gold,https://www.e3s-conferences.org/articles/e3sconf/pdf/2025/80/e3sconf_icegc2025_00131.pdf,https://www.e3s-conferences.org/articles/e3sconf/pdf/2025/80/e3sconf_icegc2025_00131.pdf,cc-by,publishedVersion,True,2,True,True,0,69.1,medium
De Rai_2026,"Raising Awareness on Sustainability Through Digital Learning: An Institutional SPOC for All Newly Admitted Students, Moving Towards a MOOC Perspective","De Lemos Esteves, F.; Maes, E.; Mayeur, B.; Fassotte, F.; Neuprez, P.",2026,10.1007/978-3-032-00056-9_16,Lecture Notes in Computer Science,Conference Paper,hybrid,hybrid,https://link.springer.com/content/pdf/10.1007/978-3-032-00056-9_16.pdf,https://link.springer.com/content/pdf/10.1007/978-3-032-00056-9_16.pdf,cc-by,publishedVersion,False,1,False,False,0,60.6,medium
BlaThe_2025,The inclusion of Education for Sustainable Development at university: a comparative between Spain and France,"Blanco Fontao, C.B.; Ferreira, C.; Arias-Gago, A.R.; Marin, A.; Berardi, A.M.",2025,10.5944/reec.49.2026.45168,Revista Espanola de Educacion Comparada,Journal Article,diamond,gold,https://revistas.uned.es/index.php/REEC/article/download/45168/33914,https://revistas.uned.es/index.php/REEC/article/download/45168/33914,cc-by-nc,publishedVersion,False,1,True,True,0,64.5,medium
MarAss_2025,Assessment of GreenComp learning in the training of education professionals,"Martínez Agut, M.P.; Monzó-Martínez, A.; Ortiz-Cermeño, E.",2025,10.3389/feduc.2025.1608850,Frontiers in Education,Journal Article,gold,gold,https://www.frontiersin.org/journals/education/articles/10.3389/feduc.2025.1608850/pdf,https://www.frontiersin.org/journals/education/articles/10.3389/feduc.2025.1608850/pdf,cc-by,publishedVersion,True,3,True,True,0,73.6,high
KopCri_2025,Critical Thinking in Sustainable Business: Examining Pragmatic and Ethical Issues for Supporting Biodiversity (Eco-centrism) in Business Education,"Kopnina, H.; Natunda, L.; Gadema, Z.; Baranowski, M.; Mande, W.M.",2025,10.1007/978-3-031-84081-4_12,"Practices, Perceptions and Prospects for Climate Change Education in Africa",Book Chapter,gold,gold,https://link.springer.com/content/pdf/10.1007/978-3-031-84081-4_12.pdf,https://link.springer.com/content/pdf/10.1007/978-3-031-84081-4_12.pdf,cc-by,publishedVersion,,1,False,,0,61.5,medium
DalAss_2025,Assessing the integration of sustainable development goals into core operations of Wolaita Sodo University from a holistic institutional perspective,"Dalelo, D.",2025,10.1007/s43621-025-02350-y,Discover Sustainability,Journal Article,gold,gold,,https://doi.org/10.1007/s43621-025-02350-y,cc-by-nc-nd,publishedVersion,False,1,True,True,0,62.2,medium
CarMap_2025,Mapping Green Skills in Collective Skill Formation Systems: A Natural Language Processing Analysis of Danish Vocational Education and Training,"Carstensen, M.B.; Ibsen, C.L.; Jensen, I.M.N.; Lund-Sørensen, B.",2025,10.1111/rego.70097,Regulation and Governance,Journal Article,bronze,bronze,https://onlinelibrary.wiley.com/doi/pdfdirect/10.1111/rego.70097,https://onlinelibrary.wiley.com/doi/pdfdirect/10.1111/rego.70097,,publishedVersion,False,1,False,False,0,57.8,medium
ImaInc_2025,Incorporating Sustainable Development Goals into an English for Global Citizenship Curriculum at an International Liberal Arts University in Japan,"Imai, J.",2025,10.1515/eujal-2024-0041,European Journal of Applied Linguistics,Journal Article,hybrid,hybrid,,https://doi.org/10.1515/eujal-2024-0041,cc-by,publishedVersion,False,1,False,False,0,59.7,medium
ZenISL_2025,ISLAMIC PEDAGOGICAL COMPETENCIES FOR SUSTAINABLE HOSPITALITY EDUCATION,"Zeng, L.; Cha-No, J.; Mohamad, B.",2025,10.15575/jpi.v11i2.49883,Jurnal Pendidikan Islam,Journal Article,diamond,gold,https://journal.uinsgd.ac.id/index.php/jpi/article/download/49883/15422,https://journal.uinsgd.ac.id/index.php/jpi/article/download/49883/15422,cc-by-sa,publishedVersion,False,1,True,True,0,60.9,medium
"Li,Dev_2024",Developing A Conceptual Framework for Sustainable Development Education Through Digital Tools: Qualitative Insights from Southwest China,"Li, M.; Jiang, S.; Jotikasthira, N.",2024,10.5430/jct.v13n1p119,Journal of Curriculum and Teaching,Journal Article,diamond,gold,https://www.sciedupress.com/journal/index.php/jct/article/download/24605/15676,https://www.sciedupress.com/journal/index.php/jct/article/download/24605/15676,cc-by,publishedVersion,False,1,True,False,0,53.4,medium
DanHig_2025,Higher Education in BRICS Countries Committed to the Sustainable Development Goals: Community Engagement and Research Practices,"Daniels, C.E.",2025,10.26803/ijlter.24.12.27,"International Journal of Learning, Teaching and Educational Research",Journal Article,diamond,gold,https://ijlter.org/index.php/ijlter/article/download/15267/pdf,https://ijlter.org/index.php/ijlter/article/download/15267/pdf,cc-by-nc-nd,publishedVersion,False,1,True,False,0,73.4,high
JenCro_2025,Cross-Disciplinary Educator Training Approaches for Education for Sustainable Development in a Post-digital Perspective,"Jensen, M.M.; Georgsen, M.; Pilgaard, M.",2025,10.34190/ecel.24.1.3812,"Proceedings of the European Conference on e-Learning, ECEL",Conference Paper,diamond,gold,https://papers.academic-conferences.org/index.php/ecel/article/download/3812/3810,https://papers.academic-conferences.org/index.php/ecel/article/download/3812/3810,,publishedVersion,False,1,True,False,0,54.6,medium
MotEnv_2025,Envisioning alternative futures through Thinking Skills learning strategies,"Motzfeldt, G.C.; Haggström, M.",2025,10.5617/adno.11330,Acta Didactica Norden,Journal Article,diamond,gold,https://journals.uio.no/adnorden/article/download/11330/10365,https://journals.uio.no/adnorden/article/download/11330/10365,cc-by,publishedVersion,True,2,True,True,0,68.2,medium
CotSus_2026,Sustainability in business and economics education in South African universities: Whose agenda is it?,"Cotton, D.R.E.; Winter, J.; Davis, J.S.; Lindsey-Turner, O.",2026,10.1016/j.ijedro.2025.100531,International Journal of Educational Research Open,Journal Article,gold,gold,,https://doi.org/10.1016/j.ijedro.2025.100531,cc-by,publishedVersion,True,2,True,True,0,55.9,medium
DahEdu_2025,Educating for A Greener Tomorrow: Higher Education’s Role in Teacher Preparation for Climate Change Mitigation in ASEAN,"Dahicho, N.; Zaman, S.",2025,10.56278/asten.vi.3366,Asten Journal of Teacher Education,Journal Article,diamond,gold,https://po.pnuresearchportal.org/ejournal/index.php/asten/article/download/3366/698,https://po.pnuresearchportal.org/ejournal/index.php/asten/article/download/3366/698,cc-by-nc-nd,publishedVersion,False,1,True,False,0,52.0,medium
Li Per_2025,Perspectives on Art Education for Sustainable Development in Higher Education Institutions in Sichuan Province,Li Dong; Thanida Sujarittham; Sarayuth Sethakhajorn; Phatchareephorn Bangkheow; Jintawat Tanamatayarat,2025,nan,International Education Studies,Journal Article,diamond,,,,,,,0,,,0,60.1,medium
